Date,Machine_ID,Machine_Output,Downtime,Shift,Operator,Temperature,Maintenance_Status,Production_Volume
2025-08-06,M04,413,3.1,Morning,OP02,71.6,Up to Date,424
2025-01-20,M07,444,26.4,Afternoon,OP07,60.2,Up to Date,450
2025-09-16,M02,398,34.6,Afternoon,OP06,64.8,Up to Date,407
2025-06-03,M01,449,13.6,Afternoon,OP07,72.8,Up to Date,460
2025-07-17,M01,445,18.5,Afternoon,OP06,70.1,Due Soon,456
2025-12-11,M06,206,268.3,Afternoon,OP09,74.6,Overdue,231
2025-04-23,M06,570,11.1,Morning,OP05,68.1,Up to Date,584
2025-12-15,M01,466,8.2,Night,OP11,63.4,Up to Date,472
2025-07-12,M07,438,11.8,Afternoon,OP07,68.8,Up to Date,447
2025-09-03,M04,399,11.2,Afternoon,OP07,68.0,Up to Date,409
2025-01-06,M04,385,12.7,Night,OP11,61.6,Up to Date,395
2025-07-01,M01,437,14.2,Afternoon,OP06,70.9,Up to Date,447
2025-12-22,M04,378,32.2,Afternoon,OP06,58.8,Up to Date,387
2025-05-03,M03,519,90.6,Afternoon,OP08,70.5,Due Soon,529
2025-08-19,M05,538,10.0,Night,OP13,68.2,Due Soon,552
2025-11-29,M08,390,7.0,Afternoon,OP10,62.7,Up to Date,397
2025-09-05,M04,417,4.6,Afternoon,OP07,69.3,Up to Date,423
2025-04-25,M02,395,27.3,Night,OP11,63.6,Up to Date,403
2025-12-05,M02,,2.6,Afternoon,OP06,61.7,Up to Date,418
25/01/2025,M08,374,14.9,Afternoon,OP08,62.9,Up to Date,381
2025-09-26,M02,404,8.4,Morning,OP02,65.3,Up to Date,407
2025-04-08,M06,609,3.5,Afternoon,OP10,65.4,Up to Date,619
2025-09-29,M03,558,7.6,Afternoon,OP08,75.6,Overdue,590
2025-12-07,M07,451,6.0,Afternoon,OP07,62.2,Up to Date,457
2025-10-13,M06,507,11.6,Morning,OP04,77.2,Overdue,550
2025-06-19,M05,519,14.8,Morning,OP04,69.7,Up to Date,527
2025-03-22,M01,470,9.4,Afternoon,OP07,65.8,Up to Date,479
2025-05-26,M04,387,7.9,Morning,OP01,68.3,Up to Date,395
2025-12-14,M06,225,261.9,Morning,OP04,76.2,Overdue,251
2025-06-10,M01,420,36.7,Night,OP12,70.8,Up to Date,428
2025-09-21,M04,386,30.3,Night,OP12,64.3,Up to Date,389
2025-02-12,M02,410,10.6,Night,OP11,58.2,Up to Date,416
2025-08-09,M08,380,18.4,Afternoon,OP09,74.2,Up to Date,382
2025-11-19,M02,439,7.5,Morning,OP01,59.6,Up to Date,444
2025-03-30,M08,374,15.8,Night,OP14,67.5,Up to Date,378
2025-08-12,M07,396,39.6,Afternoon,OP07,69.7,Up to Date,405
2025-09-16,M04,321,85.4,Morning,OP01,68.3,Up to Date,331
2025-08-19,M07,436,14.6,Morning,OP01,68.8,Up to Date,448
2025-03-10,M01,385,75.9,Night,OP12,65.5,Up to Date,393
2025-03-21,M06,613,12.8,Morning,OP05,67.1,Up to Date,629
2025-08-04,M02,420,9.7,Morning,OP01,64.6,Up to Date,425
2025-05-18,M05,477,11.6,Afternoon,OP08,69.7,Up to Date,491
2025-01-29,M05,516,17.6,Morning,OP05,,Up to Date,526
2025-01-02,M01,443,5.3,Morning,OP01,63.0,Up to Date,459
2025-11-17,M06,317,167.3,Afternoon,OP08,78.3,Overdue,356
2025-02-10,M05,537,2.2,Morning,OP03,63.4,Up to Date,543
2025-06-26,M02,409,4.4,Morning,OP01,68.5,Up to Date,421
2025-01-25,M04,409,7.7,Morning,OP02,60.1,Up to Date,417
2025-06-24,M01,414,47.4,Morning,OP01,68.0,Up to Date,421
2025-05-24,M05,470,33.5,Afternoon,OP08,,Up to Date,474
2025-07-11,M04,396,11.5,Afternoon,OP07,72.3,Due Soon,404
2025-10-10,M02,420,6.4,Night,OP12,65.3,Due Soon,428
2025-06-01,M04,388,13.7,Afternoon,OP06,67.6,Up to Date,394
2025-07-25,M03,604,10.3,Morning,OP04,73.4,Up to Date,621
2025-04-13,M07,435,15.1,Night,OP11,63.8,Up to Date,441
2025-02-15,M06,593,9.2,Morning,OP05,63.9,Due Soon,604
2025-05-21,M08,392,3.3,Morning,OP05,69.9,Up to Date,399
2025-01-16,M01,470,11.8,Afternoon,OP06,63.9,Due Soon,476
2025-07-18,M07,448,1.7,Night,OP12,68.7,Up to Date,454
2025-11-08,M05,512,5.5,Morning,OP04,70.0,Overdue,528
2025-10-18,M08,389,8.6,Morning,OP03,67.3,Due Soon,398
2025-10-17,M01,485,2.0,Afternoon,OP07,68.6,Due Soon,500
2025-02-05,M07,428,3.3,Afternoon,OP07,61.7,Up to Date,439
2025-01-13,M02,421,3.0,Morning,OP02,58.0,Up to Date,434
2025-10-27,M01,458,5.4,Afternoon,OP07,64.0,Up to Date,470
2025-06-20,M05,509,14.0,Night,OP14,68.0,Up to Date,515
2025-08-31,M07,446,7.2,Night,OP12,64.7,Due Soon,455
2025-02-18,M07,444,17.7,Afternoon,OP07,62.3,Up to Date,452
2025-02-06,M04,401,13.9,Morning,OP01,60.6,Up to Date,412
2025-03-08,M08,363,7.8,Afternoon,OP08,64.0,Due Soon,372
2025-11-04,M03,492,18.6,Afternoon,OP08,77.4,Overdue,544
2025-09-08,M04,385,22.8,Morning,OP01,69.7,Up to Date,392
2025-06-17,M04,393,3.4,Morning,OP01,66.4,Up to Date,400
2025-02-20,M07,372,87.6,Night,OP12,59.5,Up to Date,382
2025-09-10,M06,560,2.1,Morning,OP04,74.6,Overdue,600
2025-08-07,M06,554,11.7,Afternoon,OP10,71.0,Overdue,576
2025-08-11,M07,429,2.4,Night,OP11,69.1,Up to Date,440
2025-05-17,M04,396,8.2,Afternoon,OP06,,Up to Date,403
2025-03-31,M05,513,14.2,Morning,OP03,64.7,Up to Date,525
2025-01-17,M06,555,33.3,Morning,OP03,61.7,Due Soon,570
2025-09-08,M05,458,22.7,Night,OP13,73.5,Overdue,473
2025-01-06,M03,604,7.9,Night,OP15,67.0,Up to Date,608
2025-11-27,M05,509,4.6,Afternoon,OP08,65.8,Up to Date,519
2025-12-07,M04,403,0.6,morning,OP02,60.3,Up to Date,411
2025-12-02,M07,449,3.8,Night,OP12,61.0,Up to Date,457
2025-04-14,M07,435,4.6,Morning,OP01,63.3,Up to Date,451
2025-11-27,M06,400,94.1,Morning,OP03,77.3,Overdue,444
2025-05-10,M05,529,4.9,Morning,OP05,68.6,Up to Date,535
2025-08-13,M03,579,22.8,Night,OP14,,Due Soon,596
2025-10-27,M05,504,5.6,Afternoon,OP09,71.3,Overdue,519
2025-02-02,M08,392,14.2,Morning,OP03,63.1,Up to Date,396
2025-05-29,M06,602,5.8,Afternoon,OP10,,Up to Date,610
2025-02-21,M01,469,9.8,Morning,OP01,63.8,Up to Date,476
2025-09-07,M02,424,0.8,Night,OP12,65.9,Up to Date,428
2025-09-24,M04,388,21.9,Night,OP12,67.5,Up to Date,397
2025-07-29,M06,508,23.2,Night,OP14,71.2,Overdue,527
2025-05-13,M04,382,12.2,Afternoon,OP06,67.6,Due Soon,390
2025-04-11,M03,570,19.7,Night,OP13,65.1,Up to Date,576
2025-12-25,M08 ,374,14.1,Morning,OP05,65.2,Up to Date,382
2025-06-13,M03,592,13.6,Afternoon,OP10,73.8,Up to Date,605
2025-03-18,M08,390,4.3,Afternoon,OP08,66.3,Up to Date,401
2025-09-09,M03,589,18.8,Night,OP13,71.6,Overdue,611
2025-03-28,M04,390,15.1,Afternoon,OP07,64.9,Up to Date,397
2025-04-02,M06,611,7.7,Morning,OP04,62.1,Up to Date,623
2025-02-16,M04,379,21.2,Afternoon,OP06,65.3,Up to Date,388
2025-08-25,M01,445,26.9,Night,OP11,68.0,Up to Date,450
2025-09-26,M05,547,11.5,Morning,OP05,67.6,Up to Date,561
2025-04-10,M06,647,0.8,Morning,OP03,65.5,Up to Date,655
2025-01-12,M05,495,12.6,Night,OP15,61.0,Up to Date,501
2025-07-10,M06,588,9.1,Night,OP13,67.1,Up to Date,597
2025-01-17,M07,445,34.9,Afternoon,OP07,62.6,Up to Date,450
2025-07-25,M07,446,5.4,Morning,OP01,66.6,Due Soon,461
2025-09-03,M06,531,19.1,afternoon,OP09,76.5,Overdue,564
2025-02-16,M03,586,32.9,Night,OP14,64.1,Up to Date,600
2025-02-16,M02,437,8.2,Morning,OP02,56.8,Up to Date,447
2025-08-17,M08,393,8.4,Morning,OP04,67.8,Due Soon,403
2025-04-11,M05,437,53.9,Night,OP15,63.9,Due Soon,449
2025-04-15,M08,378,25.4,Morning,OP04,64.1,Due Soon,384
2025-05-19,M02,443,1.9,Morning,OP02,65.0,Up to Date,447
2025-11-23,M03,510,11.7,Night,OP13,76.8,Overdue,566
2025-08-15,M03,625,10.5,Afternoon,OP09,74.3,Overdue,641
2025-05-21,M06,253,280.1,Afternoon,OP08,70.9,Up to Date,256
2025-06-23,M03 ,600,8.1,Night,OP14,72.4,Up to Date,609
2025-11-02,M06,344,152.1,Afternoon,OP10,77.7,Overdue,376
2025-12-18,M01,464,14.0,Night,OP12,62.2,Due Soon,474
2025-01-27,M08,366,13.2,Night,OP15,63.5,Up to Date,376
2025-09-26,M08,392,6.1,Morning,OP04,66.8,Up to Date,398
2025-04-16,M05,347,171.6,Morning,OP03,66.5,In Progress,355
2025-05-06,M01,456,10.5,Morning,OP01,68.8,Up to Date,464
2025-05-28,M08,385,8.8,Afternoon,OP09,70.6,Up to Date,391
2025-02-01,M03,585,25.8,Night,OP15,62.7,Up to Date,598
2025-07-24,M01,442,22.7,Afternoon,OP07,72.8,Up to Date,450
2025-10-23,M05,498,2.5,Afternoon,OP08,72.1,Overdue,514
2025-03-08,M06,600,8.7,Morning,OP04,64.5,Up to Date,615
2025-04-19,M07,427,17.3,Night,OP11,63.8,Up to Date,432
2025-10-13,M07,436,11.3,Afternoon,OP06,64.5,Up to Date,445
2025-01-15,M03,596,7.1,Night,OP13,59.1,Up to Date,612
2025-08-12,M02,419,8.7,Afternoon,OP07,65.2,Due Soon,428
2025-03-08,M04,391,10.0,Afternoon,OP06,64.8,Up to Date,400
2025-10-17,M01,444,9.7,Morning,OP01,67.2,Due Soon,456
2025-04-03,M03,622,0.7,Afternoon,OP10,64.2,Up to Date,628
2025-12-18,M06,143,335.5,Morning,OP03,78.6,Overdue,162
13/12/2025,M05,461,54.6,Afternoon,OP08,63.9,Due Soon,468
2025-03-14,M06,571,9.9,Night,OP13,61.4,Up to Date,580
2025-08-14,M07,421,30.6,Afternoon,OP06,70.5,Up to Date,427
2025-12-29,M07,390,34.9,Night,OP11,60.6,Up to Date,401
2025-09-18,M03,586,5.9,Morning,OP03,76.8,Overdue,627
2025-12-31,M02,397,21.3,Morning,OP01,60.7,Up to Date,403
2025-02-19,M02,409,12.4,Night,OP11,60.4,Due Soon,413
2025-05-09,M04,385,10.4,Morning,OP01,67.3,Due Soon,395
2025-01-14,M06,622,4.4,Morning,OP05,60.0,Due Soon,636
2025-11-09,M02,413,6.0,Night,OP12,64.3,Due Soon,425
2025-11-09,M04,400,6.9,Afternoon,OP06,64.1,Due Soon,410
2025-11-27,M04,382,15.0,Afternoon,OP07,64.4,Up to Date,397
2025-11-22,M08,309,96.4,Night,OP14,64.2,Up to Date,311
2025-08-04,M06,588,4.7,Night,OP13,71.5,Overdue,601
2025-06-07,M04,382,11.1,Night,OP12,68.3,Up to Date,390
2025-09-29,M04,393,17.2,Afternoon,OP06,70.7,Up to Date,401
2025-02-05,M05,492,10.2,Night,OP15,59.2,Up to Date,501
2025-10-16,M05,538,3.2,Afternoon,,69.4,Due Soon,554
2025-09-30,M05,487,15.4,Night,OP13,65.8,Up to Date,502
2025-08-06,M08,387,8.2,Morning,OP04,73.0,Up to Date,395
2025-02-12,M07,426,10.3,Afternoon,OP06,63.2,Up to Date,432
2025-09-11,M01,460,4.3,Morning,OP02,71.4,Up to Date,473
2025-05-14,M06,571,10.1,Night,OP15,69.0,Due Soon,583
2025-01-25,M06,565,11.8,Night,OP13,58.2,Up to Date,577
2025-12-03,M07,430,16.9,Morning,OP02,63.8,Up to Date,439
2025-04-17,M04,376,20.9,Night,OP11,66.4,Up to Date,387
2025-02-27,M05,527,3.7,Morning,OP04,63.1,Up to Date,537
2025-07-26,M06,414,160.0,Afternoon,OP10,72.4,Overdue,425
2025-04-17,M02,440,1.3,Night,OP12,62.7,Up to Date,447
2025-01-03,M04,395,1.2,Afternoon,OP07,61.6,Up to Date,402
2025-09-15,M03,549,2.9,Night,OP13,77.6,Overdue,580
2025-03-26,M07,445,7.1,Night,OP11,62.0,Up to Date,454
2025-03-09,M03,584,8.3,Night,OP14,67.5,Due Soon,590
2025-05-27,M06,592,,Afternoon,OP09,70.0,Up to Date,599
2025-01-02,M05,468,22.4,Night,OP15,66.3,Up to Date,481
2025-07-07,M04,392,21.6,Afternoon,OP06,69.4,Up to Date,398
2025-05-25,M07,443,26.1,Afternoon,OP07,68.1,Up to Date,448
2025-02-01,M07,438,22.4,Afternoon,OP07,60.9,Up to Date,448
2025-12-11,M04,386,21.5,Afternoon,OP06,,Due Soon,395
2025-05-23,M05,518,16.0,Morning,OP03,69.3,Up to Date,526
11/11/2025,M04,351,43.6,Night,OP12,61.6,Due Soon,358
2025-12-08,M08,344,8.2,Night,OP14,59.4,Up to Date,350
2025-09-19,M04,407,4.7,Afternoon,OP07,67.7,Up to Date,415
2025-09-11,M08,358,5.4,Night,OP13,69.0,Up to Date,365
2025-03-17,M03,625,22.0,Morning,OP03,66.4,Up to Date,630
2025-02-28,M06,172,339.1,Night,OP15,61.7,Up to Date,177
2025-09-18,M07,426,3.4,Night,OP11,66.9,Up to Date,436
2025-06-26,M02,412,19.9,Afternoon,OP07,66.3,Up to Date,419
2025-11-05,M02,416,3.8,Afternoon,OP07,63.4,Up to Date,428
2025-08-31,M03,417,133.9,Night,OP13,70.6,Overdue,433
2025-05-18,M08,387,6.3,Night,OP13,65.7,Up to Date,398
2025-09-06,M08,367,7.0,Afternoon,OP08,69.6,Up to Date,375
2025-09-02,M03,568,5.9,Night,OP13,79.5,Overdue,597
2025-06-15,M02,410,19.9,Morning,OP01,66.5,Up to Date,419
2025-03-30,M03,620,7.5,Afternoon,OP10,70.0,Up to Date,626
2025-02-16,M02,391,20.5,Night,OP12,57.4,Up to Date,400
2025-06-11,M04,405,14.6,Afternoon,OP07,68.2,Due Soon,413
2025-02-15,M03,626,15.2,Morning,OP05,62.9,Up to Date,644
2025-01-18,M03,560,55.3,Afternoon,OP08,65.7,Up to Date,568
2025-08-11,M07,427,10.0,Afternoon,OP06,67.5,Up to Date,439
2025-09-17,M06,560,12.1,Morning,OP03,74.3,Overdue,589
12/12/2025,M08,376,9.4,Afternoon,OP10,64.7,Up to Date,382
2025-07-24,M02,404,8.0,Night,OP12,66.1,Up to Date,412
2025-04-16,M03,619,6.0,Morning,OP04,65.5,Up to Date,635
2025-03-26,M01,426,23.1,Night,OP11,66.3,Up to Date,437
2025-10-20,M06,353,154.7,AFTERNOON,OP08,78.4,Overdue,390
2025-10-05,M08,363,8.9,Night,OP15,67.5,Up to Date,374
2025-07-17,M08,373,5.9,Night,OP13,70.5,Up to Date,382
2025-10-23,M01,466,5.8,Afternoon,OP07,68.8,Up to Date,475
2025-03-23,M02,397,20.1,night,OP11,62.2,up to date,405
2025-11-25,M07,436,4.5,Morning,OP01,60.4,Due Soon,446
2025-10-17,M08,368,13.1,NIGHT,OP15,67.8,Due Soon,373
2025-06-26,M05,496,7.1,Night,OP13,71.3,Up to Date,512
21/02/2025,M02,398,43.1,Afternoon,OP06,58.9,Up to Date,406
2025-02-15,M07,440,11.9,Afternoon,OP06,63.8,Up to Date,445
2025-09-28,M04,417,6.8,Afternoon,OP06,69.6,Up to Date,424
2025-03-21,M07,457,15.6,Afternoon,OP06,66.3,Up to Date,469
2025-05-25,M04,370,22.5,Afternoon,OP06,67.7,Up to Date,375
2025-10-27,M07,437,14.1,Night,OP11,65.9,Due Soon,447
2025-09-19,M08,377,5.8,Afternoon,OP08,71.1,Due Soon,385
2025-02-01,M03,604,13.8,Afternoon,OP08,60.4,Up to Date,614
2025-09-24,M07,443,9.5,Morning,OP02,67.6,Up to Date,450
2025-07-31,M01,443,26.4,Morning,OP02,70.7,Up to Date,452
2025-06-16,M06,538,23.1,Night,OP13,72.5,Due Soon,552
2025-10-18,M04,374,15.2,Night,OP11,64.9,Up to Date,382
2025-03-20,M07,429,14.9,Morning,OP02,60.4,Up to Date,434
2025-01-28,M07,449,3.1,Morning,OP02,60.6,Due Soon,456
2025-08-25,M06,539,13.1,Night,OP15,73.9,Overdue,566
2025-06-23,M02,414,8.2,Afternoon,OP06,68.9,Up to Date,422
2025-10-25,M02,412,23.8,Afternoon,OP06,59.5,Up to Date,416
2025-01-22,M08,401,1.7,afternoon,OP09,65.2,Up to Date,407
2025-07-02,M02,409,15.9,Night,OP11,68.1,Up to Date,418
2025-10-31,M04,387,8.2,Afternoon,OP07,65.1,Up to Date,394
2025-09-05,M03,555,12.1,Night,OP14,72.5,Overdue,578
04/01/2025,M03,578,24.0,Morning,OP04,64.9,Up to Date,597
2025-01-10,M03,624,2.0,Afternoon,OP09,67.5,Up to Date,636
2025-05-20,M05,472,33.3,Night,OP13,,Up to Date,484
2025-03-17,M08,400,12.0,Morning,OP05,62.6,Up to Date,405
2025-03-29,M05,517,6.7,Night,OP14,66.0,Up to Date,527
2025-06-14,M01,425,20.4,Morning,OP02,70.0,Up to Date,438
2025-04-08,M06,581,4.0,Morning,OP04,64.7,Up to Date,595
2025-03-03,M04,382,17.9,Morning,OP02,60.8,Up to Date,390
2025-05-23,M02,412,4.8,Afternoon,OP06,66.1,Up to Date,425
2025-04-21,M05,530,12.7,Afternoon,OP09,67.8,Up to Date,540
2025-11-15,M01,453,20.0,Afternoon,OP06,62.9,Due Soon,466
2025-01-16,M05,525,20.3,Morning,OP03,62.1,Up to Date,535
2025-10-02,M03,567,9.8,Afternoon,OP10,76.7,Overdue,600
2025-03-18,M04,404,7.8,Morning,OP01,60.8,Up to Date,411
2025-01-11,M06,549,8.3,Night,OP15,65.1,Up to Date,558
2025-12-12,M05,465,47.3,Night,OP14,64.6,Due Soon,476
2025-05-21,M05,536,4.9,Morning,OP05,65.9,Up to Date,553
2025-10-16,M08,298,130.5,Morning,OP03,66.9,Due Soon,301
2025-12-11,M07,429,9.6,Afternoon,OP06,60.7,Up to Date,440
2025-11-17,M07,434,8.4,Morning,OP01,63.9,Up to Date,442
2025-02-12,M01,431,41.5,Night,OP11,64.3,Up to Date,441
2025-06-01,M06,547,26.2,Afternoon,OP10,69.3,Up to Date,562
2025-06-02,M01,439,18.1,Night,OP11,67.5,Up to Date,448
2025-01-27,M03,623,3.6,Night,OP13,66.4,Up to Date,638
2025-01-20,M05,499,13.0,Morning,OP03,63.4,Up to Date,512
2025-11-19,M04,386,12.0,Night,OP11,64.4,Up to Date,394
2025-05-31,M02,413,26.1,Morning,OP01,65.1,Up to Date,422
2025-02-27,M01,481,10.4,Afternoon,OP06,65.0,Up to Date,493
2025-06-04,M03,622,19.0,Night,OP13,69.5,Due Soon,631
2025-12-12,M03,447,57.9,Afternoon,OP09,81.7,Overdue,509
2025-11-24,M02,418,13.8,Afternoon,OP07,61.0,Up to Date,425
2025-12-27,M02,408,17.7,Afternoon,OP06,60.1,Up to Date,418
2025-11-09,M07,411,18.9,Night,OP11,66.4,Up to Date,422
2025-06-03,M03,620,2.1,Morning,OP05,71.3,Due Soon,632
2025-12-13,M01,454,12.7,Morning,OP01,63.7,Up to Date,464
2025-04-23,M07,431,16.1,Night,OP11,64.9,Up to Date,441
05/07/2025,M07,431,13.7,Night,OP12,68.7,Up to Date,438
2025-12-15,M05,536,9.0,Morning,OP05,66.8,Due Soon,548
2025-09-10,M02,433,5.0,Night,OP12,64.1,Due Soon,444
2025-03-18,M02,390,14.4,Morning,OP02,61.3,Due Soon,402
2025-09-17,M02,403,11.7,Night,OP11,64.6,Up to Date,410
2025-04-18,M06,596,4.0,Morning,OP03,68.9,Up to Date,607
2025-03-24,M04,384,17.4,Afternoon,OP06,64.7,Up to Date,393
2025-04-08,M05,531,10.7,Afternoon,OP09,64.1,Up to Date,544
2025-04-10,M02,401,12.9,Morning,OP02,64.8,Up to Date,414
2025-02-18,M07,429,14.0,Morning,OP02,62.7,Up to Date,435
2025-02-03,M07,451,3.9,Morning,OP02,61.8,Up to Date,457
2025-08-26,M-06,528,15.3,Night,OP15,71.2,Overdue,547
2025-12-28,M07,421,21.5,Morning,OP01,61.0,Due Soon,432
2025-02-23,M02,429,0.3,Morning,OP02,61.2,Up to Date,434
2025-06-14,M07,449,4.6,Morning,OP02,66.4,Up to Date,460
2025-03-25,M03,592,4.3,Night,OP14,,Up to Date,603
2025-01-22,M01,283,191.5,Morning,OP02,62.2,In Progress,290
2025-09-13,M02,414,15.3,Night,OP12,65.3,Due Soon,424
2025-11-08,M08,380,20.1,Morning,OP03,67.1,Up to Date,387
2025-01-21,M01,466,4.7,Afternoon,OP07,66.1,Overdue,473
2025-09-10,M01,478,1.4,morning,OP01,67.4,Up to Date,490
2025-11-16,M05,495,4.5,Night,OP14,64.4,Up to Date,505
2025-10-11,M06,371,149.0,Morning,OP05,74.9,Overdue,402
2025-03-23,M08,362,9.7,Afternoon,OP08,64.3,Up to Date,368
2025-09-19,M06,,2.2,Night,OP14,74.4,Overdue,566
2025-05-18,M02,392,41.1,Morning,OP01,66.8,Up to Date,397
2025-02-25,M06,588,13.2,Morning,OP05,61.9,Up to Date,601
2025-12-25,M04,387,15.8,morning,OP02,64.6,Up to Date,394
2025-12-29,M07,390,34.9,Night,OP11,60.6,Up to Date,401
2025-06-13,M04,389,5.2,Night,OP11,67.0,Due Soon,396
2025-03-24,M05,498,22.0,Morning,OP03,64.1,Up to Date,507
2025-07-15,M04,393,11.1,Night,OP11,68.8,Up to Date,395
2025-09-10,M05,466,12.7,Night,OP14,69.1,Overdue,482
2025-12-12,M03,302,197.5,Morning,OP03,80.5,Overdue,339
2025-05-22,M07,418,14.7,Night,OP12,68.7,Up to Date,430
2025-12-08,M06,469,10.6,Afternoon,OP08,79.3,Overdue,533
2025-09-16,M07,445,6.0,Night,OP12,67.1,Up to Date,457
2025-10-01,M01,453,10.2,Afternoon,OP07,69.9,Up to Date,462
2025-11-23,M01,468,1.8,Afternoon,OP06,64.0,Up to Date,475
2025-12-20,M05,466,8.6,Night,OP15,65.6,Overdue,481
2025-07-22,M03,601,9.5,Afternoon,OP08,71.7,Up to Date,610
2025-03-08,M03,576,9.7,Night,OP13,64.8,Due Soon,591
2025-06-21,M04,480.7,6.9,Afternoon,OP06,71.1,Up to Date,418
2025-04-28,M06,603,6.0,Morning,OP05,71.3,Up to Date,612
2025-08-12,M04,381,9.8,Afternoon,OP06,69.1,Due Soon,387
2025-06-28,M04,364,38.7,Afternoon,OP07,70.1,Up to Date,370
2025-10-18,M01,457,12.0,Morning,OP01,68.0,Due Soon,468
2025-09-19,M01,451,13.5,Morning,OP02,68.2,Up to Date,463
27/03/2025,M04,387,14.4,Night,OP11,64.4,Up to Date,401
2025-10-22,M05,497,11.8,Morning,OP04,66.8,Overdue,508
2025-07-16,M08,378,7.3,Night,OP14,,Due Soon,384
2025-11-20,M08,360,46.1,Night,OP14,65.7,Up to Date,365
2025-09-20,M-08,368,6.5,Night,OP15,72.6,Up to Date,377
2025-05-18,M04,388,34.6,Afternoon,OP07,67.7,Up to Date,397
2025-04-02,M05,510,9.9,Afternoon,OP09,68.4,Up to Date,524
2025-04-27,M03,607,10.5,Afternoon,OP10,67.4,Up to Date,622
2025-10-30,M02,406,20.3,Night,OP11,62.0,Up to Date,415
2025-04-25,M06,569,20.9,NIGHT,OP13,66.0,Up to Date,582
2025-08-18,M01,442,14.4,Morning,OP01,69.7,Due Soon,454
2025-11-28,M06,330,163.7,Afternoon,OP09,80.1,Overdue,368
2025-10-30,M04,352,56.9,Afternoon,OP07,65.7,Up to Date,365
2025-11-17,M07,433,33.8,Afternoon,OP07,64.1,Up to Date,441
2025-12-01,M06,487,2.3,Morning,OP03,73.9,Overdue,543
2025-01-27,M04,376,37.7,Morning,OP01,59.4,Up to Date,381
2025-06-13,M01,461,10.5,Morning,OP01,68.3,Up to Date,469
2025-05-30,M08,360,14.0,Night,OP13,69.5,Up to Date,368
2025-07-06,M02,370,68.0,Morning,OP01,67.3,Due Soon,378
2025-06-24,M02,402,7.9,Night,OP12,63.6,Up to Date,409
2025-11-27,M03,508,7.4,Morning,OP04,78.3,Overdue,572
2025-08-18,M03,570,14.6,Night,OP14,73.5,Overdue,586
2025-08-28,M02,417,15.6,Afternoon,OP07,66.4,up to date,424
2025-09-15,M05,507,22.1, Morning ,OP04,66.0,Up to Date,520
2025-11-15,M02,309,130.3,Morning,OP02,62.4,In Progress,315
2025-04-15,M07,416,23.4,Morning,OP02,64.8,Up to Date,425
2025-12-08,M05,521,5.4,Morning,OP04,62.4,Due Soon,531
2025-01-15,M04,388,18.9,afternoon,OP07,64.0,Up to Date,398
2025-08-05,M01,455,15.5,Night,OP11,70.5,Up to Date,465
2025-08-17,M02,401,40.1,Night,OP12,66.1,Up to Date,410
2025-07-07,M-02,396,26.2,Morning,OP02,67.3,Due Soon,403
2025-07-16,M07,417,51.2,Morning,OP02,67.2,Up to Date,425
2025-07-04,M07,428,9.7,Afternoon,OP07,68.3,Up to Date,436
2025-11-11,M04,393,15.5, Morning ,OP01,59.2,Due Soon,403
2025-05-11,M07,420,12.0,Afternoon,OP06,67.5,Up to Date,432
2025-11-17,M08,321,71.6,Night,OP13,64.9,Due Soon,328
2025-07-02,M08,390,15.3,Morning,OP03,71.4,Up to Date,395
2025-01-17,M04,382,4.5,Afternoon,OP06,62.6,Up to Date,391
2025-07-30,M06,572,16.4,Morning,OP04,72.9,Overdue,592
2025-01-15,M06,569,18.4,Night,OP15,61.7,Due Soon,582
2025-01-15,M08,377,26.6,Morning,OP04,62.5,up to date,386
2025-02-17,M07,434,7.4,Afternoon,OP06,64.3,Up to Date,449
2025-11-27,M08,389,9.6,Morning,OP04,62.5,Up to Date,396
2025-07-25,M-06,434,125.2,Night,OP13,70.5,Due Soon,447
2025-08-22,M08,228,195.5,Night,OP14,72.4,Up to Date,233
2025-12-06,M05,489,7.7,Night,OP14,63.6,Due Soon,498
2025-06-29,M02,419,4.1,Night,OP12,65.7,Up to Date,434
2025-12-11,M01,444,6.5,Night,OP12,64.9,Up to Date,455
2025-09-23,M-05,508,25.8,Morning,OP05,67.4,Up to Date,517
2025-02-03,M07,443,16.4,Afternoon,OP07,62.1,Up to Date,450
2025-06-29,M01,445,26.5,Afternoon,OP06,73.2,Up to Date,457
2025-08-28,M06,516,27.0,Afternoon,OP09,78.1,Overdue,545
2025-11-08,M06,359,121.0,Afternoon,OP08,78.6,Overdue,402
2025-05-18,M03,542,39.2,Night,OP15,68.1,Up to Date,553
2025-02-13,M06,571,4.4,Night,OP14,61.9,Up to Date,584
2025-07-22,M08,365,11.2,Afternoon,OP10,72.1,Up to Date,373
2025-06-24,M01,474,1.4,Night,OP12,73.4,Up to Date,481
2025-05-02,M01,451,21.7,Morning,OP02,68.9,Up to Date,456
2025-10-05,M07,411,3.5,Morning,OP02,62.8,Up to Date,419
2025-01-14,M03,619,12.8,Afternoon,OP09,65.6,Up to Date,635
2025-04-13,M06,576,39.2,Afternoon,OP08,63.7,Due Soon,582
2025-06-20,m02,436,1.4,Afternoon,OP07,68.2,Up to Date,443
2025-06-14,M07,443,3.5,Night,OP12,69.0,Up to Date,453
2025-10-27,M08,285,127.2,Afternoon,OP10,65.5,Up to Date,289
2025-11-18,M03,235,274.5,Morning,OP03,76.8,Overdue,258
2025-09-04,M02,363,72.8,Night,OP11,,Up to Date,372
2025-03-26,M06,600,5.2,Morning,OP03,65.3,Up to Date,614
2025-10-28,M03,355,154.3,Night,OP15,77.7,Overdue,387
2025-10-25,M06,428,66.8,Morning,OP05,76.0,Overdue,472
2025-06-30,M05,479,8.8,Night,OP14,70.5,Up to Date,491
2025-01-31,M08,395,4.7,Night,OP14,62.1,Up to Date,400
2025-02-06,M03,599,5.4,Afternoon,OP09,65.6,Due Soon,613
2025-11-30,M04,357,52.2,Night,OP11,60.3,Up to Date,365
2025-04-26,M02,429,5.2,Afternoon,OP06,63.4,Up to Date,437
2025-08-24,M07,424,13.2,Afternoon,OP06,70.8,Up to Date,433
2025-06-16,M02,430,2.9,Night,OP11,69.3,Up to Date,437
2025-10-21,M02,407,17.9,Afternoon,OP07,64.8,Up to Date,413
2025-12-26,M02,421,16.3,afternoon,OP06,58.6,Up to Date,432
2025-10-02,M06,524,16.8,Morning,OP05,77.0,Overdue,564
2025-07-26,M01,447,22.0,Night,OP11,73.7,Up to Date,457
2025-11-08,M07,445,3.0,Night,OP12,63.8,Up to Date,451
2025-07-26,M01,454,8.3,Afternoon,OP06,70.8,Up to Date,463
2025-06-09,M03,635,9.9,Night,OP14,72.7,Up to Date,644
2025-12-14,M06,304,167.0,Night,OP14,76.0,Overdue,339
2025-08-28,M07,425,16.7,Night,OP12,66.3,Due Soon,436
2025-01-29,M07,405,26.8,Afternoon,OP06,60.7,Due Soon,416
2025-02-20,M01,460,15.6,Morning,OP02,65.5,Up to Date,465
2025-03-29,M04,382,9.9,Night,OP12,65.5,Up to Date,391
2025-05-10,M06,573,10.7,Morning,OP05,65.7,Up to Date,586
2025-12-31,M04,385,21.5,Morning,OP01,60.7,Up to Date,391
2025-06-17,M04,379,16.4,Night,OP12,65.6,Up to Date,386
2025-06-25,M03,564,13.2,Night,OP15,72.4,Up to Date,575
2025-02-24,M08,390,3.3,Morning,OP05,63.9,Up to Date,400
2025-04-05,M05,536,11.2,Morning,OP03,66.5,Up to Date,549
2025-11-13,M04,396,10.6,Afternoon,OP06,67.1,Due Soon,399
2025-07-28,M08,395,0.9,Night,OP13,71.4,Up to Date,401
2025-03-07,M06,561,22.5,Morning,OP04,62.8,Up to Date,575
2025-01-27,M06,613,13.8,Morning,OP04,64.2,Up to Date,623
2025-05-19,M06,575,16.7,NIGHT,OP14,64.1,Up to Date,586
2025-07-18,M06,567,16.8,Afternoon,OP08,73.7,Due Soon,577
2025-06-26,M05,485,10.3,Afternoon,OP09,69.5,Up to Date,499
2025-09-28,M03,517,600.0,Night,OP15,75.8,Overdue,552
2025-04-03,M02,447,5.0,Afternoon,OP06,63.6,Up to Date,455
2025-03-02,M01,461,5.9,Afternoon,OP07,66.2,Up to Date,468
2025-06-18,M01,431,29.4,Night,OP12,70.6,Due Soon,438
2025-12-31,M08,355,9.4,Night,OP13,63.2,Up to Date,362
2025-04-19,M06,589,6.7,Afternoon,OP10,65.3,Up to Date,607
2025-11-12,M04,395,27.4,Night,OP11,64.1,Due Soon,402
2025-09-26,M04,390,7.3,Afternoon,OP06,68.8,Up to Date,401
2025-05-08,M03,606,8.0,Afternoon,OP08,69.5,Up to Date,617
2025-02-18,M03,629,4.5, Morning ,OP04,64.4,Up to Date,641
2025-08-01,M07,,30.7,Afternoon,OP07,69.3,Up to Date,432
2025-12-04,M05,488,6.5,Night,OP14,65.5,Up to Date,500
2025-07-14,M01,426,26.6,Afternoon,OP07,70.6,Up to Date,436
2025-12-09,M08,383,3.9,Morning,OP05,60.6,Up to Date,389
2025-06-22,M07,445,11.6,Afternoon,OP07,68.5,Up to Date,454
2025-05-14,M05,500,13.1,Morning,OP03,64.9,Due Soon,507
2025-08-02,M03,589,18.4,Night,OP13,68.3,Up to Date,601
2025-10-31,M04,368,23.7,Morning,OP01,63.6,Up to Date,374
2025-10-10,M02,412,3.5,Afternoon,OP06,64.3,Due Soon,423
2025-04-08,M01,457,10.9,Morning,OP01,64.3,Up to Date,471
2025-06-16,M01,449,18.7,Morning,OP02,70.6,Due Soon,458
2025-08-26,M01,426,34.4,Morning,OP01,67.1,Up to Date,437
2025-03-12,M07,430,22.8,Night,OP11,59.7,Up to Date,440
2025-07-29,M04,394,17.8,Night,OP11,66.1,Up to Date,399
2025-10-07,M06,515,8.7,Morning,OP05,78.3,Overdue,556
2025-05-11,M07,463,8.4,Morning,OP01,64.4,Up to Date,473
2025-01-19,M03,624,8.0,Afternoon,OP09,65.4,Up to Date,631
2025-04-27,M04,392,20.5,Afternoon,OP07,67.0,Up to Date,400
2025-01-10,M03,618,7.2,Morning,OP04,61.9,Up to Date,628
2025-06-20,M05,431,63.6,Afternoon,OP08,71.5,Up to Date,439
22/03/2025,M01,447,29.7,Morning,OP02,65.4,Up to Date,452
2025-08-05,M03,602,5.3,Night,OP14,70.2,Due Soon,614
2025-08-07,M04,394,5.3,Night,OP12,70.0,Up to Date,403
2025-04-06,M06,541,29.8,Afternoon,OP10,66.6,Up to Date,557
2025-09-04,M08,359,4.2,Night,OP13,68.7,Up to Date,366
2025-10-23,M08,370,9.6,Afternoon,OP08,70.9,Up to Date,374
2025-05-29,M06,590,20.4,Morning,OP05,71.5,Up to Date,606
2025-12-13,M06,29,450.0,Night,OP15,76.5,Overdue,32
2025-06-08,M08,374,18.9,Night,OP13,72.6,Up to Date,382
2025-05-12,M01,430,24.4,Morning,OP01,70.0,Up to Date,437
2025-02-28,M01,451,8.8,Night,OP12,61.8,Up to Date,460
2025-07-09,M04,393,12.0,Morning,OP01,71.9,Up to Date,403
2025-05-06,M01,361,105.2,Afternoon,OP06,63.7,Up to Date,365
2025-12-13,M01,457,16.1,Night,OP12,63.7,Up to Date,464
2025-05-19,M03,625,23.2,Morning,OP03,71.0,Up to Date,638
2025-05-13,M08,345,56.4,Morning,OP05,68.2,Due Soon,353
2025-03-02,M08,366,27.2,Afternoon,OP09,68.7,Up to Date,373
2025-03-12,M07,433,11.9,Afternoon,OP06,63.4,Up to Date,445
2025-05-13,M07,423,35.4,Morning,OP01,67.2,Up to Date,429
2025-04-08,M08,381,5.3,Afternoon,OP09,64.8,Up to Date,388
2025-01-22,m06,574,16.9,Afternoon,OP10,64.4,Up to Date,578
2025-09-13,M03,582,19.9,Morning,OP04,72.3,Overdue,608
2025-03-02,M03,647,11.8,Morning,OP03,64.3,up to date,657
2025-11-19,M08,379,20.5,Morning,OP05,63.1,Due Soon,384
2025-05-04,M02,,4.4,Afternoon,OP07,64.6,Up to Date,430
2025-02-26,M01,447,14.6,Morning,OP01,60.4,Up to Date,461
2025-03-15,M04,368,24.5,Night,OP11,61.7,Due Soon,374
2025-08-05,M07,395,54.2,Night,OP12,65.2,Up to Date,404
2025-02-06,M01,462,6.0,Night,OP11,64.4,Up to Date,471
2025-08-07,M06,557,14.2,Night,OP13,68.8,Overdue,578
2025-07-14,M03,617,18.8,Afternoon,OP10,70.7,Up to Date,629
2025-09-18,M04,408,16.1,Night,OP12,64.1,Up to Date,418
2025-05-06,m04,390,20.4,Morning,OP02,62.4,Up to Date,399
2025-04-03,M06,596,22.9,Afternoon,OP09,66.2,Up to Date,612
2025-06-05,M06,608,17.0,Afternoon,OP09,72.4,Up to Date,614
2025-11-26,M07,434,12.3,Night,OP12,64.5,Due Soon,441
2025-11-05,M07,433,12.1,Night,OP11,67.3,Up to Date,443
2025-05-30,M07,399,34.8,Morning,OP02,66.3,Due Soon,411
2025-02-11,M06,586,4.9,Afternoon,OP10,65.0,Up to Date,593
2025-08-21,M02,440,1.8,Afternoon,OP06,65.4,Up to Date,445
2025-05-05,M07,426,24.4,Night,OP12,63.3,Up to Date,435
2025-12-25,M01,446,20.7,Afternoon,OP07,64.3,Up to Date,456
2025-12-12,M06,451,19.5,Night,OP15,75.3,Overdue,505
2025-10-21,M07,432,17.5,Night,OP12,65.4,Up to Date,444
2025-06-30,M02,418,14.1,Afternoon,OP07,66.8,Up to Date,428
2025-11-06,M08,370,17.7,Morning,OP05,64.7,Up to Date,379
2025-04-28,M08,379,12.7,Afternoon,OP08,67.4,Up to Date,386
2025-09-19,M07,450,9.9,Morning,OP01,64.8,Up to Date,460
2025-12-05,M01,440,0.9,Morning,OP02,65.8,Up to Date,446
2025-08-11,M02,404,13.7,Night,OP11,65.8,Due Soon,408
2025-12-06,M03,459,33.8,Night,OP14,75.7,Overdue,511
2025-05-18,M02,409,14.1,Night,OP12,63.5,Up to Date,418
2025-05-01,M06,575,26.3,Morning,OP03,64.4,Up to Date,586
2025-06-11,M06,545,32.7,Night,OP15,69.6,Up to Date,549
2025-05-07,M07 ,418,10.8,Morning,OP02,68.3,Up to Date,428
2025-07-21,M08,331,79.2,Morning,OP03,69.6,Up to Date,337
2025-05-06,M08,387,3.2,Afternoon,OP10,71.4,Up to Date,394
2025-04-27,M01,439,25.9,Morning,OP02,66.2,Up to Date,444
2025-07-20,M07,452,4.4,Afternoon,OP06,68.9,Up to Date,461
2025-03-24,M07,435,6.1,Morning,OP02,60.0,Up to Date,445
23/11/2025,M06,485,6.4,Night,OP13,80.7,Overdue,541
2025-08-09,M04,380,23.8,Afternoon,OP07,71.1,Due Soon,388
2025-05-27,M05,508,1.0,Morning,OP03,70.3,Up to Date,522
2025-12-08,M01,434,10.2,Morning,OP01,62.2,Up to Date,446
2025-08-30,M05,488,13.0,Night,OP15,,Overdue,497
2025-03-16,M04,265,167.0,Morning,OP02,62.3,In Progress,270
2025-08-14,M03,598,9.8,Afternoon,OP10,73.5,Due Soon,609
2025-10-22,M01,446,20.3,Afternoon,OP06,66.6,Up to Date,456
2025-12-18,M05,502,6.2,Night,OP13,67.7,Overdue,511
2025-01-17,M05,410,79.3,Night,OP15,62.9,Up to Date,417
2025-12-14,M02,417,33.1,Afternoon,OP07,62.6,Due Soon,422
19/01/2025,M06,551,25.1,Afternoon,OP08,59.8,Due Soon,562
2025-09-10,M06,153,341.5,Afternoon,OP08,75.8,Overdue,163
2025-11-22,M08,387,21.6,Morning,OP05,64.1,Up to Date,393
2025-07-23,M05,468,19.0,Night,OP13,74.2,Up to Date,481
2025-06-15,M07,420,20.9,Morning,OP02,68.0,Up to Date,431
2025-02-11,M01,444,9.5,Afternoon,OP06,62.6,Up to Date,453
2025-06-26,M06,595,9.9,Afternoon,OP08,73.6,Up to Date,605
2025-06-19,M05,468,41.9,Afternoon,OP09,70.3,Up to Date,481
2025-05-06,M01,454,,Night,OP12,66.2,Up to Date,464
2025-11-20,M05,509,1.8,Afternoon,OP10,64.5,Up to Date,521
2025-04-28,M04,387,5.3,Night,OP11,67.5,Up to Date,396
2025-11-21,M07,396,13.5,Night,OP11,61.6,Up to Date,407
2025-06-07,M06,627,5.5,Night,OP13,68.4,Up to Date,640
2025-08-16,M02,424,3.0,Afternoon,OP06,64.5,Up to Date,436
2025-11-25,M02,434,,Night,OP12,57.8,up to date,440
2025-03-20,M05,444,53.2,Night,OP14,64.8,Up to Date,461
2025-12-28,M01,454,25.7,Morning,OP01,,Up to Date,462
2025-06-18,M06,629,3.5,Night,OP13,67.1,Due Soon,638
2025-11-10,M03,518,1.3,Night,OP14,78.5,Overdue,570
2025-10-04,M04,391,24.7,Morning,OP02,64.8,Up to Date,398
2025-06-25,M04,399,7.9,Afternoon,OP07,66.7,Up to Date,410
2025-11-05,M01,442,18.4,Afternoon,OP06,67.2,Up to Date,456
2025-10-20,M07,466,4.7,Morning,OP01,61.7,Up to Date,474
02/11/2025,M02,398,21.5,Afternoon,OP07,64.5,Up to Date,408
2025-11-24,M08,357,18.9,Afternoon,OP08,65.3,Up to Date,366
2025-11-11,M02,408,18.2,Morning,OP01,60.6,Due Soon,413
2025-09-07,M04,401,10.1,Afternoon,OP07,69.9,Up to Date,413
2025-01-25,M05,487,8.0,Night,OP14,61.7,Up to Date,495
2025-06-14,M01,472,8.8,Night,OP12,67.9,Up to Date,480
2025-10-05,M01,459,10.1,Night,OP11,66.4,Up to Date,469
2025-06-20,M03,637,3.0,Afternoon,OP09,74.0,Up to Date,654
2025-02-11,M08,384,12.0,Afternoon,OP10,64.5,Up to Date,390
2025-09-10,M02,417,3.0,Morning,OP01,65.3,Due Soon,423
2025-04-05,M06,617,2.1,Afternoon,OP10,64.9,Up to Date,630
2025-08-19,M04,394,14.7,Night,OP12,69.8,Up to Date,401
2025-08-31,M06,566,15.3,AFTERNOON,OP09,73.4,Overdue,595
2025-02-04,M05,493,18.1,Night,OP13,61.5,Up to Date,501
2025-05-31,M08,384,3.7,Morning,OP03,74.2,Up to Date,394
2025-04-29,M01,467,5.7,Morning,OP01,63.1,Up to Date,476
2025-09-02,M08,393,2.1,Morning,OP05,72.2,Up to Date,400
2025-10-21,M04,379,20.2,Night,OP11,64.6,Up to Date,382
27/12/2025,M01,444,10.3,Afternoon,OP06,61.8,Up to Date,455
2025-08-29,M08,375,19.5,Morning,OP05,71.5,Up to Date,384
2025-02-05,M04,379,16.9,Night,OP11,62.2,Up to Date,386
2025-02-18,M05,544,1.0,Morning,OP03,60.9,Up to Date,557
2025-07-15,M04,251,184.4,Morning,OP02,66.9,In Progress,256
2025-02-24,M01,457,16.9,Afternoon,OP06,59.6,Up to Date,467
2025-10-14,M05,500,5.9,Night,OP14,67.0,Due Soon,508
15/07/2025,M05,407,94.1,Afternoon,OP10,74.9,Up to Date,417
2025-07-09,M08,355,17.8,Night,OP15,73.4,Up to Date,365
19/02/2025,M05,488,27.0,Night,OP13,65.7,Up to Date,493
2025-04-03,M04,382,34.7,Morning,OP02,64.2,Up to Date,389
05/06/2025,M08,358,9.3,Night,OP14,69.6,Up to Date,365
2025-11-06,M04,387,20.3,Afternoon,OP07,65.2,Up to Date,397
2025-07-13,M01,451,17.5,Morning,OP02,70.2,Up to Date,462
2025-10-28,M06,400,83.2,Night,OP15,75.2,Overdue,442
2025-12-19,M07,438,14.4,Afternoon,OP07,59.1,Up to Date,446
2025-01-03,M07,449,4.5,Afternoon,OP06,62.1,Up to Date,458
2025-03-17,M05,339,152.3,Night,OP15,61.3,Up to Date,344
2025-02-08,M07,430,12.9,Night,OP12,61.9,Up to Date,440
28/11/2025,M05,511,10.0,Morning,OP05,,Up to Date,521
2025-05-27,M01,453,17.3,Morning,OP02,67.3,Up to Date,462
2025-08-28,M01,460,3.6,Night,,67.7,Up to Date,466
17/10/2025,M08,378,22.0,Morning,OP05,67.6,Due Soon,384
2025-09-19,M03,545,16.8,Night,OP15,74.4,overdue,571
2025-05-30,M07,438,8.0,Afternoon,OP07,66.4,Due Soon,443
12/02/2025,M07,427,22.1,Night,OP11,60.1,Up to Date,431
2025-04-18,M07,433,16.0,Morning,OP01,66.1,Up to Date,441
2025-11-21,M04,347,78.0,Afternoon,OP06,63.2,Up to Date,356
23/08/2025,M03,594,8.5,Morning,OP04,72.3,Overdue,615
2025-10-24,M03,399,137.1,Morning,OP04,74.2,Overdue,431
2025-08-05,M03,605,20.1,Morning,OP03,74.0,Due Soon,613
2025-02-16,M04,379,21.2,Afternoon,OP06,65.3,Up to Date,388
2025-08-16,M03,604,4.1,Afternoon,OP10,73.2,Overdue,618
2025-10-01,M01,480,5.3,Night,OP12,68.1,Up to Date,488
2025-11-07,M01,448,20.7,Afternoon,OP07,68.5,Up to Date,463
2025-08-18,M02,409,13.9,Night,OP11,65.5,Up to Date,419
2025-03-29,M06,485,92.4,Morning,OP03,61.7,Up to Date,488
2025-01-29,M08,377,9.6,Morning,OP03,60.5,Up to Date,389
2025-06-12,M07,459,3.6,Night,OP11,67.4,Up to Date,462
2025-08-01,M03,524,29.2,Night,OP15,72.8,Up to Date,539
30/01/2025,M01,416,48.5,Afternoon,OP06,64.9,Up to Date,424
2025-03-20,M07,423,12.5,Night,OP12,64.4,Up to Date,433
2025-05-04,M01,457,9.2,Afternoon,OP06,69.2,Up to Date,465
2025-01-12,M04,390,8.6,Night,OP11,59.1,Up to Date,398
2025-02-28,M02,402,12.4,Morning,OP01,63.0,Up to Date,412
2025-08-09,M01,470,19.4,Afternoon,OP07,72.0,Up to Date,480
2025-11-05,M08,375,1.1,Morning,OP04,,Up to Date,389
2025-11-03,M05,495,18.1,Afternoon,OP10,71.2,Overdue,514
2025-04-11,M01,435,13.0,Night,OP11,65.3,Up to Date,443
2025-11-02,M01,462,7.2,Night,OP12,70.3,Up to Date,470
2025-08-27,M07,433,6.7,Morning,OP01,70.6,Due Soon,441
2025-07-08,M08,346,8.6,Night,OP15,69.7,Up to Date,356
2025-08-23,M07,431,16.0,Afternoon,OP06,71.6,Up to Date,441
2025-02-20,M04,390,5.6,Morning,OP01,65.0,Up to Date,396
2025-02-09,M06,543,35.7,Afternoon,OP09,,Up to Date,558
2025-01-28,M02,416,12.3,Morning,,57.6,Up to Date,422
2025-09-14,M03,490,61.8,Night,OP14,72.5,Overdue,519
2025-08-09,M01,443,9.3,Night,OP12,70.7,Up to Date,455
2025-03-18,M04,399,8.7,Afternoon,OP06,63.3,Up to Date,405
2025-05-24,M02,417,16.6,Night,OP12,65.7,Up to Date,427
2025-11-23,M08,356,37.6,Night,OP13,63.5,Up to Date,363
2025-10-09,M06,504,28.1,Morning,,78.5,Overdue,551
2025-02-24,M01,459,7.0,Morning,OP02,62.9,Up to Date,466
2025-11-07,M01,432,29.0,Morning,OP02,63.1,Up to Date,437
2025-11-05,M03,377,113.9,Night,OP15,74.9,Overdue,415
2025-11-01,M07,430,19.5,Morning,OP02,64.4,Up to Date,439
2025-11-12,M05,538,11.5,Morning,OP05,66.0,Up to Date,543
2025-08-15,M02,275,181.3,Morning,OP01,64.1,In Progress,279
2025-09-23,M03,97,395.4,Night,OP15,71.1,Overdue,103
2025-05-26,M06,585,9.2,Morning,OP03,67.4,Up to Date,598
2025-07-02,M07,428,6.5,Morning,OP02,68.0,Up to Date,438
2025-05-08,M06,577,11.2,Afternoon,OP08,65.8,Up to Date,593
2025-02-28,M04,390,11.6,Morning,OP01,,Up to Date,397
2025-08-18,M03,606,5.6,Morning,OP03,70.9,Overdue,611
2025-05-28,M05,548,12.2,Morning,OP03,68.7,Up to Date,559
2025-02-08,M07,423,17.1,Morning,OP02,61.4,Up to Date,428
2025-05-19,M01,469,6.3,Afternoon,OP07,70.1,Due Soon,478
2025-02-10,M07,437,11.0,Afternoon,OP06,62.9,Up to Date,447
2025-10-09,M05,493,13.8,Afternoon,OP09,66.5,Due Soon,503
2025-05-17,M02,444,6.7,Morning,OP01,63.8,Up to Date,451
2025-06-09,M05,508,15.5,Afternoon,OP08,70.1,Up to Date,516
2025-08-29,M06,566,15.5,Afternoon,OP09,76.5,Overdue,592
2025-04-02,M07,424,3.0,Night,OP12,61.1,Up to Date,435
2025-04-11,M07,416,20.1,Afternoon,OP06,,Up to Date,424
2025-05-31,M02,419,6.8,Afternoon,OP06,64.9,Up to Date,427
2025-05-31,M06,591,6.0,Afternoon,OP09,72.4,Up to Date,599
2025-05-22,M02,426,12.3,Afternoon,OP06,66.7,Up to Date,435
2025-12-01,M04,398,8.3,Morning,OP02,61.1,Up to Date,403
2025-05-30,M01,458,7.6,Night,OP11,69.6,Up to Date,468
2025-09-16,M05,507,2.2,Afternoon,OP09,70.1,Up to Date,517
2025-04-24,M03,576,18.9,Night,OP15,64.6,Up to Date,583
2025-06-30,M06,604,7.1,afternoon,OP10,71.7,Up to Date,625
2025-09-27,M08,389,19.6,Morning,OP04,65.2,Up to Date,396
2025-11-16,M06,457,9.1,Night,OP14,79.0,Overdue,510
2025-04-11,M03,616,7.5,Afternoon,OP08,67.5,Up to Date,627
2025-03-09,M06,535,25.5,Night,OP15,64.4,Up to Date,550
2025-04-21,M05,507,29.0,Morning,OP04,67.8,Up to Date,511
07/11/2025,M07,432,10.6,Night,OP12,66.1,Up to Date,442
2025-04-26,M04,394,12.4,Afternoon,OP06,66.9,Up to Date,400
2025-12-15,M04,408,11.9,Afternoon,OP06,61.4,Due Soon,414
2025-01-07,M07,409,19.6,Night,OP12,62.0,Up to Date,419
2025-09-13,M02,328,106.1,Morning,OP02,64.6,Due Soon,332
2025-12-04,M05,263,243.4,Morning,OP03,63.6,Up to Date,268
2025-12-08,M07,410,21.1,Afternoon,OP06,65.6,Up to Date,417
2025-10-19,M04,412,2.8,Morning,OP02,59.6,up to date,417
2025-02-26,M07,437,8.0,Morning,OP01,62.8,Due Soon,446
2025-10-31,M06,308,190.2,Afternoon,OP08,79.0,Overdue,342
2025-09-07,M07,407,9.9,Night,OP11,65.2,Up to Date,415
2025-03-24,M01,478,8.5,Afternoon,OP07,66.2,Up to Date,483
2025-08-24,M03,567,30.4,Night,OP13,72.8,Overdue,588
2025-08-07,M02,411,7.6,Night,OP12,67.1,Due Soon,418
2025-12-22,M08,382,4.4,Afternoon,OP10,64.0,Up to Date,396
2025-04-17,M07,446,13.6,Morning,OP02,64.1,Up to Date,452
2025-05-16,M06,601,12.5,Afternoon,OP10,,Due Soon,607
2025-01-18,M08,373,6.8,Night,OP14,60.0,Up to Date,382
2025-12-24,M01,486,1.3,Night,OP11,60.6,Up to Date,498
2025-06-01,M06,597,10.7,Morning,OP03,72.2,Up to Date,611
2025-10-18,M06,481,14.9,Night,OP14,78.6,Overdue,529
2025-12-22,M07,431,6.8,Morning,OP02,66.8,Up to Date,436
2025-11-18,M04,422,9.6,Afternoon,OP07,65.3,Up to Date,433
2025-09-14,M02,399,12.2,Afternoon,OP06,64.7,Due Soon,405
11/03/2025,M05,496,12.0,Afternoon,OP09,67.2,Up to Date,509
2025-03-09,M06,603,9.4,Afternoon,OP09,63.6,Up to Date,613
2025-09-25,M03,566,22.7,Afternoon,OP10,73.7,Overdue,593
2025-09-01,M08,343,14.4,Night,OP15,69.3,Up to Date,349
2025-01-26,M08,375,10.7,Afternoon,OP09,65.2,Up to Date,385
2025-12-12,M04,406,11.5,Morning,OP01,63.9,Due Soon,410
2025-07-26,M04,414,2.1,Morning,OP02,71.1,Up to Date,418
2025-01-31,M03,583,30.1,Night,OP13,63.9,Up to Date,594
2025-09-20,M03,579,20.6,Afternoon,OP10,75.1,Overdue,611
2025-04-14,M08,343,76.7,Morning,OP03,63.6,Due Soon,348
2025-02-10,M04,413,4.2,Afternoon,OP06,63.2,Due Soon,418
2025-09-21,M03,521,17.8,Night,,73.4,Overdue,545
2025-12-03,M07,428,5.6,Night,OP11,62.8,Up to Date,434
2025-03-12,M08,360,18.8,Night,OP14,63.7,Due Soon,366
2025-03-02,M05,496,11.3,Afternoon,OP08,64.6,Up to Date,504
2025-09-06,M01,451,9.4,Night,OP11,73.2,Up to Date,462
2025-12-19,M06,473,6.8,Night,OP13,77.7,Overdue,533
2025-03-20,M03,611,2.6,Night,OP14,64.1,Up to Date,624
2025-04-28,M05,482,21.8,Night,OP14,68.7,Up to Date,493
2025-03-09,M02,405,2.0,night,OP11,61.1,Up to Date,417
2025-05-01,M03,609,6.1,Afternoon,OP10,68.9,Up to Date,625
2025-09-29,M05,506,29.5,Afternoon,OP08,73.8,Up to Date,513
2025-10-14,M02,427,2.0,Afternoon,OP06,64.7,Up to Date,437
2025-06-03,M02,419,10.9,Morning,OP02,65.2,Up to Date,426
2025-01-06,M07,449,4.6,Morning,OP01,59.8,Up to Date,458
18/02/2025,M08,378,6.1,Morning,OP05,65.2,Up to Date,389
2025-09-20,M03,498,70.1,Morning,OP05,73.0,Overdue,529
2025-04-03,M05,488,5.2,Night,OP15,65.9,Up to Date,500
2025-10-15,M02,393,16.9,Afternoon,OP06,64.9,Up to Date,400
2025-12-17,M04,394,1.7,Night,OP12,60.7,Up to Date,404
2025-11-15,M04,410,3.6,Afternoon,OP07,66.6,Up to Date,415
2025-02-03,M04,395,2.4, Afternoon ,OP06,62.2,Up to Date,407
2025-09-06,M08,369,9.6,Night,OP14,68.6,Up to Date,375
2025-11-23,M07,446,11.0,Afternoon,OP06,64.7,Due Soon,452
2025-11-12,M02,424,7.1,Morning,OP02,59.9,Due Soon,430
2025-09-26,M07,414,25.5,Night,OP11,69.3,Up to Date,422
2025-01-09,M08,,11.6,Morning,OP05,67.5,Up to Date,414
2025-04-30,M02,435,4.7,Afternoon,OP06,67.7,Up to Date,443
2025-05-20,M04,377,26.0,Afternoon,OP06,67.9,Up to Date,384
2025-11-21,M06,459,2.7,Afternoon,OP09,79.4,Overdue,515
2025-02-25,M03,586,14.5,Afternoon,OP08,68.1,Up to Date,600
2025-06-24,M08,393,11.1,Afternoon,OP09,70.3,Up to Date,402
2025-08-01,M06,596,12.9,Morning,OP05,70.2,Overdue,612
2025-05-28,M04,395,6.2,Morning,OP01,66.2,Up to Date,402
2025-10-05,M05,500,18.9,Morning,OP04,66.9,Up to Date,513
2025-05-31,M01,463,2.8,Morning,OP01,70.3,Up to Date,469
2025-01-01,M08,356,9.9,Night,OP14,61.9,Up to Date,368
2025-10-12,M08,362,25.7,Afternoon,OP09,67.1,Up to Date,371
2025-02-14,M01,449,19.2,Morning,OP01,60.8,Up to Date,457
2025-04-12,M05,471,30.8,Night,OP15,69.3,Due Soon,478
2025-04-06,M02,418,8.5,Morning,OP02,61.0,Up to Date,430
2025-11-01,M07,442,10.0,Afternoon,OP06,64.9,Up to Date,453
2025-06-10,M07,427,3.2,Morning,OP01,68.3,Up to Date,439
2025-09-23,M01,468,8.5,Afternoon,OP07,72.0,Up to Date,475
2025-12-20,M07,417,8.9,Afternoon,OP07,60.3,Up to Date,426
2025-01-09,M04,394,15.6,Afternoon,OP06,61.2,Up to Date,400
2025-02-26,M06,564,3.0,Afternoon,OP08,66.6,Up to Date,579
2025-05-27,M06,570,12.2,Night,OP15,66.3,Up to Date,587
2025-09-13,M01,449,6.7,Morning,OP01,,Due Soon,460
2025-07-19,M06,544,13.6,Night,OP15,70.1,Due Soon,552
2025-10-16,M04,409,15.9,Morning,OP02,65.4,Up to Date,416
2025-01-15,M06,578,15.8,Afternoon,OP08,61.4,Due Soon,591
2025-09-19,M01,470,9.6,Night,OP12,68.2,Up to Date,483
2025-09-10,M05,493,8.2,Morning,OP05,67.5,Overdue,515
2025-10-08,M08,386,5.3,Afternoon,OP09,68.9,Up to Date,392
2025-10-09,M01,445,16.0,Night,OP11,67.7,Up to Date,456
2025-04-30,M04,391,8.7,Morning,OP01,65.1,Up to Date,395
2025-04-11,M07,416,14.9,Night,OP12,62.7,Up to Date,430
2025-01-02,M04,392,7.5,Afternoon,OP07,63.6,Up to Date,400
2025-12-08,M03,431,54.5,Night,OP13,77.8,Overdue,485
2025-06-27,M02,402,18.5,Night,OP11,67.3,Up to Date,410
2025-10-30,M06,472,13.4,Night,OP15,77.3,Overdue,518
2025-02-14,M07,439,14.0,Afternoon,OP07,64.3,Up to Date,448
2025-12-03,M04,412,3.1,Morning,OP02,63.2,Up to Date,422
2025-02-01,M01,449,13.9,Night,OP11,63.9,Up to Date,460
2025-04-20,M01,457,24.5,Morning,,64.7,Up to Date,460
2025-10-07,M01,464,6.6,Afternoon,OP07,66.1,Up to Date,478
07/05/2025,M02,416,2.9,Night,OP12,61.6,Up to Date,424
2025-08-29,M01,440,14.9,Night,OP12,69.8,Up to Date,447
2025-03-25,M01,442,11.8,Afternoon,OP07,64.4,Up to Date,452
2025-03-31,M01,453,2.1,Night,OP12,63.0,Up to Date,459
2025-12-30,M01,456,13.4, Night ,OP11,64.4,Up to Date,467
2025-01-19,M05,489,9.9, Night ,OP13,62.3,Up to Date,500
2025-11-27,M01,455,1.6,Night,OP11,63.1,Up to Date,463
2025-08-04,M01,457,14.7,Night,OP12,70.4,Up to Date,470
2025-02-20,M06,438,147.1,Morning,OP03,58.9,In Progress,443
2025-09-03,M08,398,11.5,Afternoon,OP10,70.2,Up to Date,404
2025-03-06,M02,388,31.5,Night,OP11,58.8,Up to Date,396
2025-08-19,M01,462,13.7,Night,OP12,69.6,Up to Date,472
2025-02-12,M06,598,18.6,Morning,OP03,64.8,Up to Date,605
17/01/2025,M02,415,6.6,Night,OP11,57.4,Up to Date,422
2025-04-29,M05,520,10.5,Afternoon,OP09,70.8,Up to Date,530
2025-01-20,M01,473,14.0,Afternoon,OP06,65.4,Overdue,482
2025-12-24,M03,458,23.0,Night,OP14,75.4,Overdue,515
2025-09-10,M03,580,5.8,Night,OP15,74.2,Overdue,604
2025-04-20,M08,378,21.6,Afternoon,OP08,68.5,Up to Date,385
2025-08-19,M03,511,83.2,Afternoon,OP10,72.0,Overdue,527
2025-12-03,M01,446,4.8,Morning,OP01,62.2,Up to Date,458
2025-03-31,M03,592,9.5,Afternoon,OP10,66.3,Up to Date,605
2025-10-19,M02,414,13.3,Morning,OP01,62.4,Up to Date,424
2025-03-29,M07,424,6.5,Afternoon,OP07,66.6,Due Soon,433
2025-07-13,M02,406,5.5,Night,OP12,68.6,Up to Date,417
2025-10-01,M03,579,3.1,Morning,OP04,72.8,Overdue,608
2025-04-25,M08,372,16.9,Morning,OP05,65.9,Up to Date,383
2025-05-23,M06,629,2.2,Afternoon,OP09,67.5,Up to Date,637
2025-06-02,M03,555,21.4,Night,OP15,71.3,Due Soon,572
2025-08-27,M08,376,10.0,Afternoon,OP09,71.3,Up to Date,384
2025-01-05,M06,572,3.9,Night,OP15,61.9,Up to Date,582
2025-11-06,M06,135,343.8,Night,OP13,77.3,Overdue,150
2025-01-17,M05,464,30.3,Morning,OP03,61.0,Up to Date,475
2025-04-05,M03,647,2.5,Morning,OP04,68.5,Due Soon,652
2025-07-22,M04,415,6.3,Morning,OP01,67.2,Up to Date,426
2025-04-04,M01,479,5.2,Morning,OP02,63.4,Up to Date,491
2025-07-05,M05,482,600.0,Afternoon,OP10,73.2,Up to Date,501
2025-07-20,M04,395,4.7,Morning,OP02,0.0,Up to Date,401
2025-04-03,M03,619,10.7,Morning,OP03,66.2,Up to Date,638
2025-06-21,M06,584,4.6,Afternoon,OP10,71.4,Up to Date,601
2025-02-19,M06,,9.9,Morning,OP05,60.6,Due Soon,606
2025-03-12,M02,395,32.3,Afternoon,OP06,64.1,Up to Date,405
2025-09-12,M05,521,19.1,Morning,OP03,65.8,Up to Date,532
2025-01-21,M06,595,,Afternoon,OP09,60.0,Up to Date,609
2025-01-03,M06,606,10.6,Morning,OP04,61.8,Up to Date,623
2025-01-20,M04,377,19.1,Morning,OP01,58.9,Up to Date,381
2025-10-10,M05,511,4.9,Morning,OP03,67.4,Due Soon,521
2025-10-10,M02,412,3.5,Afternoon,OP06,64.3,Due Soon,423
2025-11-24,M08,370,19.7,Morning,OP03,63.3,Up to Date,377
2025-04-10,M04,384,14.7,Night,OP11,67.5,Due Soon,391
2025-10-02,M07,433,29.7,Night,OP11,68.2,Up to Date,441
2025-06-14,M05,502,10.9,Morning,OP04,72.0,Up to Date,517
2025-01-22,M01,409,51.9,Afternoon,OP06,66.2,Up to Date,418
2025-05-27,M02,406,28.7,Night,OP12,61.0,Up to Date,412
2025-10-20,M03,533,15.3,Night,OP14,78.3,Overdue,573
2025-07-02,M05,507,2.8,Night,OP13,70.1,Up to Date,522
2025-07-10,M01,467,5.3,Afternoon,OP07,74.4,Up to Date,477
2025-10-02,M08,364,35.8,Night,OP13,65.2,Up to Date,370
2025-09-24,M06,525,7.5,Morning,OP03,79.0,Overdue,573
2025-05-08,M04,385,15.2,Night,OP12,66.2,Due Soon,394
2025-06-25,M01,448,15.9,Night,OP12,68.2,Up to Date,456
2025-03-20,M01,425,22.8,Night,OP11,63.8,Up to Date,439
2025-02-24,M06,573,12.6,Morning,OP03,,Up to Date,582
2025-01-10,M02,427,4.3,Night,OP11,56.8,Up to Date,439
2025-09-20,M07,445,3.0,Morning,OP01,66.1,Up to Date,453
2025-11-21,M05,490,8.6,Afternoon,OP08,69.5,Up to Date,504
2025-11-18,M03,481,37.5,Night,,74.0,Overdue,522
2025-07-07,M04,388,17.3,Night,OP11,69.8,Up to Date,403
2025-05-27,M07,428,15.3,Night,OP12,67.6,Up to Date,436
2025-04-01,M07,,12.3,Morning,OP01,62.9,Due Soon,457
2025-05-13,M04,385,7.6,Night,OP11,67.7,Due Soon,395
2025-12-16,M04,248,190.2,Morning,OP02,61.3,In Progress,254
2025-10-21,M05,500,9.8,Afternoon,OP10,68.6,Overdue,509
2025-11-25,M04,407,11.7,Morning,OP02,61.5,Up to Date,416
2025-08-22,M07,459,12.9,Morning,OP02,67.3,Up to Date,465
2025-10-25,M02,412,23.0,Morning,OP02,61.9,Up to Date,419
2025-08-26,M03,484,97.8,Afternoon,OP09,74.4,Overdue,499
2025-07-06,M05,410,108.6,Night,OP13,66.7,Up to Date,420
2025-04-30,M04,402,8.9,Afternoon,OP07,66.0,Up to Date,406
2025-08-07,M06,606,5.4,Morning,OP05,73.6,Overdue,626
2025-04-24,M08,385,9.7,Morning,OP04,68.4,Up to Date,393
2025-09-04,M08,399,1.7,Morning,OP05,71.3,Up to Date,411
2025-09-29,M06,527,20.7,Morning,OP05,72.9,Overdue,562
2025-11-22,M05,487,6.6,Night,OP15,65.2,Up to Date,497
2025-03-30,M06,576,19.0,Afternoon,OP10,66.1,Up to Date,590
2025-12-06,M03,382,123.4,Afternoon,OP10,81.3,Overdue,429
2025-02-02,M01,442,15.9,Morning,OP01,60.0,Up to Date,446
2025-08-17,M08,362,20.5,Afternoon,OP08,69.5,Due Soon,366
2025-06-10,M04,389,10.2,Night,OP12,69.2,Due Soon,403
2025-10-10,M02,420,6.4,Night,OP12,65.3,Due Soon,428
2025-03-25,M06 ,588,13.1,afternoon,OP09,65.6,Up to Date,596
2025-11-23,M08,359,28.8,Afternoon,OP09,64.0,Up to Date,368
2025-05-11,M06,553,11.1,Night,OP15,66.2,Up to Date,563
2025-12-10,M07,439,7.5,Afternoon,OP07,62.4,Up to Date,449
2025-02-01,M07,445,2.0,Morning,OP01,61.4,Up to Date,453
2025-07-06,M07,452,9.8,Night,OP12,69.0,Up to Date,461
2025-11-29,M04,399,6.8,Afternoon,OP06,64.3,Up to Date,409
02/10/2025,M01,469,9.5,Afternoon,OP07,72.9,Up to Date,477
2025-05-12,M02,412,20.5,Morning,OP01,65.1,Due Soon,419
2025-04-23,M07,425,13.9,Afternoon,OP07,64.8,Up to Date,433
2025-08-08,M01,468,10.1,Morning,OP01,70.1,Up to Date,476
2025-03-30,M08,389,9.2,Morning,OP03,65.4,Up to Date,398
17/08/2025,M01,464,12.2,Afternoon,OP07,71.3,Due Soon,470
2025-10-01,M07,436,19.3,Afternoon,OP07,66.7,Up to Date,446
2025-08-19,M01,330,157.1,Morning,OP01,,In Progress,333
2025-07-06,M04,395,27.0,Morning,OP01,67.7,Up to Date,402
2025-01-10,M02,388,22.0,Morning,OP01,63.1,Up to Date,395
2025-11-11,M08,366,7.9,Afternoon,OP09,67.0,Up to Date,375
2025-02-28,M01,458,20.8,Morning,OP02,61.7,Up to Date,464
2025-01-29,M06,591,4.5,Night,OP15,63.6,Up to Date,602
2025-08-10,M07,430,19.5,Morning,OP02,68.7,Up to Date,437
2025-12-27,M01,458,6.9,Morning,OP02,63.8,Up to Date,467
16/11/2025,M08,383,2.6,Afternoon,OP10,65.9,Due Soon,388
2025-06-23,M02,393,16.0,Night,OP12,66.2,Up to Date,401
2025-07-10,M07,442,21.4,Afternoon,OP07,71.0,Up to Date,449
2025-10-12,M08,350,25.6,Night,OP14,70.7,Up to Date,358
2025-07-24,M07,405,11.1,Night,OP11,69.2,Up to Date,414
2025-03-17,M02,391,32.3,Night,OP11,61.5,Up to Date,396
2025-06-12,M03,599,31.6,Afternoon,OP09,70.8,Up to Date,609
2025-08-12,M04,422,4.3,Morning,OP01,71.6,Due Soon,430
2025-10-06,M03,511,17.2,Night,OP15,76.2,Overdue,549
2025-06-06,M08,353,20.2,Night,OP14,67.7,Up to Date,361
2025-06-23,M05,503,28.9,Morning,OP05,70.5,Up to Date,512
2025-10-31,M07,460,12.2,Morning,OP02,64.9,Up to Date,469
2025-09-04,M04,388,4.0,Afternoon,OP07,69.3,Up to Date,399
2025-04-05,M08,372,9.4,Afternoon,OP10,66.3,Up to Date,379
2025-07-30,M01,471,17.4,Morning,OP01,67.2,Up to Date,483
2025-01-28,M04,403,8.1,Morning,OP02,61.9,Up to Date,412
2025-02-16,M05,487,29.0,Morning,OP05,62.0,Up to Date,496
2025-06-13,M08,372,19.8,Morning,OP05,75.1,Due Soon,379
16/02/2025,M01,449,15.7,Night,OP11,63.1,Due Soon,459
2025-05-06,M06,578,11.4,Night,OP14,65.2,Up to Date,586
2025-01-09,M03,628,12.4,Afternoon,OP09,62.1,Up to Date,632
2025-08-07,M05,522,0.8,Afternoon,OP10,70.6,Up to Date,529
2025-09-27,M06,502,27.3,Morning,OP05,78.9,Overdue,544
2025-02-19,M01,469,19.8,Night,OP11,62.0,Up to Date,481
2025-05-15,M04,407,6.4,Night,OP12,66.5,Up to Date,417
04/07/2025,M06,610,11.6,Morning,OP05,70.9,Up to Date,617
2025-12-13,M07,425,18.0,Morning,OP01,62.0,Up to Date,434
2025-07-21,M06,601,6.8,Night,OP13,71.2,Due Soon,610
2025-04-07,M04,375,23.5,Afternoon,OP06,67.6,Up to Date,380
2025-03-03,M04,424,4.5,Afternoon,OP07,63.1,Up to Date,432
2025-11-01,M01,433,11.1,Night,OP11,64.2,Up to Date,443
2025-10-26,M04,375,19.1,Night,OP11,65.6,Up to Date,382
2025-06-15,M07,413,20.8,Night,OP11,72.7,Up to Date,422
2025-09-05,M08,378,2.4,Morning,,,Up to Date,389
2025-03-29,M04,394,12.2,Morning,OP02,65.7,Up to Date,403
2025-09-24,M05,466,46.9,Afternoon,OP08,70.7,up to date,472
2025-02-13,m08,396,10.0,Night,OP13,62.9,Up to Date,404
2025-05-11,M08,377,2.7,Afternoon,OP10,70.4,Up to Date,386
2025-07-09,M08,386,16.7,Morning,OP03,71.8,Up to Date,394
2025-11-28,M07,425,5.4,Afternoon,OP07,64.5,Up to Date,438
2025-07-29,M01,446,9.0,Afternoon,OP07,71.1,Up to Date,458
2025-06-20,M06,348,211.0,Morning,OP05,67.5,In Progress,354
2025-12-10,M02,398,29.4,Morning,OP02,55.6,Due Soon,404
2025-10-31,M01,489,7.9,Morning,,62.0,Up to Date,496
2025-01-28,M04,405,9.9,Afternoon,OP07,63.0,Up to Date,416
2025-07-21,M03,607,10.5,Morning,OP04,72.4,Up to Date,620
2025-01-14,M01,450,10.2,Night,OP11,63.1,Due Soon,460
2025-06-19,M06,586,11.8,Afternoon,OP08,71.0,Due Soon,597
2025-11-30,M02,320,102.7,Night,OP12,59.1,Up to Date,324
2025-12-25,M07,444,12.9,Morning,OP01,61.8,Due Soon,451
2025-01-17,M08,369,12.1,Night,OP14,62.9,Up to Date,379
2025-03-09,M04,381,11.6,Afternoon,OP06,64.0,Up to Date,387
2025-03-20,M03,600,16.3,Morning,OP04,,Up to Date,612
2025-07-29,M04,385,14.4,Morning,OP01,65.9,Up to Date,395
2025-12-09,M05,503,9.4,Night,OP13,66.1,Due Soon,511
2025-04-19,M01,418,36.3,Night,OP11,65.4,Up to Date,428
2025-09-15,M06,469,85.6,Morning,OP04,76.3,Overdue,499
2025-08-18,M01,459,15.5,Night,OP12,72.1,Due Soon,467
2025-09-25,M05,456,41.3,Night,OP15,,Up to Date,467
2025-08-31,M07,415,15.9,Afternoon,OP06,67.4,Due Soon,429
2025-06-22,M05,521,7.1,Morning,OP03,70.3,Up to Date,530
2025-07-11,M07,454,4.5,Night,OP12,65.7,Up to Date,457
11/12/2025,M02,411,19.7,Night,OP12,58.9,Due Soon,419
2025-09-04,M01,461,10.2,Morning,OP02,66.5,Up to Date,475
2025-05-29,M05,497,14.2,Afternoon,OP10,71.7,Up to Date,512
2025-03-28,M07,409,22.0,Morning,OP01,64.5,Due Soon,418
2025-08-14,M01,456,7.9,Morning,OP02,71.5,Up to Date,468
2025-09-28,M04,386,6.3,Night,OP11,66.1,Up to Date,395
2025-01-30,M03,575,18.2,Afternoon,OP10,64.0,Up to Date,583
2025-05-23,M04,414,600.0,Afternoon,OP06,67.4,Up to Date,422
2025-09-28,M04,378,31.0,Morning,OP02,69.2,Up to Date,381
2025-09-12,M07,447,5.1,Morning,OP02,66.2,Up to Date,458
2025-12-19,M02,388,18.2,Morning,OP01,58.2,Up to Date,396
2025-03-09,M02,422,11.5,Afternoon,OP07,60.9,Up to Date,428
2025-10-23,M05,504,12.8,Morning,OP03,66.5,Overdue,520
2025-04-05,M02,415,10.9,Night,OP12,59.0,Up to Date,427
2025-02-11,M03,629,18.8,Morning,OP05,63.1,Up to Date,644
2025-02-02,M07,313,146.8,Morning,OP01,60.7,Up to Date,318
2025-10-28,M07,447,25.2,Afternoon,OP07,66.9,Up to Date,450
2025-02-21,M06,493,60.5,Night,OP13,59.5,Up to Date,501
2025-12-07,M01,475,7.4,Night,OP11,62.7,Up to Date,478
2025-06-26,M07,434,4.8,Night,OP12,66.8,Up to Date,440
2025-04-27,M05,524,16.5,Morning,OP03,67.8,Up to Date,532
2025-02-04,M06,602,16.2,Afternoon,OP09,65.2,Up to Date,611
2025-11-24,M02,412,3.0,Night,OP12,59.0,Up to Date,425
2025-08-23,M01,458,7.5,Morning,OP01,69.7,Up to Date,465
2025-08-11,M08,364,24.6,Morning,OP03,70.9,Due Soon,369
2025-02-15,M05,380,137.6,Morning,OP05,,In Progress,390
2025-08-20,M03,562,43.2,Afternoon,OP09,72.5,Overdue,576
2025-03-08,M05,523,4.2,Afternoon,OP10,65.4,Up to Date,540
2025-05-24,M06,605,4.9,Morning,OP05,67.6,Up to Date,616
2025-05-11,M06,585,24.1,Morning,OP03,66.4,Up to Date,592
2025-01-16,M01,471,11.7,Morning,OP01,61.1,Due Soon,477
2025-12-19,M08,382,8.4,Afternoon,OP10,60.4,Due Soon,389
2025-09-16,M01,476,17.5,Afternoon,OP07,71.1,Due Soon,485
2025-09-21,M07,441,9.6,Night,OP12,63.8,Up to Date,451
2025-04-03,M06,587,15.5,Night,OP13,59.9,Up to Date,599
2025-06-15,M03,615,14.2,Afternoon,OP08,75.5,Up to Date,625
2025-03-12,M05,487,7.9,Night,OP15,63.4,Due Soon,498
2025-08-02,M01,428,13.9,Night,OP11,67.4,Up to Date,439
2025-09-26,M08,382,6.4,Afternoon,OP08,71.5,Up to Date,390
2025-01-23,M03,597,12.4,Night,OP14,999.0,Up to Date,610
2025-01-10,M04,393,9.4,Night,OP12,59.9,Up to Date,398
2025-08-11,M07,445,2.3,Morning,OP01,67.7,Up to Date,453
2025-01-29,M08,358,4.8,Night,OP15,66.3,Up to Date,363
2025-09-06,M01,451,9.4,Night,OP11,73.2,Up to Date,462
2025-09-29,M08,361,22.0,Night,OP14,68.9,Up to Date,368
2025-02-13,M04,422,12.1,Night,OP12,61.3,Due Soon,428
2025-07-22,M02,411,11.3,Morning,OP01,67.0,Up to Date,422
2025-09-21,M07,429,3.2,Afternoon,OP07,65.6,Up to Date,440
2025-04-09,M06,624,6.0,Afternoon,OP10,69.0,Up to Date,631
2025-03-12,M08,399,12.6,Afternoon,OP09,64.0,Due Soon,404
2025-03-01,M05,356,147.5,Night,OP13,,Up to Date,366
2025-04-11,M08,375,3.1,Afternoon,OP09,69.4,Due Soon,383
2025-10-06,M07,436,17.5,Morning,OP01,65.5,Up to Date,441
2025-04-19,M08,378,16.3,Night,OP13,65.1,Up to Date,386
2025-04-26,M05,488,35.6,Afternoon,OP08,67.0,Up to Date,495
09/05/2025,M08,376,14.7,afternoon,OP09,72.8,Up to Date,380
2025-04-14,M04,370,44.2,NIGHT,OP12,64.2,up to date,379
2025-10-23,M04,374,22.1,Afternoon,OP06,65.6,Up to Date,384
2025-01-22,M03,600,25.9,Afternoon,OP09,63.2,Up to Date,613
2025-07-23,M02,434,4.6,Night,OP12,63.4,Up to Date,443
2025-01-13,M05,510,14.8,Morning,OP05,63.8,Up to Date,521
2025-10-31,M06,481,5.4,Night,OP13,75.6,Overdue,526
2025-10-14,M07,407,27.6,Night,OP12,66.0,Up to Date,419
2025-07-02,M04,382,24.5,Morning,OP01,69.3,Up to Date,389
2025-07-18,M03,608,12.5,Morning,OP04,71.0,Up to Date,620
2025-07-16,M08,386,15.5,Morning,OP03,71.0,Due Soon,397
2025-10-16,M04,396,12.7,Night,OP11,64.4,Up to Date,402
2025-04-06,M04,394,4.9,Morning,OP01,62.6,Up to Date,403
2025-07-27,M02,404,19.1,Morning,,65.0,Up to Date,410
2025-07-03,M08,350,29.0,Night,OP15,72.1,Up to Date,359
2025-08-25,M03,514,74.1,Morning,OP05,73.6,Overdue,529
2025-06-19,M01,445,3.6,Afternoon,OP07,71.9,Due Soon,455
2025-09-27,M04,386,16.7,Night,OP11,63.5,Up to Date,391
2025-07-15,M03,608,3.8,Night,OP14,74.5,Up to Date,622
2025-12-26,M01,449,17.7,Afternoon,OP07,65.4,Up to Date,458
2025-02-12,M04,408,3.4,Morning,OP01,60.0,Due Soon,414
2025-08-08,M06,560,1.8,Afternoon,OP09,73.7,Overdue,570
2025-01-23,M07,440,12.6,Morning,OP01,59.6,Up to Date,450
2025-09-07,M02,408,17.5,Morning,OP02,65.3,Up to Date,420
2025-04-10,M03,583,17.4,Night,OP13,,Up to Date,596
2025-08-09,M07,446,17.2,Night,OP11,68.4,Up to Date,457
2025-02-04,M08,386,14.8,Morning,OP05,64.7,Up to Date,395
2025-05-16,M05,351,148.5,Morning,OP03,68.8,In Progress,362
2025-04-22,M01,437,27.2,Night,OP12,64.0,Up to Date,445
2025-04-04,M06,596,9.7,Night,OP13,64.5,Up to Date,606
2025-12-24,M05,485,15.0,Afternoon,OP08,62.9,Overdue,502
2025-06-04,M07,424,6.9,Night,OP12,,Up to Date,433
2025-08-08,M07,443,8.5,Night,OP11,68.4,Up to Date,453
2025-10-14,M01,458,13.1,Morning,OP02,66.7,Due Soon,468
2025-01-08,M04,397,7.7,AFTERNOON,OP06,62.4,Up to Date,407
2025-06-17,M04,392,9.8,Afternoon,OP06,68.5,Up to Date,401
2025-09-27,M03,554,10.6,Afternoon,OP09,77.6,Overdue,590
2025-11-20,M05,512,5.1,Night,OP13,63.6,Up to Date,522
2025-05-20,M04,387,26.5,Morning,OP01,64.3,Up to Date,397
2025-10-22,M01,451,3.7,Morning,OP01,65.6,Up to Date,458
2025-07-25,M05,501,31.9,Morning,OP04,,Up to Date,514
25/04/2025,M03,569,7.0,Night,OP14,66.1,Up to Date,579
2025-01-02,M07,451,9.0,Morning,OP01,62.2,Up to Date,465
2025-01-16,M04,376,22.4,Night,OP12,59.9,Up to Date,384
2025-10-03,M04,384,31.1,Night,OP11,66.8,Up to Date,391
2025-08-27,M07,424,9.9,Night,OP12,,Due Soon,434
2025-12-11,M02,427,11.6,Morning,OP02,60.2,Due Soon,431
2025-01-19,M01,443,22.5,Afternoon,OP06,66.0,Overdue,451
2025-06-30,M04,399,19.3,Afternoon,OP07,72.5,Up to Date,411
2025-06-02,M08,365,34.7,Afternoon,OP10,69.3,Up to Date,378
2025-01-29,M07,451,9.2,Morning,OP02,62.1,Due Soon,458
2025-01-27,M07,453,8.3,Afternoon,OP06,62.6,Due Soon,464
2025-05-18,M08,386,6.4,Afternoon,OP08,68.7,Up to Date,395
2025-11-05,M06,223,269.9,Afternoon,OP09,78.0,Overdue,247
2025-07-20,M04,388,18.0,Afternoon,OP07,69.1,Up to Date,394
2025-03-08,M03,595,7.2,Afternoon,OP09,66.6,Due Soon,611
2025-11-11,M01,487,12.3,Night,OP12,63.7,Up to Date,495
2025-05-11,M07,416,17.4,Night,OP12,65.2,Up to Date,422
2025-09-12,M08,390,9.7,Morning,OP04,68.1,Due Soon,401
06/04/2025,M08,366,18.0,Night,OP15,67.7,Up to Date,374
2025-12-16,M04,397,12.9,Afternoon,OP07,61.2,Up to Date,406
2025-05-07,M05,478,27.2,Night,OP14,66.3,Up to Date,489
2025-07-15,M08,378,19.1,Night,OP13,70.3,Due Soon,384
2025-05-20,M08,351,26.6,Night,OP13,69.9,Up to Date,357
2025-12-06,M07,433,27.0,Night,OP12,59.4,Up to Date,446
2025-07-02,M03,586,36.2,Morning,OP04,70.8,Up to Date,598
2025-05-04,M01,436,19.4,Night,OP12,64.0,Up to Date,447
2025-07-23,M02,412,16.1,Morning,OP02,66.7,Up to Date,414
2025-07-16,M04,399,17.3,Afternoon,OP06,71.2,Up to Date,401
2025-08-16,m03,580,35.6,Night,OP13,71.2,Overdue,593
2025-01-06,M08,365,8.5,Afternoon,OP08,65.7,Up to Date,375
2025-01-30,M04,396,20.1,Afternoon,OP07,63.2,Up to Date,407
2025-04-22,M08,367,9.7,Afternoon,OP09,68.9,Up to Date,376
2025-02-26,M02,406,11.2,Night,OP12,59.1,Up to Date,419
2025-11-25,M04,417,3.9,Afternoon,OP06,62.4,Up to Date,424
2025-03-24,M03,588,13.9,Night,OP13,61.8,Up to Date,600
2025-09-25,M03,561,10.1,Night,OP13,75.0,Overdue,592
2025-04-22,M07,439,11.7,Night,OP11,64.8,Up to Date,449
2025-11-04,M01,449,12.8,Afternoon,OP06,65.9,Up to Date,460
2025-10-10,M08,376,31.1,Morning,OP03,65.4,Up to Date,381
2025-04-25,M04,382,35.2,Morning,OP01,64.0,Up to Date,390
2025-08-06,M08,361,32.6,Afternoon,OP09,74.0,Up to Date,370
2025-08-17,M01,451,2.5,Night,OP11,71.7,Due Soon,460
2025-12-21,M01,457,2.5,Morning,OP01,61.9,Up to Date,466
2025-11-11,M08,400,9.2,Morning,OP05,62.4,Up to Date,409
2025-11-15,M01,470,3.9,Morning,OP01,64.3,Due Soon,479
2025-12-16,M08,369,23.4,Afternoon,OP10,67.9,Due Soon,378
2025-08-19,M07,440,6.6,Night,OP12,65.1,Up to Date,445
2025-05-01,M08,380,21.6,Afternoon,OP09,67.1,Up to Date,389
2025-07-18,M04,391,28.5,Morning,OP02,71.3,Up to Date,398
2025-01-20,M06,471,88.9,Morning,OP04,61.2,Due Soon,486
2025-10-25,M02,398,11.2,Night,OP11,61.6,Up to Date,407
2025-01-17,M07,462,16.3,Morning,OP02,60.7,Up to Date,471
2025-04-15,M02,400,18.4,Morning,OP02,64.4,Due Soon,409
2025-06-27,M03,635,3.5,Morning,OP05,71.6,Up to Date,642
2025-09-03,M04,400,7.3,Morning,OP02,66.3,Up to Date,405
2025-07-05,M06,588,9.2,Night,OP14,71.3,Up to Date,596
2025-04-17,M03,594,6.0,Night,OP14,69.6,Up to Date,605
2025-06-09,M04,403,7.8,Night,OP11,65.2,Due Soon,411
2025-06-22,M02,419,11.6,Afternoon,OP07,68.5,Up to Date,430
2025-03-19,M01,465,6.5,Night,OP11,64.3,Up to Date,472
2025-01-25,M08,367,26.7,Morning,OP03,61.7,Up to Date,376
2025-09-15,M07,452,15.6,AFTERNOON,OP07,68.5,Up to Date,461
2025-06-09,M06,590,3.3,Afternoon,OP09,71.1,Up to Date,601
2025-12-23,M02,418,17.9,Afternoon,OP07,60.0,Up to Date,426
2025-09-07,M06,508,36.9,Morning,OP05,76.8,Overdue,543
2025-07-11,M01,460,7.5,Night,OP12,71.4,Up to Date,469
2025-04-15,M01,480,8.6,Morning,OP02,65.6,Due Soon,484
2025-07-30,M05,499,9.2,Night,OP13,72.2,Up to Date,509
2025-09-06,M05,505,9.0,Morning,OP05,69.2,Overdue,527
2025-10-30,M08,386,5.1,Afternoon,OP09,68.9,Up to Date,390
2025-12-15,M08,402,8.0,Morning,OP03,61.8,Due Soon,408
2025-02-12,M03,602,11.6,Afternoon,OP10,66.0,Up to Date,613
2025-07-15,M02,391,14.2,Morning,OP01,67.8,Up to Date,403
2025-02-27,M08,320,60.1,Morning,OP05,63.9,Up to Date,328
2025-02-25,M05,547.4,30.4,Night,,61.7,Up to Date,476
2025-04-14,M01,476,6.0,Morning,OP01,61.5,Due Soon,485
2025-03-09,M08,384,9.8,Morning,OP05,65.0,Due Soon,394
2025-06-01,M08,395,5.0,Morning,OP04,70.1,Up to Date,406
2025-11-04,M04,398,8.3,Night,OP12,66.0,Up to Date,404
2025-07-09,M03,604,18.1,Morning,OP04,73.7,Due Soon,617
2025-12-09,M02,417,7.6,Night,OP11,60.2,Up to Date,424
2025-06-27,M04,389,24.3,Morning,OP01,65.8,Up to Date,402
2025-01-01,M05,521,9.5,Afternoon,OP09,66.4,Up to Date,528
2025-04-02,M07,241,222.2,Morning,OP01,64.1,In Progress,248
2025-03-31,M06,561,19.0,Night,OP15,62.3,Up to Date,566
2025-11-15,M05,484,17.4,Night,OP13,65.5,Up to Date,492
2025-12-08,M01,455,10.9,Afternoon,OP07,63.3,Up to Date,467
2025-12-27,M03,331,163.9,Afternoon,OP10,83.4,Overdue,374
2025-09-05,M02,443,6.0,Afternoon,OP06,69.7,Up to Date,451
2025-12-22,M06,30,450.0,Night,OP14,80.8,Overdue,34
2025-12-15,M06,356,121.2,Night,OP15,77.4,Overdue,396
2025-11-23,M03,479,26.6,Afternoon,OP08,77.9,Overdue,528
2025-04-02,M04,392,10.4,Morning,OP02,61.6,Up to Date,402
2025-06-08,M05,458,19.4,Night,OP15,67.6,Up to Date,465
2025-07-01,M03,601,10.4,Night,OP13,68.9,Up to Date,610
2025-06-15,M05,487,13.2,Night,OP13,71.3,Up to Date,499
2025-09-28,M07,439,3.4,Afternoon,OP06,64.3,Due Soon,444
2025-02-08,M06,584,7.2,Morning,OP04,62.3,Up to Date,597
2025-01-19,M07,429,8.8,Afternoon,OP07,59.4,Up to Date,439
2025-07-20,M06,598,2.3,Morning,OP03,71.1,Due Soon,615
2025-06-20,M08,371,9.4,Afternoon,OP08,71.5,Up to Date,379
2025-05-02,M07,438,3.4,Afternoon,OP06,66.3,Due Soon,449
2025-02-10,M06,555,31.0,Afternoon,OP09,65.6,Up to Date,573
2025-10-28,M02,433,18.6,Morning,OP02,59.4,Up to Date,440
2025-05-08,M01,476,,Afternoon,OP07,67.3,Up to Date,484
2025-06-08,M02,419,10.2,Afternoon,OP06,69.8,Due Soon,429
2025-12-08,M06,179,298.4,Night,OP15,77.4,Overdue,198
2025-03-05,M06,617,30.7,Morning,OP05,61.5,Up to Date,628
2025-05-24,M06,575,14.4,Night,OP14,66.3,Up to Date,580
2025-11-12,M07,446,20.0,Afternoon,OP07,62.0,Up to Date,451
2025-10-29,M06,488,11.2,Night,OP15,77.9,Overdue,542
2025-03-06,M01,479,7.9,Afternoon,,64.0,Up to Date,485
2025-10-06,M02,418,10.8,Night,OP11,62.2,Up to Date,431
2025-11-11,M03,262,239.0,Morning,OP04,78.9,Overdue,291
2025-07-06,M08,376,22.7,Night,OP13,67.0,Up to Date,379
2025-11-19,M07,423,25.5,Afternoon,OP07,63.6,Up to Date,428
2025-04-29,M06 ,628,8.0,Morning,OP05,65.8,Up to Date,642
2025-05-04,M07,440,6.8,Night,OP12,63.3,Due Soon,450
2025-05-28,M04,394,17.4,Afternoon,OP06,67.6,Up to Date,405
2025-10-21,M04,384,20.9,Afternoon,OP06,64.8,Up to Date,394
2025-09-09,M01,496,2.3,Afternoon,OP07,70.8,Up to Date,502
2025-12-21,M07,431,11.1,Afternoon,OP06,58.4,Up to Date,441
2025-08-21,M07,433,14.8,Night,OP12,66.7,Up to Date,445
2025-03-11,M08,343,8.1,Night,OP15,62.9,Due Soon,349
2025-03-28,M03,527,82.3,NIGHT,OP14,65.9,Up to Date,541
2025-01-12,M07,424,6.3,Afternoon,OP06,63.7,Up to Date,436
2025-10-07,M06,472,24.7,Night,OP15,74.6,Overdue,512
2025-07-13,M03,580,29.8,Afternoon,OP08,72.7,Up to Date,593
2025-05-21,M04,353,31.3,Morning,OP02,68.7,Up to Date,359
2025-12-11,M04,395,3.2,Morning,OP01,65.0,Due Soon,401
2025-08-28,M04,408,15.9,Afternoon,,70.5,Up to Date,415
2025-05-11,M05,509,23.5,Morning,OP05,67.6,Due Soon,521
2025-02-18,M02,423,4.2,Morning,OP01,57.5,Due Soon,425
2025-02-21,M02,403,28.0,Night,OP12,58.0,Up to Date,408
2025-12-25,M07,436,4.2,Afternoon,OP07,61.8,Due Soon,448
2025-02-22,M02,396,23.2,Morning,OP01,57.1,Up to Date,403
2025-04-13,M01,498,3.6,Morning,OP01,68.4,Due Soon,510
2025-05-16,M07,438,24.0,Morning,OP01,65.0,Up to Date,445
2025-10-21,M03,299,206.7,Afternoon,OP08,81.3,Overdue,327
2025-02-24,M06,612,16.1,Afternoon,OP10,66.4,Up to Date,627
2025-03-21,M03,646,9.3,Afternoon,OP09,65.0,Up to Date,658
2025-05-26,M04,387,21.4,Night,OP11,65.0,Up to Date,395
2025-04-23,M03,641,14.9,Afternoon,OP09,71.0,Up to Date,651
2025-11-09,M01,481,10.1,Afternoon,OP06,65.7,Up to Date,487
2025-03-04,M02,410,15.4,Night,OP11,60.8,Up to Date,422
2025-05-17,M04,387,10.3,Night,OP11,66.2,Up to Date,392
2025-05-05,M07,303,163.0,Morning,OP01,64.6,In Progress,310
2025-01-01,M02,422,2.5,Morning,OP02,,Up to Date,431
2025-02-19,M01,328,128.6,Morning,OP02,62.6,In Progress,339
2025-04-25,M08,386,15.6,Night,OP13,62.4,Up to Date,393
2025-02-05,M03,608,17.1,Morning,OP05,61.8,Due Soon,628
2025-03-10,M03,572,12.3,Night,OP15,64.1,Up to Date,586
2025-12-04,M06,212,289.6,Morning,OP04,76.8,Overdue,237
2025-03-05,M04,400,26.5,Morning,OP01,60.1,Up to Date,408
2025-02-08,M08,390,6.5,Night,OP13,61.8,Due Soon,397
2025-11-27,M02,426,10.6,Morning,OP02,62.7,Up to Date,431
2025-06-18,M05,484,30.5,Afternoon,OP10,73.0,Up to Date,500
2025-09-22,M07,454,6.9,Night,OP11,68.0,Up to Date,461
2025-03-26,M02,425,6.7,Morning,OP02,61.1,Up to Date,430
2025-09-07,M03,560,19.6,Morning,OP03,71.1,Overdue,574
2025-09-10,M06,514,26.1,Night,OP13,73.4,overdue,543
2025-03-06,M06,501,101.5,Morning,OP03,999.0,Up to Date,509
2025-06-10,M06,556,16.8,Afternoon,OP08,72.7,Up to Date,566
2025-04-14,M06,602,6.7,Morning,OP03,68.3,Due Soon,614
2025-01-11,M05,501,20.2,Morning,OP03,62.5,Up to Date,506
2025-06-07,M07,450,1.2,Morning,OP01,68.3,Up to Date,458
2025-03-27,M07,445,6.7,Afternoon,OP06,64.8,Up to Date,452
2025-11-25,M02,420,5.4,Afternoon,OP07,58.9,Up to Date,427
2025-11-04,M05,436,27.2,Night,OP15,71.6,Overdue,455
2025-03-11,M04,393,7.7,Night,OP12,61.7,Up to Date,397
2025-02-27,M07,415,9.1,Night,OP12,63.7,Due Soon,422
2025-06-14,M06,566,17.5,Night,OP14,69.2,Due Soon,578
2025-03-16,M01,415,36.1,Afternoon,OP06,66.1,Due Soon,425
2025-02-13,M05,499,15.7,Morning,OP05,66.3,Due Soon,510
2025-10-26,M01,416,30.8,Afternoon,OP07,65.6,Up to Date,423
2025-11-12,M08,365,16.8,Morning,OP04,64.8,Up to Date,375
2025-05-15,M02,405,4.8,Night,OP11,66.3,Up to Date,412
2025-09-21,M02,409,28.6,Morning,OP02,66.3,Up to Date,416
2025-11-03,M05,430,68.3,Night,OP14,71.1,Overdue,443
2025-02-07,M01,450,21.6,Afternoon,OP06,62.0,Up to Date,457
2025-04-17,M07,435,18.0,Afternoon,OP07,63.9,Up to Date,446
2025-02-11,M02,402,6.7,Afternoon,OP06,59.8,Up to Date,412
2025-01-02,M07,500.24999999999994,10.7,Afternoon,OP07,61.3,Up to Date,435
2025-01-03,M07,423,42.1,Morning,OP01,60.4,Up to Date,432
2025-09-19,M02,425,12.5,Night,OP12,64.9,Up to Date,434
2025-06-01,M06,576,11.6,Night,OP13,67.3,Up to Date,586
09/06/2025,M02,395,4.8,Morning,OP02,64.6,Due Soon,401
2025-01-15,M05,493,,Night,OP14,59.5,Up to Date,502
2025-12-15,M06,484,3.7,Afternoon,OP10,79.1,Overdue,543
2025-01-31,M07,295,153.6,Morning,OP02,62.2,In Progress,302
2025-10-06,M06,493,9.2,Morning,OP04,76.1,Overdue,536
2025-07-05,M08,359,22.2,Night,OP13,69.5,Up to Date,368
2025-09-19,M05,408,102.9,Afternoon,OP09,70.6,Up to Date,419
2025-05-17,M07,405,46.1,Morning,OP02,64.9,Up to Date,413
2025-07-28,M01,453,18.3,Morning,OP01,70.6,Up to Date,465
2025-10-17,M06,525,7.0,Afternoon,OP10,79.2,Overdue,569
2025-04-21,M03,595,8.0,Night,OP15,66.7,Up to Date,607
2025-06-04,M02,419,8.6,Night,OP11,63.8,Up to Date,428
2025-02-16,M06,582,13.7,Morning,OP03,63.9,Due Soon,590
2025-01-13,M07,444,11.1,Night,OP12,61.9,Up to Date,448
2025-04-30,M01,450,5.1,Night,OP12,69.8,Up to Date,462
2025-11-25,M03,178,315.2,Afternoon,OP09,79.7,Overdue,199
2025-12-25,M04,370,25.8,Night,OP12,64.4,Up to Date,378
2025-01-27,M01,452,23.1,Afternoon,OP07,65.5,Up to Date,462
2025-10-22,M05,499,5.2,Afternoon,OP10,70.6,Overdue,515
2025-09-21,M03,553,25.8,Morning,OP05,76.8,Overdue,591
2025-10-19,M05,498,26.9,Morning,OP04,69.8,Overdue,516
2025-01-30,M06,619,10.6,Morning,OP03,64.4,Up to Date,622
2025-09-24,M03,567,18.7,Morning,OP03,76.0,Overdue,599
2025-10-03,M07,426,9.4,Night,OP11,68.6,Up to Date,440
2025-08-24,M08,376,22.8,Afternoon,OP10,73.9,Up to Date,386
2025-06-25,M05,513,22.5,Morning,OP05,73.6,Up to Date,524
2025-01-22,M05,501,6.5,Night,OP15,62.6,Up to Date,515
2025-06-20,M04,373,8.2,Night,OP12,70.5,Up to Date,382
2025-06-06,M08,392,7.2,Morning,OP03,,Up to Date,397
2025-11-15,M03,51,434.7,Morning,OP04,75.9,Overdue,56
2025-10-08,M01,456,5.7,Afternoon,OP07,73.0,Up to Date,465
2025-11-13,M04,406,14.6,Morning,OP01,59.3,Due Soon,415
2025-06-26,M01,478,7.8,Afternoon,OP06,70.5,Up to Date,492
2025-07-02,M05,521,20.1,Morning,OP04,69.0,Up to Date,531
2025-07-28,M03,625,3.0,Afternoon,OP09,71.6,Up to Date,645
2025-06-07,M07,438,4.7,Night,OP12,70.4,Up to Date,444
2025-03-22,M01,440,4.6,Night,OP12,64.3,Up to Date,448
2025-06-15,M03,637,16.3,Morning,OP03,69.2,Up to Date,653
2025-01-26,M08,369,1.9,Night,OP13,62.7,Up to Date,381
2025-06-28,M05,500,21.5,Morning,OP04,72.7,Up to Date,507
2025-03-07,M03,590,19.2,Morning,OP05,,Due Soon,601
2025-11-05,M01,445,21.6,Morning,OP02,65.7,Up to Date,453
2025-07-21,M04,394,9.2,Night,OP11,66.1,Up to Date,403
2025-04-02,M02,424,9.7,Morning,OP01,59.1,Up to Date,434
2025-12-31,M05,483,6.5,Night,OP14,63.4,Overdue,495
2025-03-13,M08,355,13.1,Night,OP15,67.3,Due Soon,361
2025-12-22,M02,434,3.9,Morning,OP02,55.5,Up to Date,447
2025-08-26,M08,385,18.0,Afternoon,OP08,70.6,Up to Date,391
2025-07-20,M02,423,3.6,Afternoon,OP07,66.4,Up to Date,432
2025-01-15,M07,434,23.4,Afternoon,OP06,60.9,Up to Date,441
2025-12-30,M03,406,103.8,Afternoon,OP08,75.3,Overdue,452
2025-08-21,M06,550,13.2,Afternoon,OP10,77.0,Overdue,572
2025-10-17,M04,415,3.5,Afternoon,OP06,65.4,Up to Date,423
2025-08-09,M01,470,19.4,Afternoon,OP07,72.0,Up to Date,480
2025-09-05,M06,530,8.8,Afternoon,OP09,75.0,Overdue,563
2025-04-05,M07,425,8.0,Morning,OP02,59.8,Up to Date,429
2025-09-27,M03,401,130.1,Night,OP15,75.1,Overdue,423
2025-11-05,M05,498,7.8,Morning,OP05,70.3,Overdue,519
2025-10-01,M07,300,166.7,Morning,OP02,65.9,In Progress,305
2025-12-30,M06,350,110.7,Night,OP15,76.2,Overdue,393
2025-04-09,M07,440,12.9,Morning,OP02,62.9,Up to Date,446
2025-05-09,M06,602,8.9,Afternoon,OP08,68.4,Up to Date,616
2025-05-21,M02,433,2.3,Night,OP12,67.7,Up to Date,438
2025-10-07,M06,506,6.7,Afternoon,OP10,78.1,Overdue,552
2025-01-12,M01,457,18.3,Afternoon,OP06,62.9,Due Soon,465
2025-05-13,M06,526,81.7,Afternoon,OP10,69.1,Due Soon,534
2025-11-11,M03,262,239.0,Morning,OP04,78.9,Overdue,291
2025-06-30,M03,601,13.9,Night,OP13,69.3,Up to Date,615
2025-04-08,M02,401,4.2,Night,OP12,61.5,Up to Date,408
2025-07-10,M06,590,16.8, Afternoon ,OP10,70.4,Up to Date,605
2025-08-28,M03,612,16.7,Morning,OP05,72.7,Overdue,624
2025-08-09,M08,385,8.2,Night,OP13,71.2,Up to Date,388
2025-02-05,M08,372,21.3,Afternoon,OP10,63.0,Up to Date,381
2025-01-29,M04,404,10.1,Morning,OP02,62.2,Up to Date,409
2025-01-30,M08,380,16.1,Afternoon,OP09,67.0,Up to Date,386
2025-05-09,M02,433,10.1,Afternoon,OP06,65.8,Up to Date,440
2025-02-22,M07,441,9.0,Afternoon,OP07,62.0,Up to Date,451
2025-03-27,M06,557,9.0,Afternoon,OP08,67.8,Up to Date,566
2025-02-24,M03,635,8.5,MORNING,OP03,63.8,Up to Date,641
19/07/2025,M03,636,5.2,Afternoon,OP10,72.4,Up to Date,646
2025-10-31,M03,534,2.9,Morning,OP05,77.9,Overdue,583
2025-11-28,M08,372,11.8,Night,OP15,64.9,Up to Date,379
2025-03-20,M02,399,17.7,Morning,OP01,63.2,Due Soon,415
2025-02-10,M08,367,11.9,Afternoon,OP08,65.3,Due Soon,375
2025-02-02,M04,378,19.2,Night,OP11,60.9,Up to Date,388
2025-08-28,M06,565,14.0,Morning,OP03,74.2,Overdue,594
2025-09-14,M05,465,30.6,Night,OP15,69.0,Up to Date,472
2025-02-26,M04,406,5.0,Night,OP11,58.9,Up to Date,416
2025-06-12,M06,592,4.3,Night,OP13,69.0,Due Soon,601
2025-03-15,M07,420,5.4,NIGHT,OP11,63.3,Up to Date,433
2025-05-14,M04,373,32.1,Afternoon,OP06,64.8,Up to Date,383
2025-05-05,M03,591,26.1,Night,OP14,68.6,Due Soon,600
2025-02-12,M06,592,10.9,Afternoon,OP09,64.6,Up to Date,605
2025-03-17,M06,603,6.2,Morning,OP03,61.9,Due Soon,616
2025-07-07,M07,439,10.2,Morning,OP01,69.6,Up to Date,449
2025-04-26,M04,401,9.9,Night,OP11,63.2,Up to Date,410
2025-05-19,M08,360,9.5,Night,OP15,71.1,Up to Date,363
2025-01-22,M04,389,9.6,Night,OP11,64.0,Up to Date,398
2025-09-05,M05,310,165.5,Morning,OP04,70.3,Overdue,325
2025-04-14,M02,424,1.4,Afternoon,OP06,61.7,Up to Date,431
2025-02-26,M07,370,78.8,Night,OP12,62.4,Due Soon,379
2025-08-14,M05,461,1440.0,Night,OP15,67.3,Due Soon,474
2025-02-15,M04,377,5.3,Night,OP11,59.8,Up to Date,386
2025-06-20,M04,387,19.5,Morning,OP01,65.3,Up to Date,395
2025-03-16,M07,429,8.6,Morning,OP02,61.4,Up to Date,437
2025-10-01,M06,503,8.1,Afternoon,OP08,76.1,Overdue,537
2025-09-30,M02,411,25.0,Night,OP11,65.2,Up to Date,419
2025-07-22,M-01,416,55.8,Afternoon,OP06,72.3,Up to Date,425
2025-12-13,M08,370,21.7,Night,OP13,60.2,Up to Date,375
2025-12-28,M05,399,102.5,Afternoon,OP09,67.3,Overdue,411
2025-09-11,M07,444,6.3,Night,OP11,66.3,Up to Date,454
2025-04-20,M07,415,25.6,Night,OP11,62.3,Up to Date,425
2025-04-14,M03,511,109.2,Morning,OP05,68.1,Up to Date,516
2025-08-26,M08,385,21.7,Morning,OP05,70.3,Up to Date,392
2025-06-17,M01,446,30.8,Morning,OP02,68.8,Due Soon,458
2025-07-14,M02,409,10.1,Night,OP11,66.0,Up to Date,412
2025-08-25,M08,378,21.4,Morning,OP05,71.3,Up to Date,389
2025-02-01,M06,605,3.7,Night,OP13,62.3,Up to Date,621
2025-06-04,M07,436,15.1,Afternoon,OP07,69.6,Up to Date,445
2025-09-04,M08,403,6.2,Afternoon,OP10,68.8,Up to Date,412
2025-12-23,M03,506,2.4,Morning,OP03,77.9,Overdue,570
2025-04-29,M01,433,13.5,Night,OP11,66.8,Up to Date,448
2025-09-14,M02,412,14.7,Morning,OP02,66.7,Due Soon,414
2025-07-23,M03,647,1.0,Morning,OP03,71.1,Up to Date,659
2025-05-21,M02,402,7.2,Afternoon,OP07,64.2,Up to Date,412
2025-01-20,M08,387,8.1,Morning,OP04,63.9,Up to Date,392
2025-09-12,M05,421,94.5,Afternoon,OP09,68.9,Up to Date,427
2025-10-29,M07,421,28.5,Afternoon,OP06,64.0,Up to Date,432
2025-06-27,M07,460,1.6,Night,OP11,71.2,Up to Date,470
2025-11-04,M03,501,5.7,Night,OP15,74.6,Overdue,549
2025-07-06,M01,479,12.4,Afternoon,OP07,71.8,Up to Date,489
2025-06-10,M03,653,6.8,Morning,OP04,70.2,Up to Date,664
2025-08-09,M02,421,4.3,Afternoon,OP06,,Due Soon,424
21/04/2025,M06,595,17.8,Afternoon,OP09,64.6,Up to Date,602
2025-10-29,M05,489,12.3,Night,OP13,67.4,Overdue,495
2025-11-22,M04,376,23.6,Afternoon,OP06,67.2,Up to Date,383
2025-02-26,M06,599,6.4,Morning,OP04,60.2,Up to Date,617
2025-06-25,M02,426,5.9,Morning,OP01,66.3,Up to Date,428
2025-08-01,M02,401,8.0,Afternoon,OP06,67.3,Up to Date,408
10/07/2025,M07,399,52.5,Morning,OP02,68.7,Up to Date,405
2025-10-04,M04,381,21.5,Afternoon,OP07,69.2,Up to Date,393
2025-01-09,M05,538,4.1,Morning,OP03,61.9,Up to Date,547
2025-07-10,M05,522,3.3,Morning,OP03,70.8,Due Soon,525
2025-07-10,M03,617,4.1,Night,OP15,72.9,Up to Date,620
2025-04-26,M07,424,12.6,Morning,OP02,64.2,Up to Date,431
2025-07-22,M04,299,120.9,Afternoon,OP07,70.8,Up to Date,307
2025-01-23,M06,602,5.0,Afternoon,OP10,67.6,Up to Date,617
2025-02-01,M08,391,8.0,Morning,OP04,63.6,Up to Date,401
2025-12-21,M05,494,32.8,Morning,OP05,62.7,Overdue,505
2025-06-11,M08,384,21.5,Night,OP13,70.1,Up to Date,394
2025-07-15,M05,468,12.2,Night,OP15,69.5,Up to Date,478
2025-08-03,M03,593,15.3,Night,OP15,68.9,Up to Date,606
2025-08-20,M06,574,14.6,Morning,OP04,71.4,Overdue,598
2025-06-14,M04,382,20.4,Night,OP11,67.6,Due Soon,391
2025-05-31,M05,503,8.0,Morning,OP04,65.6,Up to Date,517
2025-06-03,M06,578,6.7,Morning,OP03,69.0,Up to Date,589
2025-10-07,M05,513,2.1,Night,OP15,67.5,Due Soon,521
2025-05-03,M02,396,27.4,Afternoon,OP06,62.2,Up to Date,402
2025-11-16,M03,502,18.4,Night,OP13,79.8,Overdue,550
2025-04-14,M02,424,1.4,Afternoon,OP06,61.7,Up to Date,431
29/12/2025,M06,472,11.1,Morning,OP04,75.6,Overdue,528
2025-09-13,M08,351,3.5,Night,OP15,70.8,Due Soon,357
2025-06-08,M03,608,11.3,Afternoon,OP09,71.2,Up to Date,624
2025-12-31,M07,463,3.1,Afternoon,OP07,61.0,Up to Date,471
2025-12-12,M07,421,2.3,Morning,OP01,64.3,Up to Date,430
2025-03-10,M05,499,22.0,Night,OP14,60.4,Up to Date,512
2025-02-19,M08,351,19.9,Afternoon,OP09,64.9,Up to Date,359
2025-05-17,M03,629,4.7,Morning,OP03,70.0,Up to Date,643
2025-07-12,M07,423,16.8,Morning,OP02,66.3,Up to Date,435
2025-03-03,M07,426,2.4,Afternoon,OP07,63.3,Up to Date,434
2025-08-06,M05,519,8.3,Morning,OP03,69.9,Up to Date,526
2025-08-01,M01,455,2.7,Night,OP12,68.2,Up to Date,465
2025-11-30,M08,392,15.3,Afternoon,OP09,64.8,Up to Date,402
2025-03-11,M03,544,48.9,Night,OP14,64.5,Up to Date,554
14/04/2025,M05,494,9.7,Night,OP15,67.9,Due Soon,506
2025-02-21,M06,587,1.4,Morning,OP03,60.7,Up to Date,608
2025-01-22,M01,472,5.8,Night,OP12,63.3,Up to Date,482
2025-12-20,M05,508,8.8,Morning,OP03,61.3,Overdue,520
2025-01-23,M07,448,10.6,Night,OP11,59.3,Up to Date,454
2025-05-19,M06,597,6.5,Morning,OP04,68.3,Up to Date,613
2025-04-15,M05,522,12.4,Morning,OP04,65.1,Due Soon,529
2025-03-14,M05,450,20.3,Afternoon,OP08,64.4,Due Soon,458
2025-07-11,M05 ,499,33.0,Morning,OP03,69.7,Due Soon,506
2025-10-31,M02 ,403,1440.0,Afternoon,OP06,61.3,Up to Date,415
2025-01-18,M05,520,9.4,Morning,OP03,66.1,Up to Date,536
19/12/2025,M02,403,25.5,Night,OP12,58.5,Up to Date,414
2025-12-09,M01,438,8.0,Afternoon,OP06,65.1,Up to Date,450
2025-06-23,M01,439,13.4,Morning,OP02,71.7,Up to Date,449
2025-07-20,M07 ,430,20.4,Morning,OP01,71.0,Up to Date,436
2025-09-04,M05,463,11.7,Night,OP14,70.9,Overdue,479
2025-01-24,M04,390,21.0,Morning,OP02,60.1,Up to Date,397
2025-09-18,M08,356,1440.0,Night,OP15,72.8,Due Soon,363
2025-03-09,M08,381,9.2,Afternoon,OP10,63.2,Due Soon,393
2025-02-18,M06,561,22.9,Afternoon,OP08,63.1,Due Soon,570
2025-01-16,M08,350,41.3,Afternoon,OP08,62.5,Up to Date,359
2025-02-17,M04,388,18.8,Afternoon,OP06,61.6,Up to Date,398
2025-04-03,M07,426,7.0,Afternoon,OP07,63.7,Up to Date,432
2025-08-30,M01,447,13.3,Morning,OP02,70.5,Up to Date,454
2025-11-08,M01,450,1.9,Night,OP12,65.0,Up to Date,460
2025-06-12,M01,460,7.9,Night,OP11,74.3,Up to Date,469
12/06/2025,M01,297,152.2,Morning,OP02,66.9,Up to Date,305
2025-10-08,M07,466,1.4,Afternoon,OP07,67.3,Up to Date,477
2025-08-22,M01,371,108.9,Morning,OP01,71.6,Up to Date,376
2025-07-17,M05,491,36.3, Morning ,OP05,72.2,Up to Date,505
2025-12-26,M04,374,15.6,Night,OP11,58.5,Up to Date,380
2025-10-09,M03,549,10.7,Afternoon,OP08,75.1,Overdue,581
2025-06-21,M01,437,6.1,Night,OP12,,Due Soon,446
2025-03-04,M08,369,14.7,Night,OP15,,Up to Date,375
2025-11-10,M08,381,15.3,Morning,OP03,65.6,Up to Date,391
2025-07-03,M07,425,20.2,Afternoon,OP07,72.5,Up to Date,437
2025-04-19,M01,469,3.7,Afternoon,OP06,67.2,Up to Date,482
2025-09-08,M04,383,9.7,Afternoon,OP06,67.9,Up to Date,390
2025-02-06,M01,442,14.4,Afternoon,,68.4,Up to Date,449
2025-08-09,M07,406,40.9,Afternoon,OP07,68.7,Up to Date,416
11/07/2025,M01,462,8.1,Morning,OP02,71.9,Up to Date,472
2025-07-12,M03,573,23.6,Afternoon,OP09,76.3,Up to Date,595
2025-04-12,M02,426,11.4,Afternoon,OP07,61.8,Up to Date,435
2025-07-22,M07,431,9.6,Morning,OP02,69.7,Up to Date,437
2025-09-24,M01,458,15.6,Morning,OP01,67.7,Up to Date,467
2025-06-12,M05,360,165.7,Morning,OP04,73.6,In Progress,369
2025-12-13,M06,454,19.4,Afternoon,OP10,79.1,Overdue,510
2025-06-06,M01,434,16.8,Night,OP12,72.0,Up to Date,445
2025-04-09,M08,398,9.5,Afternoon,OP09,64.5,Up to Date,406
2025-09-22,M04,377,11.8,Night,OP11,64.7,Up to Date,387
2025-07-31,M07,444,4.9,Night,OP12,67.7,Due Soon,453
2025-04-06,M01,473,4.4,Morning,OP01,64.3,Up to Date,483
2025-11-26,M08 ,365,20.1,Afternoon,OP08,63.6,Up to Date,373
2025-02-23,M08,388,6.7,Morning,OP04,62.6,Up to Date,397
2025-03-25,M05,491,8.4,Night,,63.0,Up to Date,504
2025-11-07,M07,453,9.3,Morning,OP01,62.8,Up to Date,460
2025-11-30,M01,451,9.5,Night,OP11,62.2,Up to Date,459
2025-12-02,M08,388,5.8,Night,OP14,65.7,Up to Date,389
2025-11-14,M06,247,232.3,Afternoon,OP08,78.8,Overdue,278
2025-05-21,M08,398,6.4,Afternoon,OP10,69.5,Up to Date,404
2025-02-17,m07,431,4.6,Morning,OP01,56.8,Up to Date,441
2025-07-13,M01,453,2.5,Afternoon,OP07,68.6,Up to Date,463
2025-08-21,M03,595,20.6,Morning,OP04,72.7,Overdue,610
2025-09-27,M04,429,6.1, Afternoon ,OP07,66.2,Up to Date,438
2025-06-01,M02,393,14.8,Night,OP11,64.4,Up to Date,403
2025-01-06,M07,427,11.2,Afternoon,OP06,63.1,Up to Date,440
2025-09-27,M06,506,16.5,Night,OP14,75.9,Overdue,541
11/09/2025,M-04,405,,Night,OP11,67.4,Up to Date,413
2025-08-17,M07,432,15.2,Morning,OP01,68.1,Up to Date,443
2025-06-17,M07,455,8.3,Afternoon,OP07,66.4,Up to Date,464
2025-10-30,M02,406,20.3,Night,OP11,62.0,Up to Date,415
2025-08-20,M04,314,106.3,Afternoon,OP06,65.6,Up to Date,324
2025-05-02,M05,512,13.5,Morning,OP04,66.2,Up to Date,520
2025-08-25,M05,515,11.9,Morning,OP05,71.1,Overdue,526
2025-12-26,M05,477,25.8,Afternoon,OP10,67.5,Overdue,495
2025-03-30,M05,500,16.8,Afternoon,OP08,63.4,Up to Date,510
2025-12-28,M02,424,5.2,Morning,,59.4,Up to Date,432
20/09/2025,M06,504,21.7,Afternoon,OP08,78.8,Overdue,543
2025-06-26,M06,572,0.3,Night,OP15,71.6,Up to Date,586
2025-09-19,M03,469,98.6,Morning,OP05,74.1,Overdue,491
2025-05-18,M01,439,21.5,Night,OP11,70.9,Due Soon,450
2025-03-24,M08,390,11.8,Morning,OP05,63.3,Up to Date,397
2025-01-28,M05,520,6.8,Afternoon,OP09,64.2,Up to Date,526
2025-05-18,M06,607,7.5,Night,OP14,64.7,Up to Date,616
2025-04-18,M02,433,4.7,Morning,OP01,61.5,Up to Date,441
2025-06-28,M04,395,20.7,Night,OP12,68.3,Up to Date,400
2025-08-04,M08,376,22.3,Afternoon,OP10,74.0,Up to Date,382
2025-11-08,M05,474,6.2,Night,OP13,67.8,Overdue,495
2025-10-18,M05,486,7.1,Afternoon,OP10,,Overdue,497
2025-08-19,M06,533,2.4,Afternoon,OP10,79.6,overdue,560
2025-12-13,M02,389,7.0,Night,OP11,58.5,Due Soon,398
2025-05-15,M06,552,36.0,Night,OP13,68.0,Due Soon,569
2025-01-05,M08,383,6.2,Afternoon,OP08,62.8,Up to Date,388
2025-08-17,M-05,477,40.2,Afternoon,OP10,70.4,Due Soon,484
2025-05-01,M01,441,8.7,Morning,OP01,,Up to Date,450
2025-05-09,M04,398,4.2,Afternoon,OP07,65.4,Due Soon,410
2025-01-29,M08,386,19.6,Afternoon,OP08,63.7,Up to Date,393
2025-05-27,M04,389,11.7,Morning,OP02,63.1,Up to Date,397
2025-06-04,M05,499,3.8,Night,OP15,68.9,Up to Date,512
2025-09-06,M08,401,4.6,Morning,OP05,68.0,Up to Date,410
23/03/2025,M05,486,14.1,Morning,OP04,64.6,Up to Date,501
2025-11-20,M02,412,6.7,Night,OP11,60.2,Up to Date,420
2025-06-23,M03,618,23.9,Morning,,67.9,Up to Date,629
2025-05-19,M07,428,14.3,Afternoon,OP06,69.1,Up to Date,437
2025-05-27,M02,371,55.1,Afternoon,OP06,63.6,Up to Date,380
2025-09-12,M01,469,2.7,Afternoon,OP06,71.5,Up to Date,478
2025-02-02,M07,432,7.0,Afternoon,OP07,63.9,Up to Date,442
2025-11-01,M01,434,22.1,Morning,OP01,63.5,Up to Date,444
2025-09-16,M03,435,119.2,Afternoon,OP09,,Overdue,462
2025-11-07,M08,368,18.9,Night,OP13,66.6,Up to Date,380
2025-08-31,M01,435,50.0,Afternoon,OP07,70.2,Up to Date,443
2025-01-16,M06,575,3.9,Night,OP15,,Due Soon,583
2025-04-09,M02,429,11.2,Morning,OP02,60.1,Up to Date,438
2025-03-25,M02,443,7.9,Afternoon,OP06,62.1,Up to Date,447
2025-05-31,M01,455,17.5,Afternoon,OP06,72.3,Up to Date,461
2025-04-18,M08,371,13.0,Morning,OP03,70.4,Up to Date,377
2025-04-08,M07,427,11.3,Afternoon,OP07,66.6,Up to Date,438
04/05/2025,M04,376,17.6,Night,OP11,64.4,Up to Date,383
2025-10-19,M07,423,16.1,Morning,OP01,62.8,Up to Date,434
2025-06-03,M02,413,11.5,Afternoon,OP06,65.3,Up to Date,422
2025-05-24,M01,420,36.8,Night,OP11,69.2,Up to Date,429
2025-01-27,M06,575,8.3,Night,OP14,60.5,Up to Date,588
2025-08-03,M08,367,4.9,Afternoon,OP08,74.0,Up to Date,376
2025-11-12,M01,449,14.0,AFTERNOON,OP07,63.1,Up to Date,457
2025-09-23,M03,594,15.4,Afternoon,OP09,74.1,Overdue,620
2025-08-13,M03,598,14.1,Morning,OP05,74.7,Due Soon,614
2025-01-24,M06,583,16.2,Morning,OP04,59.7,Up to Date,598
2025-02-28,M08,375,5.2,Night,OP15,63.6,Up to Date,385
2025-02-26,M01,437,32.2,Night,OP12,61.2,Up to Date,443
2025-10-25,M04,393,2.3,Night,OP11,70.3,Up to Date,403
2025-11-01,M06,488,11.3,Morning,OP05,77.8,Overdue,544
2025-05-22,M04,399,4.5,Morning,OP01,66.4,Up to Date,408
2025-01-06,M08,370,8.4,Night,OP15,63.6,Up to Date,378
2025-12-18,M03,444,11.3,Night,OP15,77.2,Overdue,502
2025-03-07,M04,393,14.1,Morning,OP02,59.3,Up to Date,398
2025-06-05,M03,628,2.9,Morning,OP05,70.2,Due Soon,645
2025-07-30,M08,385,3.2,Afternoon,OP09,74.4,Up to Date,390
2025-10-11,M07,422,21.0,Afternoon,OP07,68.1,Up to Date,433
2025-03-03,M05,500,19.8,Night,OP13,63.8,Up to Date,510
2025-02-09,M07,430,6.0,Night,OP11,57.2,Up to Date,437
2025-10-12,M01,455,15.4,Afternoon,OP07,66.2,Up to Date,466
2025-02-02,M02,394,13.7,Morning,OP01,56.1,Up to Date,400
2025-01-27,M01,456,12.6,Morning,OP02,62.3,Up to Date,466
2025-07-28,M06,512,61.0,Night,OP15,72.7,Overdue,526
2025-02-24,M04,381,25.7,Night,OP12,62.4,Up to Date,388
2025-01-24,M03,606,10.3,Night,OP14,63.6,Up to Date,623
2025-03-31,M08,389,11.8,Morning,OP04,64.7,Up to Date,392
2025-04-09,M02,436,9.6,Night,OP12,,Up to Date,445
2025-05-31,M07,427,4.6,Morning,OP01,68.7,Due Soon,439
2025-11-30,M06,488,1.6,Afternoon,OP09,81.1,Overdue,549
2025-04-27,M02,401,,Night,OP11,63.6,Up to Date,405
2025-09-22,m03,441,121.0,Morning,OP04,76.0,Overdue,463
2025-02-10,M05,537,2.2,Morning,OP03,63.4,Up to Date,543
2025-06-23,M08,411,2.9,Morning,OP03,71.8,Up to Date,420
2025-05-30,M06,595,2.6,Night,OP13,72.0,Up to Date,609
2025-05-25,M08,377,13.8,Morning,OP04,71.7,Up to Date,381
2025-09-18,M06,485,33.1,Night,OP14,78.5,Overdue,525
2025-02-25,M08,357,6.7,Night,OP15,67.3,Up to Date,365
2025-10-04,M05,528,4.2,Afternoon,OP08,68.4,Up to Date,537
2025-01-07,M02,399,15.3,Morning,OP01,63.6,Up to Date,409
2025-05-14,M03,659,13.0,Morning,OP03,68.8,Up to Date,673
2025-11-30,M05,516,19.1,Morning,OP04,63.7,Up to Date,525
2025-04-13,M07,427,24.0,Morning,OP01,64.2,Up to Date,432
2025-04-27,M06,591,4.9,Morning,OP05,67.9,Up to Date,607
2025-06-29,M06,620,10.6,Morning,OP03,69.6,Up to Date,638
2025-08-09,M08,378,30.0,Morning,OP04,70.3,Up to Date,390
2025-06-22,M03,556,10.6,Night,OP15,69.0,Up to Date,571
2025-01-23,M02,410,11.7,Night,OP12,57.2,Up to Date,418
2025-08-06,M05,517,12.5,Afternoon,OP09,72.2,Up to Date,531
2025-01-13,M05,493,19.3,Afternoon,OP08,68.6,Up to Date,501
2025-05-09,M07,440,3.0,Afternoon,OP06,67.1,Up to Date,451
2025-04-14,M07,438,16.0,Afternoon,OP06,64.6,Up to Date,442
2025-06-19,M07,433,30.5,Night,OP11,67.0,Up to Date,443
2025-03-21,M01,431,29.5,Night,OP11,59.0,Up to Date,441
2025-06-30,M08,375,4.2,Afternoon,OP08,73.6,Up to Date,382
2025-06-04,M01,440,17.8,Night,OP11,70.0,Up to Date,446
2025-01-10,M06,612,5.7,Morning,OP03,62.0,Up to Date,622
2025-10-21,M01,322,157.4,Morning,OP01,68.3,In Progress,328
2025-09-27,M01,436,19.6,Night,OP12,68.5,Up to Date,440
2025-11-04,M07,442,16.4,Night,OP11,65.2,Up to Date,452
2025-09-27,M08,392,7.9,Afternoon,OP08,67.8,Up to Date,399
2025-03-13,M07,439,2.7,Night,OP11,57.7,Up to Date,449
2025-10-20,M08,374,,Night,OP15,67.2,Up to Date,384
2025-07-14,M06,615,8.4,Morning,OP04,70.6,Up to Date,631
2025-12-22,M05,491,22.0,Morning,OP05,65.9,Overdue,505
2025-08-27,M03,608,7.7,Morning,OP04,72.5,Overdue,633
2025-11-19,M03,316,184.4,Afternoon,OP08,80.7,Overdue,352
2025-10-08,M06,540,11.4,Morning,OP04,75.2,Overdue,585
2025-08-15,M08,380,17.5,Afternoon,OP09,69.3,Due Soon,389
2025-05-20,M03,639,12.0,Morning,OP05,71.9,Up to Date,647
2025-12-29,M05,510,6.5,Morning,OP03,67.1,Overdue,525
2025-05-12,M05,530,3.7,Afternoon,OP10,72.2,Due Soon,539
23/06/2025,M01,457,15.3,Afternoon,OP07,71.3,Up to Date,469
2025-02-22,M06,594,19.7,Afternoon,OP09,63.1,Up to Date,609
2025-05-08,M06,612,0.9,Morning,OP04,67.4,Up to Date,621
2025-08-13,M04,411,4.4,Afternoon,OP07,69.4,Due Soon,419
2025-08-29,M05,480,8.5,Night,OP15,70.6,Overdue,492
2025-03-28,M04,404,6.4,Morning,OP02,63.0,Up to Date,411
2025-02-10,M05,499,4.7,Night,OP13,61.4,Up to Date,508
2025-04-10,M06,576,5.9,Night,OP14,66.3,Up to Date,584
2025-08-12,M05,491,6.1,Night,OP15,72.5,Due Soon,501
2025-12-12,M08,398,2.9,Morning,OP03,63.4,Up to Date,403
2025-07-19,M04,426,4.5,Afternoon,OP06,68.4,Up to Date,438
2025-04-01,M08,381,12.3,Morning,OP05,68.1,Up to Date,388
2025-09-24,M06,512,2.2,Night,OP13,77.7,Overdue,550
2025-11-20,M03,448,78.5,Afternoon,OP08,75.9,Overdue,484
2025-06-28,M02,418,3.1,Morning,OP01,67.0,Up to Date,425
2025-04-16,M05,506,6.2,Night,OP15,67.5,Up to Date,510
2025-07-03,M05,516,7.5,Morning,OP05,70.0,Up to Date,527
2025-11-09,M05,464,22.3,Afternoon,OP08,68.4,Overdue,482
2025-03-22,M05,518,5.9,Morning,OP05,65.0,Up to Date,529
2025-09-07,M04,413,2.8,Morning,OP02,70.0,Up to Date,421
2025-10-25,M01,423,42.3,Morning,OP02,63.3,Up to Date,434
2025-12-30,M02,423,9.4,Morning,OP01,55.5,Up to Date,436
2025-02-22,M01,430,25.5,Night,OP12,65.0,Up to Date,436
2025-02-23,M06,581,20.3,Night,OP15,64.0,Up to Date,592
2025-06-05,M03,590,5.4,Night,OP15,70.5,Due Soon,605
2025-01-26,M07,417,15.5,Afternoon,OP06,63.4,Due Soon,427
2025-12-16,M07,419,18.2,Night,OP11,60.2,Up to Date,426
2025-10-21,M03,510,8.0,Night,OP14,73.0,Overdue,546
2025-04-19,M07,428,17.0,Afternoon,OP06,65.3,Up to Date,435
2025-08-19,M08,389,5.5,Morning,OP04,70.9,Up to Date,399
2025-08-02,M02,413,2.4,Afternoon,OP06,68.5,Up to Date,426
2025-11-04,M02,428,6.9,Morning,OP02,61.4,Up to Date,433
2025-07-15,M03,612,20.2,Afternoon,OP10,72.6,Up to Date,621
2025-10-20,m06,98,391.5,Morning,OP05,78.5,Overdue,106
2025-08-03,M08,341,26.2,Night,OP14,74.1,Up to Date,347
2025-12-27,M03,404,81.2,Night,OP15,77.4,Overdue,444
2025-01-24,M02,265,181.4,Morning,OP01,57.1,In Progress,268
2025-07-29,M06,578,20.8,Morning,OP03,68.8,Overdue,588
2025-03-12,M02,397,17.6,Night,OP11,59.3,Up to Date,408
19/02/2025,M04,382,16.5,Night,OP12,63.2,Up to Date,386
2025-01-07,M08,376,16.2,Morning,OP03,62.8,Up to Date,379
2025-01-08,M08,364,29.2,Night,OP13,60.9,Up to Date,372
2025-12-07,M01,468,8.8,Morning,OP02,62.9,Up to Date,476
2025-05-29,M02,399,21.8,Night,OP11,66.6,Up to Date,409
2025-04-20,M06,420,144.9,Night,OP13,64.6,Up to Date,428
2025-08-21,M08,385,4.3,Afternoon,OP10,76.9,Up to Date,398
2025-05-26,M03,625,13.9,Afternoon,OP09,73.1,Up to Date,640
2025-11-02,M06,471,9.3,Night,OP13,82.1,Overdue,529
2025-12-17,M02,415,11.1,Night,OP12,58.0,Up to Date,423
2025-04-26,M02,391,17.9,Night,OP12,61.9,Up to Date,402
2025-08-19,M-02,432,7.4,Morning,OP02,62.7,Up to Date,444
2025-05-25,M06,589,3.2,Morning,OP04,999.0,Up to Date,603
2025-06-16,M04,396,13.6,Night,OP12,68.7,Up to Date,404
2025-10-30,M04,379,22.3,Night,OP12,63.1,Up to Date,389
2025-04-02,M03,592,19.9,Afternoon,OP10,64.8,Up to Date,603
2025-10-24,M07,432,23.0,Night,OP12,62.9,Up to Date,440
2025-12-17,M02,414,13.2,Afternoon,OP06,63.5,Up to Date,422
2025-02-19,M07,397,18.1,Night,OP11,63.6,Up to Date,408
2025-02-06,M01,467,10.9,Morning,OP02,63.5,Up to Date,475
2025-10-29,M05,489,12.3,Night,OP13,67.4,Overdue,495
2025-01-10,M08,387,4.4,Afternoon,OP09,63.4,Up to Date,394
2025-07-03,M08,383,6.4,Morning,OP03,71.5,Up to Date,392
2025-11-02,M08,364,6.0,Afternoon,OP08,65.8,Up to Date,375
2025-06-24,M03,613,5.7,Afternoon,OP09,72.5,Up to Date,631
2025-01-22,M04,398,3.2,Afternoon,OP06,63.8,Up to Date,408
2025-05-06,M02,393,6.3,Morning,OP01,63.0,Up to Date,407
2025-07-24,M06,594,4.1,Afternoon,OP08,71.2,Due Soon,607
2025-09-20,M02,436,4.2,Morning,OP01,64.7,Up to Date,439
2025-11-30,M03,441,61.1,Afternoon,OP10,79.3,Overdue,489
2025-09-25,M08,407,7.9,Afternoon,OP09,70.9,Up to Date,412
2025-06-06,M07,439,7.5,Afternoon,OP07,67.7,Up to Date,443
2025-04-02,M07,430,24.0,Afternoon,OP07,67.2,Up to Date,437
2025-01-09,M08,,11.6,Morning,OP05,67.5,Up to Date,414
2025-11-06,M07,439,5.0,Morning,OP02,62.7,up to date,452
2025-03-28,M01,454,25.1,Morning,OP02,66.0,Up to Date,466
2025-07-18,M01,452,7.5,Night,OP11,72.6,Due Soon,461
2025-09-13,M08,375,21.7,Morning,OP04,68.8,Due Soon,381
2025-03-07,M05,473,46.2,Afternoon,OP08,64.5,Up to Date,481
2025-02-21,M05,491,28.8,Morning,OP03,60.8,Up to Date,503
2025-03-22,M07,404,40.6,Night,OP11,62.4,Up to Date,412
2025-05-18,M05,487,9.7,Night,OP15,67.3,Up to Date,499
2025-07-31,m03,612,5.0,Afternoon,OP10,74.1,Up to Date,625
2025-06-09,M07,407,29.8,Morning,OP01,68.4,Up to Date,418
2025-09-23,M08,379,2.7,Night,OP15,69.8,Up to Date,385
2025-04-15,M03,620,7.1,Morning,OP03,67.9,Up to Date,634
2025-11-12,M01,448,29.2,Morning,OP02,64.1,Up to Date,460
2025-07-29,M03,597,22.1,Afternoon,OP08,72.1,Up to Date,612
2025-04-10,M04,408,11.2,Afternoon,OP07,63.6,Due Soon,413
2025-07-05,M05,490,3.8,night,OP14,69.1,Up to Date,498
2025-10-30,M03,449,50.2,Night,OP13,77.9,Overdue,489
2025-01-22,M02,411,11.2,Afternoon,OP06,61.2,Up to Date,423
2025-04-24,M06,578,25.0,Afternoon,OP08,69.0,Up to Date,587
2025-01-13,M08,370,7.2,Night,OP14,63.9,Up to Date,377
2025-08-21,M04,387,19.5,Morning,OP02,66.7,Up to Date,397
2025-05-17,M07,463,4.5,Night,OP12,-40.0,Up to Date,465
2025-03-11,M07,445,14.4,Afternoon,OP07,65.7,Up to Date,454
2025-08-12,M03,584,9.9,Night,OP14,66.5,Due Soon,598
2025-03-25,M04,400,5.8,Afternoon,OP06,62.3,Up to Date,409
2025-10-20,M05 ,475,12.3,Afternoon,OP08,70.8,Overdue,489
2025-01-11,M03,594,17.2,Afternoon,OP09,65.2,Up to Date,613
2025-12-09,M07,445,13.2,Afternoon,OP06,63.2,Up to Date,455
2025-11-28,M01,464,7.1,Morning,OP02,62.3,Up to Date,471
2025-09-16,M08,378,19.0,Morning,OP03,69.1,Due Soon,389
2025-01-04,M02,405,23.1,Morning,OP01,55.8,Up to Date,411
2025-02-20,M01,480,6.6,Afternoon,OP07,61.0,Up to Date,492
2025-08-12,M08,314,82.9,Afternoon,OP09,73.4,Due Soon,315
2025-07-31,M07,440,7.6,Afternoon,OP07,,Due Soon,448
2025-10-28,M06,520,2.0,Afternoon,OP09,80.2,Overdue,571
2025-07-27,M04,384,11.9,Night,OP12,69.2,Up to Date,388
2025-06-25,M08,396,3.5,Afternoon,OP10,71.0,Up to Date,400
2025-08-07,M07,420,11.0,Night,OP11,70.4,Up to Date,428
2025-01-03,M08,351,29.9,Night,OP15,59.7,Up to Date,355
2025-07-14,M01,474,8.2,Morning,OP01,70.8,Up to Date,482
2025-03-04,M08,402,3.1,Afternoon,OP10,67.0,Up to Date,410
2025-07-08,M01,459,14.7,Afternoon,OP06,70.6,Up to Date,468
2025-03-08,M07,443,2.7,Afternoon,OP07,63.8,Up to Date,454
2025-03-14,M08,399,9.9,Night,OP14,65.4,Due Soon,408
2025-04-30,M03,568,19.1,Night,OP14,68.5,Up to Date,582
2025-10-30,M02,395,17.2,Afternoon,OP07,62.3,Up to Date,401
2025-11-13,M01,450,21.2,Afternoon,OP06,63.6,Up to Date,457
2025-08-30,M05,501,7.8,Afternoon,OP10,72.0,Overdue,515
2025-05-10,M06,575,4.0,Night,OP14,67.4,Up to Date,584
2025-08-30,M01,454,14.7,Night,OP11,68.2,Up to Date,464
2025-02-05,M08,380,11.9,Morning,OP05,60.0,Up to Date,387
2025-11-26,M01,447,21.9,Morning,OP01,64.8,Up to Date,455
2025-08-26,M01,471,5.0,Night,OP11,68.0,Up to Date,480
2025-03-02,M05,463,32.6,Night,OP15,63.7,Up to Date,472
2025-01-02,M05,520,10.3,Afternoon,OP10,64.5,Up to Date,532
2025-08-27,M04,398,6.1,Morning,OP02,69.2,up to date,408
2025-07-26,M02,424,10.6,Night,OP12,67.7,Up to Date,437
2025-01-03,M08,359,37.3,Afternoon,OP08,67.1,Up to Date,365
2025-01-31,M01,441,3.7,Night,OP11,61.6,Up to Date,456
2025-11-11,M05,536,10.1,Morning,OP05,65.4,Up to Date,549
2025-05-27,M03,554,24.8,Night,OP15,69.4,Up to Date,567
2025-04-27,M07,443,8.3,Night,OP11,66.2,Due Soon,454
2025-04-10,M01,426,38.1,Night,OP12,64.1,Up to Date,435
2025-03-07,M07,448,7.1,Night,OP11,59.5,up to date,457
2025-07-08,M06,578,19.0,Night,OP13,68.7,Up to Date,584
2025-07-16,M01,463,13.8,Afternoon,,71.8,Up to Date,471
2025-10-22,M06,509,8.6,Afternoon,OP10,76.2,Overdue,565
2025-04-14,M05,501,5.7,Morning,OP04,66.1,Due Soon,515
2025-11-25,M05,533,5.2,Morning,OP03,65.5,Up to Date,542
2025-09-19,M05,511,23.5,Morning,OP05,69.9,Up to Date,522
2025-01-01,M08,341,46.8,Afternoon,OP08,65.4,Up to Date,348
2025-06-19,M06,545,53.9,Morning,OP04,67.7,Due Soon,558
2025-02-23,M05,479,32.9,Night,OP14,61.9,Up to Date,487
2025-01-15,M03,611,34.2,Morning,OP03,64.5,Up to Date,624
2025-12-02,M04,408,6.1,Afternoon,OP06,62.9,Up to Date,413
2025-08-13,M08,378,9.4,Morning,OP04,71.3,Due Soon,383
2025-05-13,M03,590,,Night,OP14,70.3,Up to Date,605
2025-03-11,M05,490,16.9,Night,OP15,63.9,Up to Date,492
2025-07-24,M06,549,26.3,Night,OP13,69.9,Due Soon,560
2025-08-13,M01,469,5.0,Morning,OP02,71.4,Up to Date,482
2025-03-26,M04,422,1.0,Afternoon,OP06,65.1,Up to Date,427
2025-05-31,M04,385,18.8,Morning,OP02,,Up to Date,399
2025-08-10,M01,428,22.8,Night,OP11,65.6,Up to Date,441
2025-09-09,M02,427,5.8,Morning,OP02,65.4,Due Soon,435
2025-03-04,M03,557,72.1,Morning,OP05,63.1,Up to Date,571
2025-02-22,M06,594,19.7,Afternoon,OP09,63.1,Up to Date,609
2025-02-27,M04,384,24.0,Night,OP12,63.3,Up to Date,396
2025-10-10,M07,453,16.4,Afternoon,OP07,66.3,Up to Date,462
2025-11-27,M08,365,21.7,Night,OP14,64.5,Up to Date,378
2025-10-14,M08,324,44.2,Night,OP15,69.1,Up to Date,334
2025-04-29,M08,357,8.5,Night,OP15,69.1,Up to Date,364
2025-02-03,M-01,445,7.5,Morning,OP02,61.2,Up to Date,454
2025-05-18,M04,379,28.9,night,OP11,,Up to Date,389
01/06/2025,M07,412,28.2,Night,OP11,66.6,Due Soon,421
2025-05-02,M07,433,5.2,Night,OP12,62.4,Due Soon,438
2025-12-01,M05,525,7.2,Morning,OP03,64.2,Up to Date,540
2025-03-17,M01,451,5.8,Morning,OP01,63.8,Due Soon,458
2025-10-28,M04,327,104.6,Afternoon,OP07,65.1,Up to Date,335
2025-03-07,M07,425,20.1,Afternoon,OP06,64.3,Up to Date,434
2025-11-17,M03,485,18.0,Afternoon,OP09,77.2,Overdue,538
2025-01-14,M01,483,12.5,Afternoon,OP06,61.7,Due Soon,496
2025-06-18,M02,396,11.8,Afternoon,OP07,64.0,Up to Date,408
2025-08-09,M02,364,67.9,night,OP12,68.1,Due Soon,367
2025-03-22,M06,530,57.8,Morning,OP05,64.7,Up to Date,537
2025-07-26,M06,579,9.7,Night,OP13,71.5,Overdue,592
2025-12-22,M03,408,90.6,Afternoon,OP10,82.1,Overdue,464
2025-04-03,M06,599,16.5,Morning,OP04,63.8,Up to Date,605
2025-02-20,M08,379,11.8,Morning,OP03,62.4,Up to Date,384
2025-08-16,M02,394,31.2,Morning,OP01,65.4,Up to Date,405
2025-02-06,M08,378,24.6,Afternoon,OP09,65.4,Up to Date,384
2025-01-23,M01,442,26.5,afternoon,OP07,60.8,Up to Date,451
2025-01-01,M01,472,21.6,morning,OP02,64.0,Up to Date,481
2025-06-13,M03,587,20.2, Night ,OP13,67.0,Up to Date,597
2025-11-18,M06,32,450.0,Morning,OP04,76.3,Overdue,36
2025-09-25,M02,416,7.9,Night,OP11,64.4,Up to Date,424
2025-01-23,M05,386,132.4,Morning,OP04,59.6,Up to Date,393
2025-04-27,M01,484,8.5,Afternoon,OP07,68.0,Up to Date,495
2025-08-08,M05,503,4.3,Afternoon,OP10,70.2,Up to Date,512
2025-09-26,M01,442,23.8,Night,OP12,68.0,Up to Date,450
2025-11-03,M07,437,11.9,Morning,OP01,64.7,Up to Date,443
2025-07-27,M07,430,12.4,Morning,OP02,68.6,Due Soon,440
2025-02-18,M05,490,15.3,Night,OP13,63.8,Up to Date,499
2025-07-22,M07,430,17.3,Night,OP12,70.5,Up to Date,438
2025-10-11,M08,384,20.7,Afternoon,OP10,67.9,Up to Date,390
2025-06-25,M04,386,11.9,Night,OP11,67.8,Up to Date,395
2025-03-01,M05,533,3.3,Afternoon,OP09,64.7,Up to Date,540
2025-10-01,M06,318,189.1,Morning,OP04,74.3,Overdue,340
2025-04-27,M03,613,18.2,Morning,OP04,64.5,Up to Date,622
2025-07-21,M02,393,16.3,Night,OP12,66.2,Up to Date,405
2025-04-26,M03,608,16.2,Night,OP13,67.3,Up to Date,619
2025-04-25,M01,457,14.1,Afternoon,OP06,69.6,Up to Date,465
2025-01-27,M08,375,22.6,Morning,OP05,62.8,Up to Date,381
2025-11-14,M02,424,14.8,Night,OP12,58.1,Due Soon,428
2025-07-30,M06,542,25.7,Afternoon,,71.6,Overdue,555
2025-10-29,M08,400,10.5,Morning,OP05,69.0,Up to Date,407
2025-11-02,M08,382,3.5,Morning,OP04,65.8,Up to Date,393
2025-05-10,M05,474,7.0,Night,OP15,67.7,Up to Date,486
2025-04-14,M06,565,38.0,Afternoon,OP10,66.6,Due Soon,575
2025-04-27,M08,345,31.9,Night,OP14,65.0,Up to Date,353
2025-03-20,M04,397,3.2,Morning,OP02,59.8,Up to Date,406
2025-01-22,M06,557,16.4,Night,OP15,63.0,Up to Date,566
20/12/2025,M01,442,27.5,Night,OP12,62.4,Up to Date,451
2025-04-27,M01,471,9.4,Night,OP12,66.6,Up to Date,482
2025-04-26,M01,431,37.4,Night,OP11,66.1,Up to Date,439
2025-06-10,M06,573,3.0,Night,OP14,70.1,Up to Date,587
2025-06-19,M03,592,5.0,Night,OP14,70.0,Up to Date,606
2025-06-22,M04,400,6.7,Afternoon,OP07,69.5,Up to Date,405
06/12/2025,M06,337,130.3,Afternoon,OP09,79.7,Overdue,382
2025-06-13,M06,617,9.0,Afternoon,OP10,71.7,Due Soon,625
2025-04-10,M01,475,12.4,Morning,OP02,64.6,Up to Date,484
2025-12-24,M04,382,25.1,Afternoon,OP07,59.8,Up to Date,392
2025-05-05,M06,584,13.3,Night,OP13,68.4,Up to Date,591
2025-11-02,M07,419,14.4,Morning,OP02,63.9,Up to Date,428
2025-02-22,M04,386,7.3,Night,OP12,60.1,Up to Date,398
2025-10-14,M08,390,8.4,Morning,OP04,65.1,Up to Date,399
2025-01-13,M08,266,166.1,Morning,OP04,60.4,In Progress,270
2025-09-22,M01,472,6.0,Afternoon,OP07,68.8,Up to Date,483
2025-06-13,M05,527,5.3,Afternoon,OP09,72.7,Up to Date,540
2025-04-23,M02,426,3.4,Morning,OP01,,Up to Date,439
2025-10-26,M02,403,19.3,Afternoon,OP06,,Up to Date,413
2025-12-28,M06,343,149.5,Morning,OP03,74.8,Overdue,382
2025-03-13,M03,601,4.1,Afternoon,OP08,68.0,Up to Date,622
2025-03-26,M03,581,30.0,Night,OP14,62.2,Up to Date,589
2025-05-11,M02,415,21.6,Night,OP11,66.9,Up to Date,429
2025-12-12,M05,483,15.4,Afternoon,OP09,64.8,Due Soon,493
2025-05-14,M01,476,11.2,Morning,OP02,68.4,Due Soon,482
2025-02-11,M05,497,27.1,Afternoon,OP10,64.4,Up to Date,512
2025-10-06,M08,398,7.1,Morning,OP03,66.7,Up to Date,405
2025-04-04,M02,419,15.9,Morning,OP01,57.7,Up to Date,426
2025-07-13,M03,617,5.4,Morning,OP03,71.5,Up to Date,629
2025-08-13,M04,385,26.1,Morning,OP01,65.7,Due Soon,395
2025-08-01,M02,434,1.3,Morning,OP02,68.4,Up to Date,441
2025-07-04,M05,481,34.2,Afternoon,OP09,73.4,Up to Date,490
2025-01-22,M05,445,71.2,Afternoon,OP09,64.0,Up to Date,454
2025-11-23,M07,432,11.1,Night,OP11,63.3,Due Soon,443
2025-02-27,M02,413,14.3,Morning,OP01,57.1,Up to Date,418
2025-03-09,M07,439,14.8,Morning,OP01,61.7,Up to Date,447
2025-05-18,M06,599,6.9,Afternoon,OP08,70.1,Up to Date,608
2025-03-22,M06,556,20.0,Afternoon,OP08,65.6,Up to Date,565
2025-07-29,M07,447,4.9,Afternoon,OP06,69.9,Due Soon,456
2025-08-14,M06,560,22.7,Afternoon,OP10,74.4,Overdue,584
2025-05-12,M03,582,5.7,Night,OP15,69.8,Up to Date,597
2025-05-25,M06,600,7.1,Afternoon,OP08,69.3,Up to Date,612
2025-11-14,M08,412,7.1,Morning,OP04,67.8,Due Soon,421
2025-07-15,M01,423,47.5,Afternoon,OP06,72.1,Up to Date,430
2025-11-10,M05,492,5.4,Night,OP15,64.5,Up to Date,499
2025-07-08,M01,472,10.9,Morning,OP01,71.7,Up to Date,479
2025-07-19,M07,451,5.6,Night,OP12,67.9,Up to Date,460
2025-08-21,M05,495,2.5,Night,OP14,68.0,Overdue,504
2025-01-21,M07,448,8.9,Night,OP12,60.9,Up to Date,453
2025-03-24,M04,397,2.8,Morning,OP01,,Up to Date,406
2025-11-23,M04,398,12.4,Afternoon,OP06,61.8,Up to Date,405
2025-11-01,M08,387,3.6,Night,OP14,69.3,Up to Date,396
2025-07-09,M01,438,17.4,Afternoon,OP06,74.0,Up to Date,449
07/07/2025,M03,615,5.7,Morning,OP03,75.0,Due Soon,629
2025-08-14,M04,412,7.0,Morning,OP02,70.0,Due Soon,419
2025-05-08,M03,604,8.8,Morning,OP05,72.1,Up to Date,622
2025-03-07,M07,454,11.8,Morning,OP02,59.4,Up to Date,462
2025-05-23,M04,408,1.1,Night,OP12,66.7,Up to Date,412
2025-09-04,M05,258,239.6,Morning,OP04,73.6,Overdue,268
2025-11-05,M04,388,22.4,Morning,OP02,64.2,Up to Date,395
2025-05-01,M04,384,27.9,Night,OP11,64.3,Up to Date,389
2025-04-16,M06,600,16.6,Afternoon,OP10,63.8,Due Soon,611
2025-12-06,M08,363,28.5,Afternoon,OP08,63.5,Up to Date,372
2025-07-14,M03,556,33.5,Night,OP13,74.5,Up to Date,572
2025-10-27,M07,424,31.6,Afternoon,OP07,71.6,Due Soon,430
2025-05-06,M04,397,4.8,Afternoon,OP06,66.2,Up to Date,405
2025-12-16,M01,445,20.9,Night,OP12,63.1,Up to Date,451
2025-07-10,M06,624,13.2,Morning,OP05,72.5,Up to Date,634
2025-05-02,M08,360,35.5,Morning,OP05,999.0,Up to Date,369
2025-05-20,M05,501,19.7,Morning,OP04,67.7,Up to Date,511
2025-12-22,M01,444,44.2,Morning,OP02,63.3,Up to Date,451
2025-03-05,M08,380,,Night,OP13,63.1,Up to Date,387
2025-11-19,M07,399,41.6,Night,OP12,63.7,Up to Date,408
2025-08-27,M01,465,9.7,Night,OP12,69.3,Up to Date,473
2025-10-24,M01,438,37.6,Afternoon,OP07,66.6,Up to Date,448
2025-11-12,M03,442,59.0,Afternoon,OP08,77.5,Overdue,483
2025-12-02,M06,91,385.4,Afternoon,OP10,80.6,Overdue,103
2025-08-19,M06,555,19.2,Night,OP14,71.1,Overdue,579
2025-06-07,M02,409,32.0,Morning,OP01,67.5,Up to Date,414
2025-01-25,M04,394,12.1,Afternoon,OP07,61.5,Up to Date,403
2025-03-25,M02 ,431,4.7,Morning,OP01,61.9,Up to Date,437
04/04/2025,M01,445,12.7,Night,OP11,70.6,up to date,453
2025-11-30,M05,477,40.1,Afternoon,OP09,65.1,Up to Date,485
2025-04-22,M05,519,7.5,Morning,OP04,69.0,Up to Date,523
2025-12-03,M08,366,18.4,Afternoon,OP08,65.9,Up to Date,372
2025-08-30,M07,438,7.3,Afternoon,OP06,,Due Soon,439
2025-03-05,M04,393,13.2,Afternoon,OP06,62.0,Up to Date,400
2025-01-07,M04,389,19.5,Afternoon,OP06,61.9,Up to Date,399
2025-04-29,M05,509,12.1,Night,OP14,67.3,Up to Date,524
2025-03-18,M07,432,15.9,Night,OP12,63.3,Up to Date,437
2025-05-05,M02,432,1.0,Morning,OP02,63.7,Up to Date,440
2025-07-31,M02,414,16.6,Afternoon,OP07,68.5,Up to Date,425
2025-12-18,M08,386,18.8,Afternoon,OP09,64.7,Due Soon,390
2025-12-08,M05,491,23.0,Afternoon,OP09,62.7,Due Soon,499
2025-04-19,M02,386,40.8,Night,OP11,61.1,Up to Date,395
2025-11-06,M07,433,12.9,Night,,63.6,Up to Date,442
2025-12-17,M03,429,63.8,Morning,OP03,80.0,Overdue,486
2025-06-15,M05,505,8.3,Morning,OP03,69.2,Up to Date,513
2025-08-07,M03,610,8.2,Night,OP14,69.9,Due Soon,627
2025-05-31,M03,636,3.7,Night,OP13,71.3,Up to Date,646
2025-11-14,M03,499,16.1,Morning,OP03,79.5,Overdue,562
2025-07-20,M07,446,11.5,Night,OP11,67.2,Up to Date,454
2025-12-20,M03,291,203.7,Afternoon,OP09,77.3,Overdue,328
2025-12-24,M01,452,6.0,Morning,OP01,63.8,Up to Date,456
2025-02-22,M03,616,1.9,Night,OP15,64.6,Up to Date,629
2025-08-23,M03,590,14.3,Afternoon,OP10,73.7,Overdue,606
2025-04-19,M05,517,14.2,Afternoon,OP08,68.6,Up to Date,522
2025-05-16,M04,407,14.7,Night,OP12,66.8,Up to Date,412
2025-07-30,M08,351,10.7,Night,OP15,71.4,Up to Date,358
2025-03-14,m02,385,29.5,Night,OP12,60.8,Up to Date,396
2025-08-24,M02,421,10.8,Morning,OP02,64.1,Up to Date,432
2025-05-09,M04,395,8.3,Night,OP11,67.7,Due Soon,398
2025-06-04,M01,456,5.4,Morning,OP02,70.8,Up to Date,466
2025-11-06,M05,475,21.5,Afternoon,OP08,68.0,Overdue,495
2025-02-15,M02,425,8.9,Morning,OP02,56.0,Up to Date,431
2025-05-04,M05,499,22.5,Night,OP13,69.0,Up to Date,507
2025-05-27,M02,426,5.8,Morning,OP02,,Up to Date,435
2025-09-22,M06,501,25.6,Afternoon,OP09,74.4,Overdue,536
2025-02-27,M02,412,9.2,Night,OP11,61.5,Up to Date,416
2025-06-24,M01,414,47.4,Morning,OP01,68.0,Up to Date,421
2025-06-17,M02,428,11.6,Morning,OP01,66.4,Up to Date,433
2025-09-22,M05,489,7.0,Night,OP15,68.6,Up to Date,507
2025-09-21,M02,416,15.1,Night,OP11,63.7,Up to Date,426
2025-01-15,M03,632,3.6,Afternoon,OP10,65.0,Up to Date,644
2025-09-03,M01,447,3.8,Morning,OP01,71.5,Up to Date,456
2025-10-14,M07,422,29.4,Morning,OP02,65.6,Up to Date,434
2025-12-26,M04,412,16.4,Morning,OP02,63.6,Up to Date,422
2025-08-06,M02 ,435,3.8,Night,OP11,65.3,Up to Date,444
2025-01-08,M07,453,2.3,Morning,OP02,62.2,Up to Date,461
2025-03-16,M08,262,158.6,Morning,OP03,63.1,In Progress,268
2025-08-23,M07,433,16.6,Night,OP11,,Up to Date,446
2025-11-23,M04,370,22.0,Night,OP11,64.6,Up to Date,378
2025-02-02,M03,476,111.2,Morning,OP05,59.8,Up to Date,485
2025-11-09,M07,429,3.9,Morning,OP01,63.9,Up to Date,438
2025-01-13,M04,401,6.7,Morning,OP01,59.7,Up to Date,407
2025-12-17,M06,480,26.1,Morning,OP05,77.1,Overdue,537
2025-10-03,M08,383,8.0,Morning,OP04,66.4,Up to Date,391
2025-03-13,M03,493,96.2,Night,OP15,66.7,Up to Date,499
2025-03-21,M04,,32.3,Morning,OP01,62.6,Up to Date,388
2025-08-25,M05,511,3.1,Night,OP13,69.2,Overdue,521
2025-03-26,M07,418,34.1,Afternoon,OP06,65.1,Up to Date,424
2025-08-31,M02,377,37.9,Morning,OP01,63.0,Up to Date,387
2025-02-24,M08,349,22.4,Night,OP15,61.6,Up to Date,362
2025-02-19,M05,501,8.3,Morning,OP04,,Up to Date,511
2025-05-04,M08,375,5.6,Night,OP14,68.1,Up to Date,382
2025-07-19,M04,368,32.8,Night,OP12,67.2,Up to Date,375
2025-11-24,M07,435,13.1,Night,OP11,64.6,Due Soon,448
2025-07-13,M05,465,40.9,Night,OP14,70.7,Due Soon,474
2025-01-10,M01,453,20.2,Morning,OP01,62.9,Due Soon,460
2025-10-15,M04,394,19.3,Morning,OP01,68.1,Up to Date,402
2025-08-21,M06,557.75,80.5,Morning,OP03,75.4,Overdue,485
2025-09-26,M06,527,4.8,Morning,OP03,76.5,Overdue,560
2025-03-26,M03,612,21.7,Morning,OP03,65.8,Up to Date,624
2025-10-23,M04,374,26.8,Morning,OP02,65.6,Up to Date,381
2025-04-19,M04,403,22.7,Morning,OP02,63.1,Up to Date,411
2025-05-22,M06,565,17.8,Night,OP15,69.1,Up to Date,570
2025-11-08,M04,373,33.6,Morning,OP02,63.6,Due Soon,381
2025-11-17,M08,388,9.8,Afternoon,OP09,64.5,Due Soon,393
2025-05-25,M02,406,13.6,Afternoon,OP06,68.5,Up to Date,413
2025-04-25,M01,438,13.6,Night,OP11,66.8,Up to Date,448
2025-05-26,M07,387,42.9,Night,OP12,68.7,Up to Date,392
2025-07-18,M06,551,15.8,Night,OP15,70.5,Due Soon,564
2025-01-10,M08,388,17.4,Morning,OP05,63.7,Up to Date,397
2025-02-22,M02,415,5.8,Afternoon,OP06,59.7,Up to Date,427
2025-12-20,M01,295,185.2,Morning,OP01,64.8,In Progress,303
2025-01-01,M03,567,14.5,Night,OP14,64.6,Up to Date,580
2025-04-05,M05,496,8.5,Afternoon,OP08,67.6,Up to Date,509
2025-07-15,M01,460,3.3,Morning,OP02,,Up to Date,469
2025-04-20,M03,617,14.0,Morning,OP04,65.7,Up to Date,629
2025-09-29,M07,433,9.1,Morning,OP01,66.6,due soon,445
2025-08-25,M07,415,30.1,Afternoon,OP06,67.8,Up to Date,425
2025-07-08,M04,410,2.3,Afternoon,OP07,69.1,Up to Date,414
2025-05-03,M06,607,19.4,Afternoon,OP09,70.5,Up to Date,619
2025-10-18,M03,528,14.0,Night,OP14,73.9,Overdue,568
2025-03-08,M07,434,9.1,Morning,OP02,61.2,Up to Date,446
2025-02-25,M04,415,9.7,Morning,OP01,61.8,Up to Date,424
2025-07-03,M06,596,19.4,Morning,OP04,72.1,Up to Date,606
2025-11-17,M07,423,12.1,Night,,61.9,Up to Date,436
2025-09-03,M08,368,13.6,Night,OP14,70.8,Up to Date,373
2025-08-27,M07,415,8.2,Afternoon,OP06,71.1,Due Soon,423
2025-05-26,M05,497,10.0,Night,OP15,70.8,Up to Date,507
2025-09-30,M07,428,12.1,Afternoon,OP06,70.3,Due Soon,438
2025-08-18,M03,600,21.0,Afternoon,OP09,73.0,Overdue,617
2025-12-01,M03,474,45.1,Afternoon,OP09,78.8,Overdue,528
2025-08-30,M08,366,6.7,Afternoon,OP09,71.3,Up to Date,376
2025-01-30,M08,374,15.7,Morning,OP05,65.0,Up to Date,384
2025-11-30,M07,402,40.6,Morning,OP02,58.4,Up to Date,409
2025-10-24,M06,384,113.4,Morning,OP04,76.1,Overdue,420
2025-04-08,M05,495,4.5,Morning,OP03,66.0,Up to Date,509
2025-02-17,M06,576,13.1,Night,OP13,65.2,Due Soon,589
2025-06-02,M01,455,3.2,Afternoon,OP07,68.5,Up to Date,468
2025-06-02,M02,415,22.2,Afternoon,OP06,68.6,Up to Date,422
2025-11-11,M04,389,11.4,Afternoon,OP06,65.4,Due Soon,395
2025-01-14,M06,548,7.0,Night,OP15,62.1,Due Soon,566
2025-07-12,M06,565,24.8,Afternoon,OP10,71.1,Up to Date,577
2025-08-24,M05,495,16.3,Night,OP14,72.6,Overdue,510
2025-09-20,M05,525,16.8,Morning,OP03,68.6,Up to Date,535
2025-02-06,M03,554,33.2,Night,OP14,63.7,Due Soon,563
2025-03-18,M06,606,6.4,Afternoon,OP09,63.5,Due Soon,619
2025-07-27,M02,421,11.8,Afternoon,OP06,,Up to Date,433
2025-08-23,M02,416,7.7,Afternoon,OP07,69.0,Up to Date,425
2025-08-08,M03,632,9.1,Morning,OP04,69.8,Due Soon,642
2025-02-03,M05,526,2.5,Morning,OP04,61.5,Up to Date,534
2025-04-06,m05,358,134.5,Night,OP13,64.7,Up to Date,362
2025-02-28,M07,405,20.9,Afternoon,OP06,60.1,Due Soon,418
2025-12-06,M06,451,21.4,Morning,OP05,77.0,Overdue,507
2025-05-21,M08,363,9.6,Night,OP13,70.4,Up to Date,369
2025-09-23,M07,416,37.1,Morning,OP02,69.0,Up to Date,427
2025-09-15,M07,456,18.1,Morning,OP01,66.5,Up to Date,462
2025-05-07,M06,541,15.5,Night,OP14,65.9,Up to Date,559
2025-09-20,M02,416,12.0,Night,OP11,67.5,Up to Date,427
2025-09-01,M05,486,9.1,Night,OP14,75.1,Overdue,509
2025-12-05,M07,429,6.5,Night,OP12,62.5,Up to Date,439
2025-10-04,M06,509,14.3,Morning,OP04,78.5,Overdue,556
2025-10-30,M01,452,10.7,Morning,OP02,66.1,Up to Date,464
2025-07-04,M05,476,6.4,Night,OP15,70.5,Up to Date,488
2025-01-14,M02,427,16.8,Afternoon,OP07,61.4,Up to Date,433
2025-04-20,M05,468,31.1, Night ,OP15,66.7,Up to Date,478
2025-12-26,M07,414,13.8,Afternoon,OP07,59.8,Due Soon,427
2025-08-17,M06,327,191.8,Night,OP14,71.2,Overdue,341
2025-12-15,M02,441,4.1,Afternoon,OP07,59.8,Up to Date,445
2025-10-10,M01,458,2.5,Morning,OP01,66.8,Up to Date,464
2025-05-01,M08,385,12.7,Night,OP13,65.2,Up to Date,388
2025-10-02,M05,508,23.6,Afternoon,OP08,67.1,Up to Date,518
2025-10-11,M07,425,10.5,Night,OP11,63.5,Up to Date,433
2025-07-17,M06,588,22.8,Night,OP13,72.4,Due Soon,596
2025-06-29,M08,391,4.4,Morning,OP05,69.6,Up to Date,400
2025-04-30,M08,355,45.0,Afternoon,OP10,71.6,Up to Date,359
2025-05-14,M02,415,13.8,Afternoon,OP07,66.9,Up to Date,424
2025-05-17,M06,572,16.8,Night,OP13,68.0,Due Soon,583
2025-03-28,M08,264,142.8,Night,OP15,67.1,Up to Date,272
2025-09-11,M06,481,78.7,Afternoon,OP08,76.7,Overdue,511
2025-01-28,M07,418,7.8,Afternoon,OP06,60.7,Due Soon,428
2025-12-07,M07,441,4.9,Night,OP11,61.9,Up to Date,447
2025-01-20,M05,489,27.1,Afternoon,OP09,65.5,Up to Date,495
2025-05-10,M04,413,1.7,Afternoon,OP06,70.1,Due Soon,414
2025-08-01,M05,526,10.1, Morning ,OP05,71.3,Up to Date,537
2025-10-08,M06,275,234.4,Afternoon,OP10,75.6,Overdue,300
2025-04-06,M03,625,8.2,Morning,OP04,69.3,Due Soon,643
2025-07-05,M03,599,20.4,Morning,OP03,72.9,Due Soon,614
2025-08-06,M01,462,6.9,Night,OP11,67.0,Up to Date,472
04/09/2025,M06,551,16.2,Morning,OP05,74.6,Overdue,578
2025-10-29,M05,503,10.4,Afternoon,,69.5,Overdue,520
2025-01-05,M02,424,6.1,Afternoon,OP07,59.3,Up to Date,436
2025-07-24,M08,370,36.0,Morning,OP03,72.6,Up to Date,379
12/09/2025,M01,458,19.9,Morning,OP02,69.3,up to date,464
2025-12-10,M05,487,7.7,Night,OP15,61.5,Due Soon,496
03/07/2025,M02,410,24.0,Night,OP12,68.0,Up to Date,422
2025-05-24,M07,429,16.3,Night,OP11,68.6,Up to Date,434
2025-05-24,M08,381,6.5,Morning,OP03,71.4,Up to Date,387
2025-10-09,M01,463,0.7,Morning,OP01,67.3,Up to Date,473
2025-06-18,M01,466,1.6,Morning,OP01,67.3,Due Soon,478
2025-10-06,M04,417,8.0,Morning,OP01,66.0,Due Soon,425
2025-03-16,M05,478,15.6,Night,OP14,60.4,Up to Date,488
2025-04-09,M03,671,600.0,Night,OP13,66.9,Up to Date,677
2025-02-20,M08,347,28.1,Night,OP14,64.3,Up to Date,357
2025-01-24,M05,511,14.6,Night,OP13,62.5,Up to Date,518
2025-10-03,M04,380,14.1,Afternoon,OP06,67.8,Up to Date,388
2025-07-21,M01,415,75.2,Afternoon,OP07,71.8,Up to Date,422
2025-04-25,M07,450,2.3,Afternoon,OP06,65.6,Up to Date,456
2025-12-27,M02,393,60.9,Night,OP11,60.4,Up to Date,399
2025-12-30,M06,456,15.1,Afternoon,OP10,77.6,Overdue,512
2025-12-16,M06,353,121.6,Afternoon,OP10,80.2,Overdue,401
2025-04-12,M06,585,20.8,Afternoon,OP10,66.4,Up to Date,597
2025-05-17,M02,405,4.3,Afternoon,OP06,64.9,Up to Date,414
2025-10-22,M08,373,14.3,Night,OP15,66.2,Up to Date,381
2025-09-01,M02,395,13.0,Morning,OP02,63.5,Up to Date,397
2025-12-29,M05,202,285.1,Afternoon,OP09,,Overdue,210
2025-12-02,M01,329,137.5,Morning,OP01,62.9,Up to Date,335
2025-10-28,M03,572,,Morning,OP05,77.9,Overdue,618
2025-11-16,M03,372,130.6,Morning,OP05,72.1,Overdue,402
2025-10-18,M02,412,27.0,Afternoon,OP06,61.6,Up to Date,419
2025-11-28,M03,230,269.0,Morning,OP03,80.2,Overdue,257
2025-10-20,M03,547,13.4,Afternoon,OP09,78.1,Overdue,586
2025-04-12,M06,609,2.6,Morning,OP03,64.4,Up to Date,629
2025-03-11,M-08,363,10.6, Afternoon ,OP10,69.0,due soon,371
2025-09-09,M06,554,8.1,Night,OP13,71.7,Overdue,584
2025-03-03,M02,408,21.1,Night,OP12,58.9,Up to Date,419
2025-07-26,M05,501,8.2,Night,OP14,71.4,Up to Date,507
2025-09-18,M07,419,27.6,Morning,OP02,68.1,Up to Date,427
2025-10-13,M02,401,17.2,Afternoon,OP06,66.3,Due Soon,404
2025-06-25,M03,632,0.8,Morning,OP04,69.8,Up to Date,644
2025-02-03,M03,574,11.2,Night,OP15,65.6,Due Soon,581
2025-08-04,M05,531,18.8,Afternoon,OP10,71.4,Up to Date,533
2025-02-13,M03,609,6.4,Night,OP15,62.8,Up to Date,627
2025-12-16,M02,390,7.6,Morning,OP02,60.5,Up to Date,398
2025-02-23,M08,379,17.7,Night,OP13,,Up to Date,384
2025-01-10,M07,426,7.4,Night,OP12,57.6,Up to Date,433
17/12/2025,M07,272,180.6,Night,OP11,61.4,Up to Date,278
2025-02-20,M05,504,12.5,Morning,OP03,63.9,Up to Date,513
2025-10-31,M03,530,10.6,Afternoon,OP10,76.4,Overdue,575
2025-03-07,M01,458,16.8,Night,OP12,61.4,Up to Date,471
2025-06-04,M04,410,4.0,Morning,OP01,66.7,Up to Date,415
2025-03-10,M07,424,17.7,Night,OP12,60.1,Up to Date,432
2025-01-26,M02,400,23.6,Morning,OP01,58.6,Up to Date,407
2025-07-22,M01,450,27.6,Morning,OP02,,Up to Date,460
2025-12-26,M01,458,5.4,Morning,OP02,63.8,Up to Date,474
2025-04-11,M08,375,8.1,Night,OP15,64.5,Due Soon,381
2025-06-05,M07,440,5.5,Afternoon,OP06,70.7,Up to Date,449
2025-02-06,M07,428,14.8,Night,OP11,60.4,Up to Date,440
2025-09-29,M08,398,7.3,Afternoon,OP10,71.4,Up to Date,403
2025-11-16,M06,476,21.3,Afternoon,OP10,81.1,Overdue,536
2025-04-08,M04,403,3.6,Afternoon,OP07,65.3,Up to Date,408
2025-09-07,M08,381,1.8,Night,OP13,69.6,Up to Date,387
2025-12-24,M08,385,12.0,Afternoon,OP08,60.5,Up to Date,395
2025-06-15,M03,578,8.5,Night,OP15,70.9,Up to Date,591
23/04/2025,M02,414,4.2,Night,OP11,61.9,Up to Date,422
2025-06-30,M03,606,14.3,Afternoon,OP10,75.3,Up to Date,628
2025-02-25,M08,408,13.2,Morning,OP05,64.0,Up to Date,412
2025-08-28,M07,421,32.7,Morning,OP02,68.0,Due Soon,428
2025-11-18,M05,498,10.3,Afternoon,OP10,66.1,Up to Date,506
2025-07-11,M03,579,19.7,Night,OP14,72.4,Up to Date,594
2025-01-19,M01,435,21.5,Morning,OP02,64.1,Overdue,446
2025-05-10,M07,437,13.2,Afternoon,OP07,70.1,Up to Date,447
2025-03-20,M06,593,4.9,Morning,OP05,62.9,Up to Date,601
2025-07-05,M07,410,34.9,Afternoon,OP06,72.5,Up to Date,419
2025-06-11,M03,636,1.6,Morning,OP05,67.0,Up to Date,651
2025-08-16,M04,406,7.4,Afternoon,OP07,68.6,Up to Date,413
2025-04-21,M04,413,9.0,Morning,OP01,65.6,Up to Date,421
2025-10-12,M05,471,26.0,Night,OP15,66.6,Due Soon,480
2025-07-06,M02,426,7.5,Afternoon,OP06,68.3,Due Soon,433
2025-06-10,M08,374,8.6,Afternoon,OP08,71.0,Up to Date,385
2025-08-08,M07,432,2.3,Morning,OP02,66.0,Up to Date,442
2025-07-16,M05,478,27.5,Afternoon,OP08,73.6,Up to Date,488
2025-06-13,M06,629,0.8,Morning,OP04,69.6,Due Soon,636
2025-12-21,M07,417,36.8,Night,OP11,60.0,Up to Date,425
2025-05-02,M06,595,8.7,Afternoon,OP09,68.7,Up to Date,610
2025-01-31,M08,371,28.7,Afternoon,OP10,63.2,Up to Date,380
2025-07-02,M02,438,9.5,Afternoon,OP07,67.8,Up to Date,449
2025-08-13,M08,379,8.6,Afternoon,OP10,71.6,Due Soon,388
2025-01-06,M08,418,6.1, Morning ,OP05,62.3,Up to Date,426
2025-05-02,M04,400,2.4,Morning,OP02,63.9,Up to Date,405
2025-01-03,M03,631,8.7,Afternoon,OP10,63.9,Up to Date,646
2025-05-02,M05,496,12.2,Night,OP15,,Up to Date,507
2025-02-03,M02,423,17.3,Afternoon,OP06,59.6,Up to Date,434
2025-05-20,M07,433,31.1,Morning,OP01,64.6,Up to Date,439
2025-03-30,M07,444,3.6,Afternoon,OP07,66.2,Due Soon,455
2025-12-24,M07,424,11.5,Morning,,62.9,Due Soon,435
2025-09-07,M04,413,2.8,Morning,OP02,70.0,Up to Date,421
2025-01-08,M01,463,7.2,Afternoon,OP06,59.3,Due Soon,480
2025-11-13,M03,371,142.8,Night,OP14,77.9,Overdue,407
2025-11-22,M06,266,220.7,Morning,OP03,76.6,Overdue,299
2025-03-02,M03,615,3.4,Night,OP14,67.8,Up to Date,624
2025-10-01,M02,410,19.6,Afternoon,OP06,64.8,Up to Date,421
26/09/2025,M03,557,24.4,Morning,OP04,72.5,Overdue,589
2025-08-19,M04,371,28.0,Afternoon,OP07,68.3,Up to Date,378
2025-08-26,M06,578,10.1,Morning,OP03,75.7,Overdue,605
2025-12-21,M03,289,193.8,Night,OP13,79.4,Overdue,328
2025-10-17,M06,494,22.2,Morning,OP03,78.0,Overdue,540
2025-04-02,M06,596,6.5,Night,OP13,64.5,Up to Date,619
2025-04-23,M01,456,14.2,Afternoon,OP06,68.3,Up to Date,465
2025-05-09,M02,410,9.8,Morning,OP01,61.7,Up to Date,420
2025-08-15,M05,549,7.3,Morning,OP03,70.4,Due Soon,558
2025-11-29,M04,382,22.0,Morning,OP02,60.5,Up to Date,396
2025-02-28,M03,552,42.5,Night,OP13,64.2,Up to Date,564
2025-04-21,M04,403,7.1,Afternoon,OP06,67.1,Up to Date,409
2025-10-02,M01,426,24.9,Morning,OP01,71.2,Up to Date,439
2025-01-06,M06,575,24.4,Afternoon,OP10,61.5,Up to Date,588
2025-01-02,M05,523,1.8,Morning,OP04,57.7,Up to Date,535
2025-07-04,M01,491,10.1,Afternoon,OP07,72.1,Up to Date,499
2025-05-02,M06,582,12.2,Morning,OP03,64.0,Up to Date,594
2025-10-19,M06,490,19.8,Morning,OP04,76.5,Overdue,545
2025-01-07,M08,351,19.1,Night,OP14,62.2,Up to Date,361
2025-12-25,M03,427,80.2,Afternoon,,79.4,Overdue,477
2025-11-29,M03,482,3.6,Night,OP15,,Overdue,537
2025-04-02,M08,395,2.9,Morning,OP03,65.5,Up to Date,403
2025-03-09,M07,444,3.3,Night,OP12,60.3,Up to Date,454
2025-08-12,M03,612,9.7,Afternoon,OP09,72.1,Due Soon,619
2025-12-11,M06,62,416.1,Night,OP15,76.1,Overdue,69
2025-02-16,M03,597,18.1,Afternoon,OP10,66.4,Up to Date,606
2025-04-11,M06,572,16.3,Night,OP13,66.5,Up to Date,585
2025-04-16,M04,379,7.8,Night,OP11,66.1,Up to Date,390
2025-03-18,M06,619,20.7,Morning,OP03,61.1,Due Soon,631
2025-01-01,M03,628,1.4,Afternoon,OP10,67.3,Up to Date,643
2025-11-11,M02,420,16.3,Afternoon,OP07,61.8,Due Soon,430
2025-12-01,M08,380,15.4,NIGHT,OP13,66.6,Up to Date,391
2025-07-17,M04,387,11.8,Night,OP11,70.2,Up to Date,398
2025-04-11,M06,580,11.3,Morning,OP03,68.1,Up to Date,591
2025-05-08,M04,386,17.5,Morning,OP02,63.4,Due Soon,394
2025-09-12,M08,377,5.1,Night,OP13,72.2,Due Soon,385
2025-10-16,M08,359,5.6,Night,OP14,65.5,Due Soon,365
2025-06-14,M08,374,22.9,Afternoon,OP08,70.0,Due Soon,381
2025-10-25,M07,423,25.8,Afternoon,OP06,66.1,Up to Date,433
2025-10-15,M06,521,1.7,Morning,OP04,76.3,Overdue,569
2025-10-29,M04,378,4.7,Afternoon,OP07,63.8,Up to Date,385
2025-01-27,M02,409,8.7,Night,OP12,57.6,Up to Date,419
2025-05-26,M01,477,16.9,Afternoon,OP07,68.1,Up to Date,481
2025-04-30,M02,417,14.7,Morning,OP01,61.1,Up to Date,424
2025-07-06,M01,469,4.6,Night,OP12,70.5,Up to Date,474
2025-04-14,M02,400,,Night,OP12,60.7,Up to Date,410
2025-11-30,M06,427,52.0,Night,OP13,76.5,Overdue,483
2025-05-30,M02,408,14.8,Afternoon,OP06,62.8,Up to Date,416
2025-10-07,M08,371,30.0,Morning,OP04,67.8,Up to Date,375
2025-05-01,M05,480,8.7,Night,OP13,68.1,Up to Date,494
2025-04-16,M07,429,6.2,Night,OP12,63.0,Up to Date,438
01/06/2025,m03,593,7.2,Afternoon,OP08,74.8,Due Soon,616
2025-07-09,M05,479,2.1,Night,OP15,72.7,Due Soon,492
2025-03-06,M06,571,23.0,Night,OP13,65.2,Up to Date,589
2025-05-24,M03,557,31.9,Night,OP15,67.2,Up to Date,571
2025-04-11,M05,479,41.1,Morning,OP04,67.0,Due Soon,490
2025-06-06,M02,416,9.7,Night,OP11,66.1,up to date,421
2025-09-28,M06,444,77.9,Morning,OP04,75.4,Overdue,481
2025-03-10,M02,382,26.4,Night,OP11,59.1,Up to Date,394
2025-10-13,M05,507,11.1,Morning,OP05,72.4,Due Soon,524
2025-10-01,M08,366,9.7,Night,OP15,64.9,Up to Date,376
2025-02-23,M01,467,4.7,Morning,OP02,65.7,Up to Date,480
2025-02-25,M03,633,1.0,Night,OP13,64.8,Up to Date,647
2025-06-11,M05,485,47.5,Morning,OP04,68.9,Due Soon,493
2025-07-24,M03,630,10.9,Afternoon,OP08,73.4,Up to Date,639
2025-06-08,M02,423,18.0,Morning,OP02,63.7,Due Soon,431
2025-04-01,M02,420,10.5,Night,OP12,60.8,Up to Date,430
2025-07-27,M04,397,3.8,Morning,OP01,72.1,Up to Date,405
2025-02-04,M08,364,20.6,Night,OP14,64.7,Up to Date,369
2025-04-28,M07,409,36.4,Afternoon,OP06,67.8,Due Soon,416
2025-07-12,M08,380,7.2,Night,OP13,69.2,Up to Date,390
2025-06-27,M03,609,32.8,Afternoon,OP09,73.6,Up to Date,616
2025-07-24,M07,414,19.6,Morning,OP01,66.4,Up to Date,425
2025-04-10,M08,403,3.0,Morning,OP05,67.1,Due Soon,407
2025-01-20,M03,633,12.6,Morning,OP04,63.8,Up to Date,644
2025-06-03,M05,491,23.9,Morning,OP05,68.6,Up to Date,501
2025-04-28,M07,440,6.8,Morning,OP02,65.2,Due Soon,452
2025-06-08,M01,454,9.4,Morning,OP02,68.6,Up to Date,463
2025-01-06,M04,409,9.8,Afternoon,OP07,61.5,Up to Date,421
2025-02-10,M08,381,3.8,Night,OP13,61.0,Due Soon,390
2025-09-15,M01,468,9.7,Morning,OP02,67.0,Due Soon,474
2025-11-17,M05,496,6.6,Afternoon,OP10,63.5,Up to Date,502
2025-11-01,M03,533,24.0,Morning,OP05,73.6,Overdue,569
2025-12-10,M03,477,21.1,Night,OP13,77.7,Overdue,535
2025-11-03,M02,405,7.4,Night,OP11,61.8,Up to Date,412
2025-09-11,M08,384,16.0,Morning,OP03,69.4,Up to Date,391
2025-04-03,M05,487,17.3,Afternoon,OP08,68.0,Up to Date,497
2025-04-26,M06,597,20.9,Morning,OP03,65.6,Up to Date,602
2025-08-15,M06,502,38.8,Afternoon,OP08,75.5,Overdue,522
2025-06-20,M08,391,3.2,Night,OP13,68.4,Up to Date,398
2025-03-15,M05,529,6.0,Afternoon,OP09,64.1,Up to Date,541
2025-05-21,M04,404,11.5,Afternoon,OP06,67.5,Up to Date,411
2025-07-28,M05,511,22.8,Morning,OP03,,Up to Date,521
2025-06-27,M01,455,6.7,Night,OP12,69.3,Up to Date,468
2025-09-09,M01,452,4.5,Night,OP12,70.2,Up to Date,460
2025-08-09,M06,576,11.4,Night,OP15,74.3,Overdue,598
2025-01-06,M05,500,14.8,Night,OP15,62.8,Up to Date,510
2025-02-02,M06,564,16.8,Afternoon,OP10,62.3,Up to Date,575
2025-12-30,M05,498,12.6,Afternoon,OP10,64.9,Overdue,509
2025-03-17,M07,454,2.0,Afternoon,OP07,63.0,Up to Date,460
2025-08-02,M01,442,24.7,Morning,OP02,70.0,Up to Date,454
2025-04-27,M04,402,7.1,Night,OP12,67.3,Up to Date,409
2025-11-24,M07,382,72.3,Afternoon,OP06,64.3,Due Soon,391
2025-02-21,M08,377,3.9,Morning,OP05,62.8,Up to Date,388
2025-05-23,M08,387,5.4,Morning,OP04,72.9,Up to Date,397
2025-06-24,M03,623,1.6,Morning,OP04,72.1,Up to Date,635
2025-12-14,M03,327,177.7,Morning,OP04,79.8,Overdue,368
2025-02-06,M08,386,16.7,Morning,OP03,61.8,Up to Date,394
2025-12-10,M03,416,81.9,Morning,OP05,78.5,Overdue,466
2025-03-17,M07,405,19.5,Morning,,61.4,Up to Date,416
2025-10-09,M02,435,1.8,Night,OP12,62.7,Up to Date,447
2025-01-23,M08,374,22.1,Afternoon,OP10,62.6,Up to Date,381
2025-12-28,M08,381,4.3,Afternoon,OP10,66.2,Up to Date,389
2025-06-06,M07,363,57.3,Night,OP11,66.2,Up to Date,372
2025-09-21,M05,498,8.3,Night,OP13,69.5,Up to Date,504
2025-04-16,M01,488,6.1,Afternoon,OP07,64.9,Due Soon,502
2025-02-22,M02,412,11.6,Night,OP12,60.2,Up to Date,420
2025-01-27,M04,381,24.1,Night,OP12,61.1,Up to Date,388
2025-08-24,M04,384,2.1,Afternoon,OP06,70.1,Up to Date,393
2025-10-26,M06,488,21.2,Morning,OP03,78.4,Overdue,533
2025-08-22,M05,,23.1,Night,OP15,67.3,Overdue,458
2025-06-23,M06,604,7.6,Morning,OP04,70.5,Up to Date,612
2025-09-14,M-08,366,17.8,Afternoon,OP08,70.7,Due Soon,372
2025-07-12,M03,594,27.0,Night,OP14,71.4,Up to Date,609
2025-09-09,M01,453,14.6,Morning,OP02,69.5,Up to Date,459
2025-04-24,M02,415,10.3,Night,OP12,61.7,Up to Date,422
2025-07-16,M07,458,7.2,Night,OP12,70.4,Up to Date,465
2025-03-28,M05,491,16.4,Night,OP15,65.7,Up to Date,499
2025-06-19,M02,362,83.3,Afternoon,OP06,65.8,Up to Date,367
2025-07-28,M05,497,7.1,Afternoon,OP09,72.2,Up to Date,510
2025-08-28,M06,557,2.1,Night,OP14,74.2,Overdue,579
2025-07-21,M07,374,65.4,Night,OP11,64.9,Up to Date,386
2025-07-01,M06,586,17.0,Morning,OP05,70.8,Up to Date,596
2025-01-28,M06,596,4.5,Morning,OP05,62.9,Up to Date,608
2025-06-09,M06,566,26.0,Night,OP14,72.2,Up to Date,583
2025-02-21,M08,357,14.3,Night,OP15,64.3,Up to Date,361
2025-07-12,M05,512,11.4,Afternoon,OP09,72.9,Due Soon,523
2025-06-01,M03,639,3.7,Morning,OP05,73.6,Due Soon,651
2025-10-01,M01,457,9.8,Morning,OP01,65.5,Up to Date,468
2025-02-15,M03,579,7.4,Night,OP13,64.4,Up to Date,591
2025-06-05,M07,415,13.0,Night,OP11,65.1,Up to Date,426
2025-11-22,M08,400,1.6,Afternoon,OP09,71.3,Up to Date,406
2025-12-17,M05,502,8.6,Afternoon,OP08,66.2,Overdue,516
2025-04-29,M03,629,5.4,Afternoon,OP09,71.0,Up to Date,638
2025-10-01,M03,366,185.8,Afternoon,OP09,76.8,Overdue,386
2025-12-07,M06,371,120.0,Night,OP13,77.1,Overdue,413
2025-10-25,M07,335,109.6,Night,OP11,64.3,Up to Date,340
2025-05-01,M03,614,3.5,Night,OP15,67.5,Up to Date,632
2025-11-29,M07,373,67.9,NIGHT,OP12,62.4,Up to Date,383
2025-06-07,M03,623,6.2,Afternoon,OP09,71.2,Due Soon,632
2025-08-16,M01,486,1.7,Morning,OP02,70.3,Due Soon,498
2025-06-03,M04,376,25.9,Morning,OP01,63.2,Up to Date,385
2025-09-02,M03,594,4.0,Afternoon,OP08,73.5,Overdue,612
2025-12-18,M08,348,51.8,Morning,OP04,64.0,Due Soon,352
2025-10-24,M06,343,151.1,Night,OP14,79.0,Overdue,377
2025-03-30,M03,407,148.8,Night,OP14,61.4,Up to Date,417
2025-12-25,M03,482,7.7,Night,OP14,77.8,Overdue,535
2025-09-14,M02,422,10.0,Night,OP11,67.2,Due Soon,431
2025-07-24,M04,415,9.2,Morning,OP02,67.2,Up to Date,423
2025-06-02,M04,392,7.8,Afternoon,OP06,66.3,Up to Date,401
2025-04-05,M03,565,28.2,Afternoon,OP08,66.6,Due Soon,577
2025-07-02,M06,587,1.3,Night,OP15,70.6,Up to Date,602
2025-09-19,M08,359,7.3,Night,OP15,71.2,Due Soon,370
2025-10-27,M01,460,7.1,Night,OP11,65.5,Up to Date,470
2025-01-10,M02,395,34.2,Afternoon,OP06,58.4,Up to Date,404
2025-12-27,M01,463,9.7,Night,OP12,64.8,Up to Date,471
2025-03-28,M07,428,24.1,Night,OP11,64.7,Due Soon,433
2025-07-19,M08,374,34.2,Morning,OP03,67.3,Up to Date,384
2025-03-07,M08,357,19.9,Night,OP15,60.1,Up to Date,364
2025-01-12,M02,406,18.7,Afternoon,OP07,61.6,Up to Date,418
2025-07-03,M04,410,5.6,Morning,OP02,65.3,Up to Date,421
2025-11-21,M06,472,5.3,Night,OP14,78.4,Overdue,531
2025-05-15,M05,520,9.0,AFTERNOON,OP10,68.2,Due Soon,535
2025-02-28,M06,603,24.9,Afternoon,OP09,65.5,Up to Date,612
2025-06-12,M08,396,7.3,Morning,OP04,70.1,Due Soon,407
2025-07-23,M05,481,31.3,Morning,OP03,72.5,Up to Date,491
2025-11-25,M02,426,8.5,Morning,OP01,62.5,Up to Date,432
2025-03-27,M01,444,28.8,Night,OP12,65.8,Up to Date,451
2025-06-02,M04,366,27.9,Morning,OP02,66.5,Up to Date,375
2025-02-21,M08,373,1.2,Afternoon,OP10,66.7,Up to Date,382
2025-09-18,M04,318,95.4,Afternoon,OP07,67.1,Up to Date,325
2025-11-18,M08,389,18.0,Morning,OP05,65.6,Due Soon,398
2025-12-28,M04,396,11.4,Morning,OP02,60.1,Up to Date,407
2025-09-30,M06,524,11.1,Morning,OP05,75.8,Overdue,567
2025-05-30,M02,433,1.9,Morning,OP01,59.4,Up to Date,439
2025-04-06,M01,450,29.0,Night,OP11,64.6,Up to Date,455
2025-08-27,M04,403,11.4,Afternoon,OP07,68.5,Up to Date,409
2025-08-03,M05,518,14.0,Morning,OP04,71.6,up to date,529
2025-06-03,M05,508,2.5,Afternoon,OP09,71.4,Up to Date,518
2025-08-07,M03,638,7.0,Morning,OP04,71.5,Due Soon,649
2025-11-15,M04,303,117.7,Morning,OP02,63.3,In Progress,309
2025-03-21,M08,384,10.6,Morning,OP05,63.6,Up to Date,394
2025-09-05,M03,597,13.1,Afternoon,OP09,73.8,overdue,617
2025-11-10,M05,349,165.8,Morning,OP05,62.4,In Progress,361
2025-12-14,M08,390,7.6,Afternoon,OP09,65.5,Up to Date,396
2025-08-05,M07,435,20.8,Morning,OP02,67.3,Up to Date,442
2025-03-12,M05,,600.0,Morning,OP04,65.4,Due Soon,519
2025-08-14,M01,460,10.4,Afternoon,OP07,74.9,Up to Date,470
2025-11-20,M02,411,21.5,Afternoon,OP06,60.3,Up to Date,419
2025-04-08,M01,425,32.2, Afternoon ,OP07,65.7,Up to Date,429
2025-08-18,M06,543,26.6,Afternoon,OP09,74.3,Overdue,570
2025-04-23,M08,397,17.3,Morning,OP03,66.6,Up to Date,398
2025-11-28,M06,422,58.9,Morning,OP03,78.0,Overdue,474
2025-05-21,M06,567,10.0,Night,OP14,68.9,Up to Date,575
2025-09-08,M05,487,10.3, Afternoon ,OP09,75.1,Overdue,507
2025-02-14,M05,508,20.4,Morning,OP05,63.4,Due Soon,516
2025-09-02,M05,488,9.2,Night,OP14,68.2,Overdue,506
2025-01-19,m06,609,13.3,Morning,OP05,63.4,Due Soon,619
2025-07-05,M06,582,12.4,Morning,OP05,69.7,Up to Date,594
2025-04-09,M01,460,16.0,Night,OP12,68.4,Up to Date,468
2025-06-13,M08,375,7.7,Afternoon,OP09,72.3,Due Soon,382
2025-01-09,M06,582,6.5,Morning,OP04,60.7,Up to Date,595
2025-03-08,M04,378,7.3,Night,OP12,61.0,Up to Date,388
2025-01-10,M01,460,14.5,Afternoon,OP07,60.0,Due Soon,470
2025-03-18,M03,592,18.9,Morning,OP03,67.3,Up to Date,600
2025-05-31,M07,415,13.2,Night,OP12,65.4,Due Soon,428
2025-12-04,M04,375,,Morning,OP01,63.5,Up to Date,385
2025-07-11,M03,596,20.5,Afternoon,OP10,73.4,Up to Date,617
2025-07-02,M01,421,31.3,Morning,OP02,69.1,Up to Date,428
2025-07-07,M01,475,5.0,Morning,OP02,68.8,Up to Date,481
2025-05-22,M07,441,27.6,Morning,OP01,68.4,Up to Date,448
2025-06-21,M02,421,1.9,Afternoon,,67.2,Up to Date,426
2025-03-20,M01,450,11.8,Morning,OP01,67.2,Up to Date,456
2025-12-17,M02,423,12.0,Morning,OP01,56.5,Up to Date,430
2025-11-11,M01,450,20.4,Afternoon,OP06,67.8,Up to Date,458
2025-03-22,M04,398,9.4,Afternoon,OP06,62.2,Up to Date,408
2025-12-23,M06,456,30.9,Night,OP14,,Overdue,506
2025-11-26,M04,390,7.0,Night,OP12,66.1,Up to Date,400
2025-08-08,M02,409,14.2,Night,OP11,66.2,Due Soon,420
2025-07-15,M07,425,17.3,Morning,OP01,69.2,Up to Date,435
2025-03-05,M06,599,0.8,Night,OP13,57.0,Up to Date,615
2025-08-06,M08,369,6.2,Night,OP13,67.4,Up to Date,379
2025-07-08,M03,610,17.9,Afternoon,OP08,75.5,Due Soon,626
2025-07-15,M03,638,2.0,Morning,OP05,70.9,Up to Date,645
2025-08-27,M05,490,6.5,Afternoon,OP10,69.8,Overdue,502
2025-08-01,M05,488,23.0,Night,OP13,69.0,Up to Date,494
2025-07-03,M01,468,22.0,Afternoon,OP06,71.1,Up to Date,477
2025-02-27,M02,416,10.8,Afternoon,OP06,62.8,Up to Date,425
2025-12-21,M07,435,6.5,Morning,OP01,59.2,Up to Date,448
2025-02-07,M05,473,19.9,Morning,OP04,59.7,Up to Date,483
2025-12-02,M02,428,3.4,Morning,OP02,59.6,Up to Date,435
2025-07-31,M03,555,18.7,Night,OP14,71.1,Up to Date,566
14/04/2025,M01,424,32.1,Afternoon,OP06,63.8,Due Soon,436
2025-11-24,M03,526,11.2,Morning,OP05,77.1,Overdue,581
2025-05-06,M08,382,6.8,Night,OP13,70.4,Up to Date,392
2025-01-25,M01,469,8.8,Night,OP12,61.9,Up to Date,478
2025-05-24,M01,458,7.9,Morning,OP01,69.9,Up to Date,466
02/09/2025,M03,549,33.9,Morning,OP03,70.9,Overdue,571
2025-11-19,M05,497,10.2,Afternoon,OP08,64.3,Up to Date,513
2025-11-10,M07,439,6.7,Morning,OP01,64.2,Up to Date,451
2025-07-23,M02,415,21.5,Afternoon,OP06,69.0,Up to Date,424
2025-05-02,M03,645,3.4,Morning,OP04,66.3,Due Soon,656
2025-01-02,M08,374,9.9,Afternoon,OP09,63.7,Up to Date,382
2025-07-18,M07,465,6.4,Afternoon,OP07,69.0,Up to Date,471
2025-05-20,M02,412,27.2,Afternoon,,68.0,Up to Date,416
2025-06-30,M07,434,3.1,Night,OP11,70.1,Up to Date,440
2025-09-22,M01,462,3.4,Night,OP12,69.2,Up to Date,477
12/04/2025,M03,635,9.2,Morning,OP04,68.5,Up to Date,644
06/06/2025,M08,362,28.2,Afternoon,OP10,68.9,Up to Date,369
2025-02-26,M03,619,9.1,Afternoon,OP10,66.1,Up to Date,630
2025-09-11,M05,397,132.4,Morning,OP05,66.2,In Progress,405
2025-07-04,M06,585,-15.0,Night,OP13,68.7,Up to Date,594
2025-07-29,M03,611,9.6,Morning,OP04,70.8,Up to Date,624
2025-12-29,M04,399,9.4,Morning,OP01,60.9,Up to Date,407
2025-06-22,M06,554,17.6,Night,OP15,68.4,Up to Date,561
2025-08-28,M05,487,2.6,Morning,OP03,68.2,Overdue,505
2025-12-10,M01,464,25.2,Morning,OP01,61.5,Up to Date,473
2025-08-24,M03,571,18.4,Morning,OP05,71.6,Overdue,597
2025-08-22,M03,565,16.7,Night,OP15,75.5,Overdue,587
2025-06-17,M06,575,26.5,Morning,OP04,71.1,Due Soon,588
2025-12-27,M08,371,6.0,Night,OP14,62.6,Up to Date,378
2025-08-03,M07,438,4.4,Morning,OP01,70.8,Up to Date,447
2025-10-17,M05,496,27.0,Morning,OP03,66.4,Overdue,517
2025-09-16,M05,510,10.7,Morning,OP05,66.9,Up to Date,526
2025-11-04,M08,375,6.1,Night,OP13,65.7,Up to Date,383
2025-08-20,M01,447,4.5,Morning,OP02,71.4,Up to Date,458
2025-10-25,M04,410,11.4,Morning,OP01,63.3,Up to Date,418
2025-02-19,M04,413,10.7,Afternoon,OP06,61.9,Up to Date,420
2025-06-17,M06,561,11.1,Night,OP13,69.8,Due Soon,578
2025-04-02,M02,426,22.2,Afternoon,OP07,61.5,Up to Date,433
2025-07-08,M05,489,7.0,Night,OP13,70.7,Due Soon,498
2025-08-05,M08,379,21.5,Morning,OP04,72.0,Up to Date,391
2025-04-01,M01,457,16.8,Afternoon,OP06,63.5,Up to Date,468
2025-09-21,M04,414,22.5,Afternoon,OP07,68.7,Up to Date,424
2025-01-05,M08,387,13.3,Morning,OP05,61.6,Up to Date,396
2025-10-10,M04,393,9.6,Morning,OP02,68.0,Due Soon,404
2025-04-04,M02,430,3.5,Afternoon,OP06,64.5,Up to Date,439
2025-04-19,M04,380,11.9,Night,OP12,,Up to Date,387
2025-03-20,M04,410,5.3,Night,OP11,63.9,Up to Date,417
2025-04-23,M05,482,27.8,Morning,OP04,67.0,up to date,496
2025-11-06,M08,361,25.4,Night,OP13,999.0,Up to Date,366
2025-06-07,M05,531,0.6,Morning,OP03,66.9,Up to Date,542
2025-11-24,M04,402,13.4,Afternoon,OP06,62.4,Up to Date,407
2025-04-20,M05,533,5.1,Morning,OP04,67.3,Up to Date,547
2025-08-12,M04,381,9.8,Afternoon,OP06,69.1,Due Soon,387
2025-08-23,M06,558,13.2,Morning,OP03,73.7,Overdue,575
2025-05-23,M03,588,13.9,Night,OP13,65.6,Up to Date,604
19/10/2025,M04,418,2.4,Afternoon,OP06,68.7,Up to Date,425
2025-01-22,M06,612,6.4,Morning,OP03,64.1,Up to Date,623
2025-01-11,M06,604,7.2,Afternoon,OP08,64.9,Up to Date,614
2025-01-15,M02,396,13.0,Afternoon,OP06,60.9,Up to Date,404
07/09/2025,M07,453,16.5,Afternoon,OP07,67.8,Up to Date,459
2025-06-03,M08,386,5.1,Morning,OP04,71.4,Up to Date,395
2025-05-26,M02,430,9.2,Morning,OP02,63.0,Up to Date,443
2025-03-10,M02,425,14.7,Afternoon,OP07,60.7,Up to Date,431
2025-02-14,M01,436,25.6,Night,OP11,60.6,Up to Date,442
2025-10-03,M06,538,15.2,Night,OP13,74.2,Overdue,579
2025-05-23,M03,593,18.8,Afternoon,OP08,68.3,Up to Date,607
2025-03-13,M06,605,3.9,Afternoon,OP08,66.2,Up to Date,616
2025-11-24,M04,390,17.9,Morning,OP02,65.1,Up to Date,396
2025-12-04,M08,393,5.5,Afternoon,OP10,64.1,Up to Date,399
2025-12-15,M02,425,8.5,Night,OP12,58.8,Up to Date,432
2025-08-19,M07,442,13.6,Afternoon,OP07,71.2,Up to Date,452
2025-11-28,M02,415,11.2,Afternoon,OP07,60.6,Up to Date,428
2025-03-25,M05,486,18.3,Afternoon,OP10,66.4,Up to Date,496
2025-09-15,M06,525,6.1,Night,OP15,76.0,Overdue,560
2025-11-06,M03,532,14.7,Morning,OP05,74.5,Overdue,582
2025-04-01,M01,454,7.3,Night,OP11,65.2,Up to Date,469
2025-08-07,M03,578,52.6,Afternoon,OP09,72.4,Due Soon,585
2025-09-12,M06,566,5.7,Morning,OP04,75.8,Overdue,601
2025-09-01,M05,474,7.4,Afternoon,OP08,73.4,Overdue,486
2025-01-16,M05,496,5.6,Afternoon,OP08,64.6,Up to Date,506
2025-12-01,M07,465,2.5,Morning,OP02,58.8,Up to Date,469
2025-08-09,M03,622,10.2,Morning,OP04,69.8,Due Soon,637
2025-06-22,M06,558,6.9,Afternoon,OP08,70.8,Up to Date,571
2025-01-06,M05,506,6.5,Afternoon,OP08,62.2,Up to Date,526
2025-09-24,M08,359,36.3,Morning,OP04,67.6,Up to Date,371
2025-12-22,M07,471,5.9,Afternoon,OP06,62.3,Up to Date,479
2025-08-30,M05,493,6.1,Morning,OP05,70.7,Overdue,509
2025-12-13,M05,495,4.5,Night,OP13,60.5,Due Soon,504
2025-04-07,M01,454,23.1,Afternoon,OP07,,Up to Date,463
2025-06-15,M08,386,4.2,Morning,OP05,73.3,Due Soon,395
2025-02-09,M03,606,9.8,Afternoon,OP09,67.5,Up to Date,624
2025-06-08,M01,418,48.5,Afternoon,OP06,70.0,Up to Date,426
03/02/2025,M03,569,49.7,Afternoon,OP10,66.8,Due Soon,579
2025-09-11,M03,584,4.1,Morning,OP04,,Overdue,612
2025-10-17,M04,414,6.1,Night,OP12,64.1,Up to Date,421
2025-08-04,M07,436,35.4,Afternoon,OP06,70.2,Up to Date,441
2025-02-01,M05,516,8.8,Afternoon,OP10,66.7,Up to Date,526
16/03/2025,M06,607,6.1,Afternoon,OP09,65.3,Up to Date,618
2025-03-23,M06,595,9.7,Morning,OP03,62.9,Up to Date,607
2025-05-26,M01,442,9.8,Night,OP11,,Up to Date,454
23/12/2025,M04,371,9.8,Night,OP11,61.1,Up to Date,381
2025-01-11,M04,382,23.1,Night,OP11,61.2,Up to Date,389
2025-10-08,M05,479,23.8,Night,OP14,70.0,Due Soon,496
2025-07-30,M05,487,25.6,Morning,OP04,68.0,Up to Date,499
2025-07-24,M02,400,10.7,Afternoon,OP07,66.9,Up to Date,410
2025-12-14,M06,407,55.2,Afternoon,OP09,77.8,Overdue,456
2025-01-12,M08,392,16.6,Morning,OP04,63.9,Up to Date,398
2025-03-07,M06,585,6.0,Night,OP15,62.8,Up to Date,596
2025-07-13,M02,275,172.5,Morning,OP02,67.9,In Progress,282
2025-09-08,M06,251,256.9,Morning,OP04,76.5,Overdue,268
2025-02-26,M05,501,28.0,Afternoon,OP09,68.0,Up to Date,512
2025-10-30,M08,387,6.6,Morning,OP03,65.5,Up to Date,394
2025-03-31,M04,407,3.1,Morning,OP01,,Up to Date,415
2025-04-28,M03,590,36.5,Morning,OP05,67.2,Up to Date,604
2025-02-03,M06,590,13.6,Night,OP13,61.1,Up to Date,597
2025-04-07,M06,618,3.3,Afternoon,OP08,67.3,Up to Date,629
2025-06-02,M05,522,6.3,Afternoon,OP10,66.8,Up to Date,530
2025-09-09,M06,547,25.2,Morning,OP04,74.0,Overdue,572
2025-02-21,M03,584,36.2,Morning,OP04,68.4,Up to Date,591
2025-03-08,M03,575,16.2,Morning,OP04,67.9,Due Soon,587
2025-07-19,M05,511,8.6,Afternoon,OP09,72.7,Up to Date,515
2025-06-07,M03,612,5.4,Night,OP13,69.4,Due Soon,630
2025-06-30,M01,477,17.5,Night,OP11,69.0,Up to Date,484
2025-10-14,M08,379,3.2,Afternoon,OP10,66.8,Up to Date,388
2025-06-14,M02,410,5.2,Night,OP11,65.8,Up to Date,421
2025-08-24,M06,378,167.8,Afternoon,OP09,78.9,Overdue,397
2025-08-23,M08,377,12.9,Morning,OP04,70.1,Up to Date,386
2025-12-02,M03,257,230.8,Night,OP13,75.3,Overdue,282
2025-02-11,M03,634,4.8,Night,OP13,66.6,Up to Date,646
2025-11-18,M01,460,13.3,Morning,OP01,65.7,Due Soon,469
2025-02-28,M06,707.25,8.0,Morning,OP04,60.8,Up to Date,615
2025-01-30,M07,426,15.0,Afternoon,OP06,64.3,Due Soon,432
2025-03-01,M04,394,11.5,Night,OP12,63.6,Up to Date,401
2025-01-13,M03,517,102.4,Morning,OP04,62.3,Up to Date,531
2025-02-24,M04,390,12.7,Morning,OP02,59.8,Up to Date,397
2025-05-20,M03,605,7.1,Night,OP15,65.5,Up to Date,616
2025-09-21,M06,536,3.5,Morning,OP04,80.5,Overdue,577
2025-04-04,M08,321,91.1,Morning,OP04,65.0,Up to Date,326
2025-01-21,M05,513,9.2,Morning,OP04,61.2,Up to Date,521
2025-03-15,M07,424,9.7,Morning,OP02,63.4,Up to Date,433
2025-04-29,M07,457,3.8,Morning,OP02,66.0,Due Soon,467
2025-08-10,M08,380,15.4,Morning,OP03,70.7,Up to Date,387
2025-11-30,M04,392,16.0,Afternoon,OP06,64.3,Up to Date,400
2025-01-02,M03,631,19.4,Night,OP13,59.6,Up to Date,640
2025-11-16,M08,,24.9,Night,OP15,64.2,Due Soon,358
2025-08-27,M06,545,8.9,Afternoon,OP09,,Overdue,574
2025-11-03,M05,504,14.5,Morning,OP03,68.1,Overdue,521
2025-12-19,M05,494,30.7,Morning,OP04,66.9,Overdue,509
2025-12-07,M03,379,108.1,Afternoon,OP09,81.6,Overdue,429
2025-03-16,M04,357,47.9,Afternoon,,63.8,Up to Date,366
2025-01-17,M04,379,3.2,Night,OP12,60.8,Up to Date,388
2025-05-24,M07,447,3.2,Morning,OP01,999.0,Up to Date,453
2025-11-07,M06,272,202.6,Night,OP13,75.0,Overdue,305
2025-05-01,M07,454,18.4,Night,OP12,64.2,Due Soon,461
2025-07-28,M07,441,16.5,Afternoon,OP07,71.0,Due Soon,449
2025-09-05,M07,426,7.1,Morning,OP01,65.3,Up to Date,440
2025-12-07,M03,377,146.0,Morning,OP05,75.3,Overdue,413
2025-09-22,M01,466,7.0,Morning,OP01,67.5,Up to Date,476
2025-12-05,M04,399,7.2,Afternoon,OP07,62.6,Up to Date,406
2025-08-01,M04,387,21.6,Night,OP12,68.3,Up to Date,393
2025-02-28,M02,421,14.0,Afternoon,OP07,59.9,Up to Date,431
2025-06-29,M02,420,7.9,Morning,OP01,,Up to Date,426
2025-05-21,M07,425,11.1,Night,OP11,62.7,Up to Date,434
2025-07-14,M06,566,5.8,Night,OP15,73.5,Up to Date,576
2025-09-04,M04,390,6.6,Night,OP11,69.5,Up to Date,397
2025-11-28,M05,518,15.8,Afternoon,OP09,64.4,Up to Date,528
2025-03-26,M05,534,7.9,Morning,OP04,65.4,Up to Date,543
2025-09-25,M02,400,15.3,Afternoon,OP06,66.8,Up to Date,412
2025-10-24,M01,448,32.2,Morning,OP02,67.7,Up to Date,457
2025-01-03,M04,398,8.1,Morning,OP01,62.0,Up to Date,405
2025-05-24,M03,623,14.4,Morning,OP04,65.8,Up to Date,636
2025-07-30,M06,563,1.5,Night,OP15,70.5,Overdue,582
2025-12-22,M08,351,14.3,Night,OP15,65.4,Up to Date,359
2025-09-05,M08,376,16.9,Afternoon,OP10,69.6,Up to Date,384
2025-10-29,M01,468,12.4,Morning,OP02,66.1,Up to Date,479
2025-02-19,M06,581,21.1,Afternoon,OP09,62.7,Due Soon,598
2025-08-08,M04,402,7.9,Night,OP12,69.1,Up to Date,407
2025-08-25,M06,517,21.4,Afternoon,OP10,76.3,Overdue,547
05/01/2025,M03,613,15.2,Morning,OP03,64.8,Up to Date,630
2025-08-16,M02,398,29.2,Night,OP11,67.6,Up to Date,407
2025-10-09,M02,421,5.2,Afternoon,OP07,62.7,Up to Date,430
2025-11-14,M05,500,12.3,Morning,OP05,63.0,Up to Date,514
2025-12-13,M08,362,22.8,Afternoon,OP08,65.2,Up to Date,366
2025-07-16,M05,510,12.9,Night,OP13,68.4,Up to Date,520
2025-04-29,M07,453,6.9,Afternoon,OP06,66.0,Due Soon,456
2025-07-07,M08,365,20.8,Afternoon,OP08,70.8,Up to Date,372
2025-05-29,M03,591,16.7,Afternoon,OP08,71.0,Up to Date,611
2025-05-09,M05,520,4.3,Night,OP14,68.3,Up to Date,529
2025-11-13,M02,415,20.8,Morning,OP02,61.0,Due Soon,425
2025-04-15,M04,379,13.4,Morning,OP02,65.9,Up to Date,387
2025-09-14,M05,526,7.8,Afternoon,OP10,71.4,Up to Date,538
2025-06-11,M02,433,15.3,Afternoon,OP06,67.1,Up to Date,445
2025-08-18,M07,413,8.4,Night,OP12,68.5,Up to Date,421
2025-04-25,M04,371,13.2,Night,OP12,64.8,Up to Date,377
2025-08-28,M05,469,17.7,Afternoon,OP08,73.1,Overdue,482
2025-02-02,M01,464,3.4,Afternoon,OP06,65.5,Up to Date,474
2025-11-17,M02,395,12.1,Night,OP11,64.1,Up to Date,402
2025-12-25,M01,426,38.0,Morning,OP02,64.3,Up to Date,433
2025-10-13,M04,409,16.5,Afternoon,OP06,69.3,Due Soon,417
2025-04-19,M03,639,4.6,Night,OP14,69.2,Up to Date,654
2025-11-14,M07,454,4.3,Night,OP11,61.7,Up to Date,462
2025-12-30,M08,369,17.3,Night,OP15,65.5,Up to Date,375
2025-07-28,M04,386,28.8,Night,OP12,66.9,Up to Date,394
2025-09-25,M02,427,6.3,Morning,OP01,64.0,Up to Date,433
2025-04-23,M04,393,7.2,Night,OP12,61.6,Up to Date,397
2025-12-30,M08,395,7.4,Morning,OP04,60.3,Up to Date,401
2025-11-23,M08,376,26.0,Morning,OP03,66.1,Up to Date,382
2025-02-27,M07,442,19.4,Morning,OP01,61.5,Due Soon,450
2025-07-12,M06,585,11.6, Night ,OP15,70.5,Up to Date,588
2025-10-26,M08,362,4.3,Night,OP15,,Up to Date,368
2025-03-09,M01,377,87.6,Morning,OP01,66.3,Up to Date,387
2025-10-29,M03,522,17.5,Morning,OP03,78.9,Overdue,563
2025-03-31,M02,419,8.3,Afternoon,OP07,62.7,Up to Date,426
03/05/2025,M07,437,10.4,Afternoon,OP06,63.3,Due Soon,444
2025-06-19,M05,508,8.3,Night,OP13,70.3,Up to Date,517
2025-09-26,M06,518,5.5,Night,OP13,72.6,Overdue,558
2025-07-01,M08,371,11.4,Afternoon,OP08,70.4,Up to Date,380
2025-03-07,M04,407,6.8,Night,OP11,61.0,Up to Date,417
2025-06-02,M07,422,2.5,Night,OP11,65.8,Due Soon,433
2025-10-12,M03,515,44.1,Morning,OP03,71.8,Overdue,551
2025-07-02,M01,450,18.8,Afternoon,OP07,71.7,Up to Date,457
2025-09-10,M08,365,14.3,Morning,OP05,67.3,Up to Date,377
25/07/2025,M07,431,11.6,Night,OP12,68.9,Due Soon,440
2025-11-30,M07,451,3.9,Night,OP12,65.6,Up to Date,460
2025-06-05,M06,606,14.5,Night,OP13,70.4,Up to Date,622
2025-08-21,M01,468,30.2,Afternoon,OP06,72.1,Up to Date,479
2025-08-30,M02,399,19.3,Night,OP12,,Up to Date,409
30/10/2025,M01,476,11.9,Night,OP11,61.9,Up to Date,487
2025-01-20,M03,610,2.8,Afternoon,OP10,63.4,Up to Date,623
2025-11-01,M08,377,15.7,Morning,OP05,66.6,Up to Date,383
2025-03-28,M08,398,7.4,Afternoon,OP09,64.5,Up to Date,408
2025-12-03,M05,508,31.8,Morning,OP05,64.4,Up to Date,515
2025-03-30,M-02,417,2.2,Night,OP12,57.9,Up to Date,422
2025-10-08,M01,429,19.8,Morning,OP02,65.5,Up to Date,436
2025-07-12,M02,401,20.8,Night,OP11,68.9,Due Soon,410
2025-11-25,M06,363,125.0,Morning,OP04,80.3,Overdue,403
2025-12-12,M04,355,37.9,Afternoon,OP06,,Due Soon,360
2025-01-17,M03,622,2.6,Morning,OP05,62.8,Up to Date,633
2025-12-06,M02,397,18.7,Afternoon,OP07,60.3,Up to Date,403
2025-07-22,M05,468,26.8,Night,OP15,70.9,Up to Date,476
2025-08-14,M06,597,13.1,Morning,OP05,70.1,Overdue,619
2025-03-26,M04,392,8.0,Night,OP12,63.7,Up to Date,405
2025-10-05,M03,544,21.4,Afternoon,OP10,76.4,Overdue,579
2025-01-02,M04,379,12.0,Night,OP12,59.8,Up to Date,383
2025-03-23,M05,487,3.2,Afternoon,OP08,63.5,Up to Date,501
2025-08-21,M04,408,2.8,Night,OP11,68.0,up to date,419
2025-02-26,M05,490,9.9,Night,OP15,66.5,Up to Date,499
2025-05-06,M03,607,8.4,Night,OP13,71.3,Due Soon,620
2025-09-07,M01,456,2.0,Night,OP12,69.5,Up to Date,468
2025-12-28,M08,385,9.0,Morning,OP03,59.9,Up to Date,395
2025-11-07,M03,522,11.6,Morning,OP05,77.0,Overdue,570
2025-03-31,M02,392,19.2,Morning,OP02,62.3,Up to Date,400
2025-05-05,M01,452,13.0,Afternoon,OP06,67.6,Up to Date,457
2025-03-05,M07,407,32.8,Night,OP11,60.4,Up to Date,413
2025-03-08,M07,436,6.9,Night,OP12,59.7,Up to Date,444
2025-11-20,M01,453,13.3,Night,OP11,63.0,due soon,454
2025-07-07,M07,424,19.6,Afternoon,OP06,72.9,Up to Date,431
2025-04-28,M01,460,10.8,Night,OP12,68.3,Up to Date,467
2025-03-19,M04,402,15.2,Afternoon,OP06,62.6,Up to Date,411
2025-01-14,M04,402,3.0,Night,OP12,,Up to Date,406
2025-04-07,M02,429,9.3,Afternoon,OP06,62.8,Up to Date,438
2025-02-14,M05,508,20.4,Morning,OP05,63.4,Due Soon,516
2025-10-14,M01,477,7.7,Afternoon,OP07,-40.0,Due Soon,487
2025-02-13,M01,463,3.8,Morning,OP01,62.5,Up to Date,471
2025-04-21,M04,383,13.5,Night,OP11,68.0,Up to Date,389
2025-07-29,M02,447,9.8,Afternoon,OP06,67.4,Up to Date,453
2025-12-20,M04,361,40.0,Afternoon,OP07,65.4,Up to Date,371
2025-06-04,M01,471,23.6,Afternoon,OP06,72.4,Up to Date,477
2025-05-06,M07,408,4.6,Night,OP11,64.2,Up to Date,413
2025-11-08,M04,377,8.7,Night,OP12,64.9,Due Soon,385
2025-11-08,M01,467,10.9,Afternoon,OP07,66.0,Up to Date,474
2025-05-19,M05,487,5.6,Night,OP15,71.1,Up to Date,495
2025-10-31,M02,374,40.1,Morning,OP01,61.5,Up to Date,385
2025-09-21,M05,486,40.1,Afternoon,OP08,71.7,Up to Date,506
2025-12-12,M08,348,6.2,Night,OP15,61.7,Up to Date,356
2025-05-30,M07,430,14.8,Night,OP11,64.7,Due Soon,436
2025-06-07,M01,452,11.4,Afternoon,OP06,72.4,Up to Date,460
2025-01-15,M07,444,5.0,Morning,OP01,58.7,Up to Date,451
2025-04-21,M08,384,9.7,Afternoon,OP10,66.0,Up to Date,394
2025-02-20,M06,611,5.8,Afternoon,OP09,61.1,Up to Date,620
2025-10-30,M08,379,2.2,Night,OP14,65.6,Up to Date,386
2025-10-11,M02,416,6.4,Night,OP12,65.8,Due Soon,425
2025-11-16,M02,389,47.6,Morning,OP01,61.9,Up to Date,395
2025-03-15,M07,403,38.4,Afternoon,OP06,65.5,Up to Date,412
2025-04-18,M03,623,9.8,Morning,OP05,68.7,Up to Date,639
2025-07-11,M07,442,6.7,Afternoon,OP06,72.5,Up to Date,448
2025-11-23,M02,417,8.4,Afternoon,OP07,61.4,Up to Date,422
2025-11-06,M03,535,5.9,Afternoon,OP09,78.3,Overdue,582
2025-12-09,M08,381,4.7,Night,OP13,63.4,Up to Date,387
2025-01-11,M04,391,11.7,Morning,OP02,61.5,Up to Date,400
2025-11-27,M07,398,40.2,Morning,OP02,61.1,Due Soon,402
2025-05-28,M01,463,9.7,Morning,OP02,67.4,up to date,471
2025-05-06,M03,628,10.2,Morning,OP05,68.4,Due Soon,634
2025-02-12,M08,352,25.3,Night,OP15,64.4,Up to Date,354
2025-05-29,M02,426,10.6,Morning,OP02,65.8,Up to Date,435
2025-08-01,M05,480,29.5,Afternoon,OP09,72.8,Up to Date,493
2025-03-29,M08,386,2.9,Afternoon,OP08,66.3,Up to Date,388
2025-05-10,M08,348,49.7,Afternoon,OP08,69.6,Up to Date,356
2025-11-04,M05,436,27.2,Night,OP15,71.6,Overdue,455
2025-04-28,M01,489,2.0,Morning,OP02,65.5,Up to Date,497
2025-04-05,M05,471,11.2,Night,OP15,64.1,Up to Date,485
2025-04-05,M06,566,6.9,Night,OP15,66.3,Up to Date,572
2025-06-30,M06,602,2.6,Morning,OP05,68.5,Up to Date,610
2025-03-27,M06,552,10.3,Night,OP15,64.7,Up to Date,564
2025-05-05,M03,606,10.9,Afternoon,OP08,67.7,Due Soon,623
2025-02-17,M02,438,9.6,Afternoon,OP06,59.4,Up to Date,448
2025-12-25,M06,196,290.4,Afternoon,OP10,76.4,Overdue,217
2025-07-30,M07,426,11.2,Morning,OP02,69.7,Due Soon,434
2025-04-20,M08,400,6.9,Morning,OP03,68.2,Up to Date,405
2025-10-23,M07,425,28.5,Night,OP11,62.7,Up to Date,434
2025-03-19,M05,516,9.6,Night,OP13,60.9,Up to Date,521
2025-06-26,M07,434,4.8,Night,OP12,66.8,Up to Date,440
2025-01-27,M08,368,11.6,Afternoon,OP08,61.6,Up to Date,373
2025-05-09,M03,613,14.1,Afternoon,OP08,67.5,Up to Date,619
2025-07-03,M02,406,24.1,Morning,OP02,61.7,Up to Date,413
2025-03-15,M01 ,458,0.8,Morning,OP02,65.3,Up to Date,469
2025-08-08,M05,505,1.6,Night,OP15,68.9,Up to Date,514
2025-05-28,M06,626,2.0,Afternoon,OP10,70.0,Up to Date,640
2025-03-01,M08,376,16.4,Afternoon,OP08,65.9,Up to Date,383
2025-04-20,M01,454,8.7,Afternoon,OP07,68.3,Up to Date,464
2025-05-04,M07,432,8.8,Morning,OP02,66.0,Due Soon,440
01/08/2025,M07,284,174.1,Morning,OP02,71.1,In Progress,289
2025-10-10,M01,454,7.1,Afternoon,OP07,,Up to Date,461
13/01/2025,M02,410,13.6,Night,OP12,60.4,Up to Date,414
10/09/2025,M08,352,10.2,Afternoon,OP08,71.6,Up to Date,365
2025-09-02,M04,383,22.0,Morning,OP01,65.2,Up to Date,388
05/10/2025,M04,402,16.0,Morning,OP01,63.7,Up to Date,405
2025-06-27,m04,399,24.9,Afternoon,OP07,66.8,Up to Date,409
2025-11-16,M02,418,13.4,Night,OP11,62.8,Up to Date,427
2025-04-05,M01,437,25.3,Afternoon,OP06,65.6,Up to Date,444
2025-12-24,M01,443,11.1,Afternoon,OP06,64.7,Up to Date,455
2025-07-12,M04,383,19.1,Afternoon,OP06,67.8,Due Soon,393
2025-04-06,M08,410,12.2,Morning,OP05,66.0,Up to Date,421
2025-11-18,M07,427,21.5,Night,OP11,60.4,Up to Date,430
2025-07-01,M06,605,9.6,Afternoon,OP09,72.4,Up to Date,620
2025-09-01,M01,446,12.8,Afternoon,OP07,66.7,up to date,459
2025-02-10,M01,389,77.1,Morning,OP01,62.1,Up to Date,397
2025-11-09,M03,409,130.6,Afternoon,OP09,78.4,Overdue,450
2025-05-11,M02,413,20.4,Afternoon,OP07,67.1,Up to Date,425
2025-09-26,M06,538,10.4,Afternoon,OP08,79.0,Overdue,587
2025-07-25,M02,417,0.4,Night,OP11,66.6,Up to Date,423
2025-02-08,M01,453,1.9,Night,OP12,62.8,Up to Date,460
2025-11-16,M05,493,31.1,Morning,OP05,64.2,Up to Date,500
2025-01-16,M04,265,169.9,Afternoon,OP06,61.6,Up to Date,273
2025-04-22,M04,417,11.4,Afternoon,OP07,65.8,Up to Date,420
2025-04-27,M06,552,6.4,Night,OP15,66.0,Up to Date,565
2025-01-28,M03,603,7.8,Afternoon,OP10,64.4,Up to Date,619
2025-12-17,M04,405,11.3,Morning,OP02,62.3,Up to Date,415
2025-11-09,M06,479,2.1,Morning,OP03,80.1,Overdue,536
2025-04-16,M03,601,18.4,Afternoon,OP09,65.7,Up to Date,609
2025-07-25,M06,575,33.5,Morning,OP03,69.5,Due Soon,582
2025-03-26,M01,426,23.1,Night,OP11,66.3,Up to Date,437
2025-12-05,M08,369,13.7,Afternoon,OP09,68.3,Up to Date,379
2025-09-24,M02,415,24.0,Afternoon,OP07,62.9,Up to Date,425
2025-10-10,M05,519,4.8,Night,OP14,65.8,Due Soon,533
2025-12-15,M03,482,17.6,Night,OP13,75.9,Overdue,537
2025-11-05,M07,438,9.6,Morning,OP02,60.1,Up to Date,448
2025-10-16,m02,427,13.4,Morning,OP01,63.6,Up to Date,439
2025-03-26,M04,408,10.2,Morning,OP01,61.2,Up to Date,416
2025-03-22,M04,363,68.1,Night,OP11,61.7,Up to Date,368
2025-08-16,M01,427,56.9,Afternoon,OP06,67.1,Due Soon,435
2025-04-22,M06,592,10.8,Afternoon,OP09,66.9,Up to Date,600
2025-04-09,M04,379,18.5,night,OP11,60.1,Up to Date,390
2025-01-11,M01,433,29.5,Morning,OP02,63.5,Due Soon,443
24/11/2025,M06,299,183.6,Afternoon,OP09,81.7,Overdue,341
2025-12-18,M06,195,286.0,Afternoon,OP10,77.5,Overdue,218
2025-03-11,M04,379,20.5,Morning,OP02,63.4,Up to Date,384
2025-08-10,M05,507,12.4,Afternoon,OP09,72.0,Due Soon,516
2025-09-20,M04,394,19.6,Afternoon,OP06,68.3,Up to Date,401
2025-06-22,M05,501,29.9,Afternoon,OP09,70.7,Up to Date,511
2025-04-18,M06,575,17.8,Night,,64.7,Up to Date,588
2025-02-06,M06,563,8.8,Night,OP15,61.1,Up to Date,577
2025-08-06,M06,569,23.4,Morning,OP03,71.9,overdue,585
2025-08-25,M02,404,9.0,Afternoon,OP07,67.5,Up to Date,415
2025-02-26,M03,567,28.3,Night,OP14,66.2,Up to Date,582
2025-02-04,M05,515,7.4,Morning,OP04,62.1,Up to Date,521
2025-05-24,M03,615,5.8,Afternoon,OP10,70.8,Up to Date,630
2025-06-12,M02,415,17.2,Night,OP12,66.9,Up to Date,421
2025-04-13,M05,493,28.8,Night,OP13,59.5,Due Soon,505
2025-11-08,M03,391,94.6,Night,OP15,77.4,Overdue,433
2025-01-31,M03,627,3.3,Afternoon,OP08,67.2,Up to Date,638
2025-02-15,M07,432,25.3,Morning,OP02,60.3,Up to Date,442
2025-10-08,M07,449,18.0,Morning,OP02,65.0,Up to Date,463
2025-07-14,M05,508,20.7,Morning,OP05,67.2,Due Soon,519
2025-02-09,M08,366,2.9,Night,OP14,63.0,Due Soon,370
2025-09-20,M07,435,17.2,Afternoon,OP06,69.3,Up to Date,446
2025-04-23,M04,406,5.8,Morning,OP02,64.5,Up to Date,415
2025-08-04,M05,472,19.2,Night,OP15,,Up to Date,479
2025-09-16,M02,424,16.7,Morning,OP02,64.7,Up to Date,432
2025-04-22,M08,373,12.0,Morning,OP03,67.7,Up to Date,381
2025-07-20,M06,592,1.0,Night,OP15,68.0,Due Soon,604
2025-08-21,M02,423,9.5,Night,OP12,67.8,Up to Date,430
2025-07-24,M01,435,21.2,Night,OP12,68.9,Up to Date,440
2025-11-16,M07,243,217.8,Afternoon,OP06,,Up to Date,246
2025-08-02,M05,532,6.5,Morning,OP05,68.6,Up to Date,537
2025-02-10,M06,601,5.2,Morning,OP03,62.8,Up to Date,614
2025-06-08,M05,479,32.2,Morning,OP04,,Up to Date,485
2025-05-25,M03,595,14.1,Afternoon,OP09,72.6,Up to Date,608
2025-05-27,M07,444,7.2,Afternoon,OP07,66.5,Up to Date,455
2025-06-30,M06,603,10.7,Night,OP14,67.1,Up to Date,615
2025-10-12,M06,477,9.0,Night,OP13,75.9,Overdue,524
2025-09-15,M02,424,5.1,Afternoon,OP07,68.1,Up to Date,433
2025-11-27,M07,411,25.0,Night,OP12,65.5,Due Soon,414
2025-03-15,M05,378,131.0,Morning,OP03,67.3,In Progress,387
2025-01-14,M05,523,4.0,Morning,OP03,61.3,Up to Date,538
2025-02-19,M01,438,28.2,Afternoon,OP06,63.2,Up to Date,446
2025-06-22,M02,435,2.8,Night,OP11,67.2,Up to Date,440
2025-10-18,M02,408,6.1,Night,OP11,64.2,Up to Date,418
2025-06-20,M04,388,22.9,Afternoon,OP06,68.9,Up to Date,398
2025-06-25,M06,556,30.9, Night ,OP15,68.4,Up to Date,570
2025-11-25,M05,510,4.8,Night,OP15,61.6,Up to Date,515
2025-10-12,M01,451,12.1,Night,OP11,65.9,Up to Date,461
2025-03-24,M05,,5.7,Night,OP15,65.3,Up to Date,513
2025-12-02,M08,373,2.4,Afternoon,OP09,65.1,Up to Date,381
2025-09-02,M04,403,2.3,Afternoon,OP07,69.6,Up to Date,412
2025-01-24,M01,469,5.2,Night,OP11,62.2,Up to Date,477
2025-04-18,M05,536,5.9,Morning,,66.9,Up to Date,545
2025-03-25,M04,386,24.9,Morning,OP01,61.3,Up to Date,396
2025-08-12,M06,573,16.5,Afternoon,OP10,74.5,Overdue,593
2025-04-09,M01,462,6.1,Morning,OP01,64.6,Up to Date,474
2025-12-17,M04,370,27.5,Afternoon,OP06,61.1,Up to Date,378
2025-06-10,M01,289,175.4,Morning,OP02,69.8,Up to Date,293
2025-06-29,M08,356,35.5,Afternoon,OP10,70.8,Up to Date,365
2025-04-03,M01,443,16.0,Night,OP12,66.6,Up to Date,454
2025-09-08,M08,367,19.7,Afternoon,OP09,71.3,Up to Date,378
2025-09-04,M01,453,16.5,Night,OP11,67.8,Up to Date,468
2025-05-19,M05,534,3.8,Morning,OP03,68.8,Up to Date,541
2025-08-26,M04,387,12.9,Morning,OP02,65.7,Up to Date,397
2025-08-15,M01,436,27.0,Night,OP12,68.9,Due Soon,447
2025-02-01,M04,393,4.1,Night,OP11,62.2,Up to Date,401
2025-01-07,M08,356,26.3,Afternoon,OP09,65.3,Up to Date,366
2025-02-07,M07,404,10.8,Morning,OP01,57.4,Up to Date,417
2025-02-26,M08,389,5.3,Night,OP13,62.8,Up to Date,397
2025-10-20,M08,247,1440.0,Morning,OP04,68.1,In Progress,254
2025-04-22,M03,631,4.7,Morning,OP03,68.8,Up to Date,642
11/02/2025,M06,592,5.7,Night,OP13,64.3,Up to Date,606
2025-12-29,M08,360,14.6,Night,OP15,62.4,Up to Date,366
2025-05-10,M01,453,7.2,Morning,OP01,71.4,Up to Date,461
2025-06-27,M08,386,1.8,Afternoon,OP10,68.6,Up to Date,395
2025-07-18,M04,393,26.5,Night,OP11,70.1,Up to Date,397
2025-08-24,M08,369,14.5,Night,OP14,72.2,Up to Date,382
2025-11-17,M05,508,16.8,Morning,OP03,65.1,Up to Date,519
2025-09-01,M02,393,19.7,Afternoon,OP06,67.5,Up to Date,401
2025-06-18,M06,574,24.1,Morning,OP04,69.4,Due Soon,587
2025-03-27,M04,401,10.3,Morning,OP02,64.0,Up to Date,408
2025-11-06,M01,475,6.3,Morning,OP02,63.8,Up to Date,487
2025-10-25,M03,419,124.0,Afternoon,OP10,75.7,Overdue,453
2025-01-25,M01,392,90.6,Afternoon,OP07,64.9,Up to Date,397
2025-07-25,M08,360,3.0,Night,OP15,73.1,Up to Date,366
2025-12-05,M06,211,270.9,Morning,OP05,77.4,Overdue,237
2025-11-05,M06,441,11.2,Night,OP15,72.7,Overdue,488
2025-06-10,M08,370,2.9,Night,OP15,69.1,Up to Date,378
2025-05-06,M02,421,10.8,Afternoon,OP07,65.2,Up to Date,428
2025-09-03,M05,489,2.8,Afternoon,OP08,74.0,Overdue,501
2025-09-16,M02,406,5.1,Night,OP11,64.3,Up to Date,410
2025-05-14,M08,370,26.2,Morning,OP03,,Due Soon,379
2025-08-25,M07,449,4.6,Morning,OP02,64.4,Up to Date,457
2025-05-28,M03,617,8.6,Morning,OP05,69.0,Up to Date,632
2025-08-28,M07,389,39.5,Afternoon,OP06,68.6,Due Soon,400
2025-07-28,M03,626,10.2,Night,OP13,73.3,Up to Date,638
2025-07-15,M01,459,14.7,Night,OP12,71.5,Up to Date,468
2025-01-01,M07,420,10.3,Night,OP12,60.6,up to date,432
30/11/2025,M04,408,17.5,Morning,OP01,63.2,Up to Date,414
26/01/2025,M03,604,10.9,Afternoon,OP08,62.5,Up to Date,616
2025-03-04,M02,405,21.7,Morning,OP01,58.4,Up to Date,411
2025-02-13,M02,407,10.1,Afternoon,OP06,57.6,Up to Date,412
2025-12-20,M06,135,349.0,Afternoon,OP10,78.3,Overdue,152
2025-10-19,M08,401,4.1,Afternoon,OP09,69.2,Due Soon,409
2025-06-05,M01,467,11.9,Morning,OP02,67.8,Up to Date,472
2025-12-23,m05,496,12.3,Afternoon,OP10,65.2,Overdue,512
2025-07-20,M01,448,35.3,Night,OP11,71.3,Due Soon,456
2025-10-26,M04,406,11.8,Morning,OP01,61.7,Up to Date,410
2025-05-08,M07,421,33.6,Morning,OP02,66.4,Up to Date,433
2025-09-09,M05,470,22.7,Afternoon,OP08,75.2,Overdue,489
2025-11-21,M02,420,11.6,Afternoon,OP07,,Up to Date,427
2025-01-17,M02,404,10.0,Morning,OP01,56.8,Up to Date,413
2025-08-11,M04,392,12.0,Night,OP11,70.6,Due Soon,404
2025-09-17,M08,363,31.6,Morning,OP03,67.0,Due Soon,372
2025-07-22,M07,430,14.1,Afternoon,OP07,68.4,Up to Date,436
15/04/2025,M06,586,10.9,Morning,OP03,64.5,Due Soon,599
2025-04-01,M03,633,8.2,Morning,OP04,68.4,Up to Date,647
2025-04-05,M02,434,2.9,Afternoon,OP07,66.8,Up to Date,448
2025-05-30,M06,592,3.7,Afternoon,OP08,71.4,up to date,598
2025-07-18,M02,416,31.0,Morning,OP01,66.2,Up to Date,423
2025-11-15,M08,380,9.7, Morning ,OP04,63.4,Due Soon,386
2025-09-13,M07,422,12.3,Afternoon,OP06,69.0,Up to Date,429
2025-09-17,M06,531,12.0,Night,OP15,75.9,Overdue,567
2025-10-25,M05,477,20.3,Morning,OP04,68.7,Overdue,486
2025-11-20,M05,535,6.9,Morning,OP04,65.9,Up to Date,546
2025-12-19,M08,405,11.1,Morning,OP03,61.9,Due Soon,414
2025-03-09,M03,601,14.9, Afternoon ,OP09,65.7,Due Soon,614
2025-04-18,M04,400,6.1,Night,OP11,63.3,Up to Date,409
2025-08-20,M05,519,9.6,Morning,OP05,67.1,Overdue,533
2025-07-21,M05,515,27.3,Morning,OP03,73.2,Up to Date,520
2025-09-13,M02,405,28.2,Afternoon,OP06,65.0,Due Soon,413
2025-04-01,M06,596,0.7,Night,OP14,61.8,Up to Date,607
01/10/2025,M05,543,4.9,Afternoon,OP09,71.3,Up to Date,553
2025-02-07,M02,431,6.4,Night,OP11,57.5,Up to Date,436
2025-05-15,M01,464,9.5,Afternoon,OP06,72.0,Due Soon,476
2025-10-11,M01,,11.0,Morning,OP02,68.2,Up to Date,455
2025-02-03,M04,381,22.6,Night,OP11,61.7,Up to Date,389
2025-04-04,M07,418,20.4,Afternoon,OP07,66.3,Up to Date,424
2025-02-25,M01,399,61.2,Morning,OP01,64.2,Up to Date,411
2025-09-02,M06,536,13.1,Night,OP13,75.1,Overdue,562
2025-01-06,M04,416,7.8,Morning,OP02,61.7,Up to Date,423
2025-04-05,M06,584,10.6,Morning,OP04,67.8,Up to Date,597
2025-07-16,M08,367,21.0,Afternoon,OP09,71.3,Due Soon,377
2025-07-03,M07,452,6.7,Night,OP11,68.0,Up to Date,460
2025-04-12,M06,540,15.5,Night,OP14,68.2,Up to Date,551
2025-06-18,M03,592,33.2,Afternoon,OP10,69.2,Up to Date,612
2025-01-27,M03,611,16.7,Morning,OP05,59.4,Up to Date,623
2025-01-23,M03,604,7.8,Morning,OP03,62.7,Up to Date,613
2025-08-03,M03,626,15.9,Morning,OP03,72.6,Up to Date,638
2025-04-15,M07,424,4.2,Night,OP11,63.2,Up to Date,434
2025-10-01,M06,318,189.1,Morning,OP04,74.3,Overdue,340
2025-01-04,M02,412,17.6,Afternoon,OP07,60.0,Up to Date,417
2025-01-01,M02,445,0.7,Afternoon,OP07,60.5,Up to Date,456
2025-07-04,M07,428,20.6,Night,OP11,66.2,Up to Date,439
2025-12-18,M03,274,218.9,Morning,OP05,79.1,Overdue,307
2025-04-29,M06,572,6.0,Night,OP13,67.2,Up to Date,580
2025-10-14,M03,384,143.0,Afternoon,OP08,73.9,Overdue,410
2025-11-26,M04,392,9.9,Afternoon,OP07,64.4,Up to Date,400
2025-06-06,M07,363,57.3,Night,OP11,66.2,Up to Date,372
2025-01-11,M01,490,1.6,Afternoon,OP06,63.8,Due Soon,500
2025-09-12,M02,393,27.0,Night,OP11,,Due Soon,398
2025-01-21,M03,597,18.2,Night,OP13,62.7,Up to Date,610
2025-06-29,M04,394,2.8,Afternoon,OP07,72.8,Up to Date,404
2025-01-26,M01,438,16.8,Night,OP11,64.6,Up to Date,447
2025-01-18,M04,412,4.2,Night,OP12,62.4,Up to Date,417
2025-12-17,M01,441,23.7,Night,OP11,65.4,Due Soon,448
2025-06-29,M02,424,16.7,Afternoon,OP06,68.9,Up to Date,429
2025-03-16,M03,619,7.0,Night,OP13,64.8,Up to Date,632
2025-09-12,M04,380,9.6,Morning,OP01,61.0,Up to Date,388
2025-04-25,M02,401,9.5,Afternoon,OP07,62.5,Up to Date,410
2025-01-25,M02,402,24.2,Afternoon,OP07,62.6,Up to Date,414
30/07/2025,M01,443,10.5,Night,OP12,69.9,Up to Date,457
2025-01-27,M05,469,34.5,Night,OP15,60.0,Up to Date,481
2025-11-26,M02,347,86.4,Night,OP12,59.8,Up to Date,354
2025-12-23,M08,377,18.4,Afternoon,OP09,62.1,Up to Date,387
2025-08-02,M06,564,17.8,Night,OP15,72.3,Overdue,578
2025-11-11,M06,465,14.6,Afternoon,OP10,82.0,Overdue,525
2025-02-07,M08,374,8.1,Night,OP13,68.7,Due Soon,385
2025-09-16,M04,426,3.1,Afternoon,OP07,68.1,Up to Date,433
2025-08-20,M08,366,19.1,Afternoon,OP08,69.9,Up to Date,377
2025-02-09,M03,580,23.5,Night,OP15,65.1,up to date,595
2025-09-17,M07,443,19.4,Morning,OP02,63.3,Up to Date,455
2025-01-29,M03,587,21.6,Afternoon,OP09,62.3,Up to Date,606
2025-08-16,M08,371,4.6,Night,OP15,68.4,Due Soon,381
2025-12-29,M07,284,177.8,Morning,OP01,58.7,In Progress,289
2025-10-30,M06,261,229.9,Morning,OP05,78.9,Overdue,289
2025-01-18,M05,495,8.2,Night,OP14,61.6,Up to Date,502
2025-04-02,M04,392,24.4,Night,OP12,63.3,Up to Date,400
2025-08-01,M01,390,88.5,Afternoon,,72.7,Up to Date,401
2025-02-21,M-03,611,19.6,Night,OP14,61.3,Up to Date,627
2025-10-19,M08,394,11.0,Morning,OP04,66.1,Due Soon,403
2025-07-26,M04,382,11.1,Afternoon,OP07,71.7,Up to Date,386
2025-03-18,M01,477,7.2,Morning,OP02,67.2,Due Soon,487
2025-05-26,M05,517,2.8,Afternoon,OP09,70.1,Up to Date,524
2025-12-23,M01,453,3.4,Night,OP11,62.9,Up to Date,464
2025-12-23,M07,437,12.5,Night,OP11,58.7,Due Soon,448
2025-05-13,M01,457,10.4,Afternoon,OP07,70.0,Due Soon,466
2025-07-03,M07,443,12.4,Morning,OP01,69.2,Up to Date,452
2025-06-17,M03,628,19.8,Morning,OP03,71.2,Up to Date,643
2025-12-03,M02,421,22.0,Morning,OP01,59.8,Up to Date,433
2025-11-28,M-01,461,14.2,Night,OP12,59.8,Up to Date,473
2025-03-14,M07,436,11.0,Morning,OP02,63.9,Up to Date,439
2025-03-17,M06,601,6.9,Afternoon,OP08,63.8,Due Soon,605
2025-03-18,M03,604,9.7,Night,OP13,64.9,Up to Date,624
2025-04-15,M03,609,10.1,Afternoon,OP08,69.9,Up to Date,614
2025-08-16,M07,425,13.6,Night,OP11,65.5,Up to Date,435
2025-04-22,M03,632,4.0,Night,OP14,68.5,Up to Date,638
2025-05-08,M05,505,4.4,Afternoon,OP08,69.4,Up to Date,515
2025-10-04,M03,545,13.8,Night,OP14,73.5,Overdue,571
2025-01-29,M02,406,24.1,Afternoon,OP06,59.8,Up to Date,415
2025-10-15,M05,510,18.5,Morning,OP04,67.6,Due Soon,523
2025-09-11,M06,453,72.8,Night,OP14,72.9,Overdue,476
2025-06-21,M04,480.7,6.9,Afternoon,OP06,71.1,Up to Date,418
2025-05-09,M01,447,8.1,Night,OP11,67.8,Up to Date,456
2025-02-03,M02,411,11.0,Night,OP12,60.4,Up to Date,418
2025-07-18,M03,596,9.8,Night,OP13,69.1,Up to Date,607
2025-02-09,M05,518,4.9,Afternoon,OP09,63.5,Up to Date,529
2025-11-07,M02,401,20.7,Morning,OP01,61.8,Up to Date,410
2025-06-07,M04,392,11.6,Afternoon,OP06,68.9,Up to Date,398
11/02/2025,M08,352,24.9,Night,OP15,65.6,Up to Date,361
2025-03-06,M08,383,9.2,Morning,OP05,64.3,up to date,394
2025-03-10,M08,365,17.3,Night,OP15,66.1,Due Soon,374
2025-01-04,M04,394,16.4,NIGHT,OP11,63.0,Up to Date,403
2025-05-13,M05,484,2.2,Afternoon,OP08,68.8,Due Soon,495
2025-07-11,M04,383,16.6,Night,OP11,69.8,Due Soon,391
2025-08-10,M07,432,10.4,Afternoon,OP06,67.7,Up to Date,439
2025-02-20,M07,449,1.7,Afternoon,OP06,64.9,Up to Date,455
2025-10-26,M06,497,4.4,Night,OP13,77.9,Overdue,550
2025-08-15,M06,582,21.2,Morning,OP04,74.6,Overdue,610
2025-12-19,M03,409,83.0,Night,OP13,,Overdue,458
2025-08-24,M06,378,167.8,Afternoon,OP09,78.9,Overdue,397
2025-03-08,M02,420,18.8,Morning,OP02,56.1,Up to Date,424
2025-01-23,M05,483,14.8,Night,OP13,62.4,Up to Date,495
2025-01-20,M01,453,8.3,Night,OP12,59.5,Overdue,463
2025-07-27,M05,519,23.0,Morning,OP05,70.9,Up to Date,525
2025-08-11,M06,574,1.0,Afternoon,OP10,75.6,Overdue,601
2025-01-08,M01,450,13.1,night,OP12,61.4,Due Soon,460
2025-03-30,M06,606,4.0,Night,OP13,63.5,Up to Date,616
2025-03-21,M05,530,14.1,Morning,OP03,60.2,Up to Date,538
2025-08-15,M04,406,2.4,Night,OP11,66.9,Up to Date,409
2025-03-06,M04,389,21.3,Afternoon,OP07,62.8,Up to Date,399
2025-01-22,M03,626,4.8,Morning,OP04,61.9,Up to Date,638
2025-07-12,M01,475,6.4,Night,OP12,72.0,Up to Date,485
2025-05-05,M02,399,20.5,Afternoon,OP06,65.6,Up to Date,408
2025-12-04,M08,371,5.4,Night,OP15,67.8,Up to Date,376
2025-01-12,M01,456,17.1,Night,OP12,62.2,Due Soon,460
2025-08-24,M06,581,24.5,Morning,OP03,75.3,Overdue,606
2025-07-18,M02,387,25.9,Afternoon,OP06,69.8,Up to Date,395
2025-08-10,M02,427,3.1,Morning,OP02,65.5,Due Soon,440
2025-04-23,M08,357,34.2,Night,OP15,67.3,Up to Date,364
2025-02-12,M06,520,18.0,Night,OP15,63.7,Up to Date,533
2025-07-18,M06,610,11.7,Morning,OP04,69.1,Due Soon,617
2025-02-15,M06,609,12.2,Afternoon,OP09,65.7,Due Soon,618
2025-09-21,M08,377,5.5,Night,OP13,67.6,Up to Date,385
2025-05-09,M06,632,2.7,Morning,OP05,71.3,Up to Date,644
2025-09-25,M07,431,4.4,Afternoon,OP06,71.4,Up to Date,442
2025-10-15,M08,360,14.8,Night,OP14,64.5,Due Soon,369
2025-09-30,M04,393,11.7,Afternoon,OP07,67.4,Up to Date,403
2025-12-07,M06,478,29.7,Morning,OP04,75.9,Overdue,534
2025-08-27,M06,561,13.3,Morning,OP05,73.5,Overdue,585
2025-12-05,M06,445,15.5,Night,OP13,75.1,Overdue,494
2025-08-07,M08,376,9.4,Afternoon,OP09,72.0,Up to Date,387
2025-03-25,M01,464,17.7,Night,OP11,62.7,Up to Date,471
2025-10-16,M03,515,26.1,Night,OP13,75.4,Overdue,552
2025-03-02,M07,433,13.1,Night,OP11,60.5,Due Soon,442
2025-12-13,M02,418,11.6,Morning,OP01,56.5,Due Soon,424
2025-01-29,M01,448,16.1,Morning,OP01,62.5,Up to Date,461
2025-12-30,M07,416,29.9,Morning,OP01,61.8,Up to Date,425
10/01/2025,M07,430,11.0,Afternoon,OP07,59.5,Up to Date,440
2025-03-09,M02,401,15.2,Morning,OP01,60.9,Up to Date,413
2025-11-30,M03,301,206.4,Morning,OP03,77.2,Overdue,335
2025-05-21,M07,423,18.0,Afternoon,OP06,69.5,Up to Date,430
2025-12-06,M02,406,12.0,Morning,OP02,59.6,Up to Date,416
2025-09-06,M06,556,12.3,Morning,OP05,73.1,Overdue,586
2025-11-12,M03,498,20.1,Night,OP14,75.4,Overdue,539
2025-11-15,M02,293,128.4,Night,OP12,59.4,Up to Date,304
2025-05-11,M05,512,9.1,Afternoon,OP08,70.3,Due Soon,526
2025-07-08,M07,440,16.0,Morning,OP01,67.3,Up to Date,444
2025-01-24,M08,388,17.4,Morning,OP03,62.3,Up to Date,398
2025-03-02,M07,426,32.6,Afternoon,OP06,59.2,Due Soon,432
2025-12-25,M08,363,11.9,Night,OP15,60.1,Up to Date,372
2025-03-15,M03,621,4.5,Morning,OP05,65.4,Up to Date,633
2025-11-29,M02,435,3.2,Morning,OP01,61.4,Up to Date,447
2025-12-20,M04,395,5.6,Night,OP12,60.2,Up to Date,406
2025-09-17,M07,404,25.4,Afternoon,OP07,69.6,Up to Date,412
2025-07-01,M07,407,62.5,Morning,OP01,67.1,Up to Date,414
2025-04-01,M04,374,20.8,Night,OP11,61.7,Up to Date,381
2025-10-18,M04,381,9.1,Afternoon,OP07,65.1,Up to Date,390
2025-08-19,M06,561,27.4,Morning,OP03,72.4,Overdue,585
2025-05-06,M05,506,16.9,Afternoon,OP10,69.1,Up to Date,514
14/11/2025,M07,430,15.2,Morning,OP01,64.2,Up to Date,435
2025-09-09,M08,371,13.5,Night,OP14,68.5,Up to Date,380
2025-09-15,M06,523,22.1,Afternoon,OP10,78.6,Overdue,570
2025-12-30,M06,486,20.0,Morning,OP05,75.7,Overdue,547
2025-04-08,M08,340,55.3,Night,OP13,67.6,Up to Date,345
2025-08-08,M03,612,12.0,Night,OP13,71.7,Due Soon,620
2025-03-24,M02,390,23.9,Night,OP12,59.8,Up to Date,399
2025-12-13,M01,444,34.0,Afternoon,OP06,63.8,Up to Date,454
2025-02-22,M08,375,14.9,Morning,OP05,58.7,Up to Date,383
2025-03-26,M05,473,6.0,Night,OP15,68.6,Up to Date,478
2025-03-06,M07,445,6.6,Morning,OP01,,Up to Date,450
2025-06-28,M03,624,6.9,Afternoon,OP08,71.3,Up to Date,632
17/01/2025,M03,607,8.4,Afternoon,OP08,67.3,Up to Date,620
2025-12-18,M07,437,15.1,Night,OP12,61.6,Up to Date,444
2025-07-25,M02,427,7.2,Morning,OP01,69.8,Up to Date,435
2025-09-21,M07,429,11.5,Morning,OP02,62.5,Up to Date,437
2025-10-24,M05,520,2.0,Afternoon,OP09,72.1,Overdue,537
2025-08-26,M03,600,6.8,Morning,OP05,73.0,Overdue,620
2025-07-05,M03,545,54.0,Night,OP13,72.7,Due Soon,555
2025-02-20,M02,418,3.2,Afternoon,OP06,63.6,Due Soon,422
2025-08-31,M01,446,13.4,Night,OP11,69.4,Up to Date,458
2025-07-06,M05,517,14.8,Afternoon,OP09,71.9,Up to Date,524
2025-07-25,M06,594,25.9,Afternoon,OP09,70.3,Due Soon,609
2025-02-19,M08,386,19.0,Morning,OP04,63.7,Up to Date,395
2025-09-03,M07,440,18.5,Afternoon,OP07,69.2,Up to Date,441
2025-08-08,M08,298,94.3,Afternoon,OP08,71.3,Up to Date,303
2025-05-04,M01,467,9.2,Morning,OP02,64.2,Up to Date,476
2025-10-29,M01,453,6.7,Afternoon,OP06,68.1,Up to Date,463
2025-10-23,M05,473,24.4,Night,OP13,65.0,Overdue,484
08/12/2025,M08,390,13.4,Afternoon,OP09,65.4,Up to Date,396
2025-06-05,M08,353,36.1,Afternoon,OP10,72.8,Up to Date,358
2025-07-20,M06,572,11.5,Afternoon,OP09,70.6,Due Soon,587
2025-10-21,M01,465,12.5,Night,OP12,68.2,Up to Date,474
2025-05-13,M06,580,8.6,Night,OP14,68.4,Due Soon,593
2025-04-14,M04,384,37.5,Afternoon,OP06,66.3,Up to Date,392
2025-11-01,M03,450,47.0,Afternoon,OP08,79.1,Overdue,497
2025-03-25,M05,534,8.2,Morning,OP03,64.7,Up to Date,542
2025-10-24,M02,369,79.8,Afternoon,OP06,63.7,Up to Date,376
2025-11-18,M02,428,2.9,Night,OP12,60.0,up to date,436
2025-02-04,M03,602,16.2,Afternoon,OP08,63.5,Due Soon,611
2025-02-21,M07,434,13.1,Night,OP11,58.8,Up to Date,441
2025-10-04,M01,448,7.9,Night,OP11,69.4,Up to Date,455
2025-06-22,M05,475,21.0,Night,OP14,69.2,Up to Date,479
2025-09-29,M04,390,18.0,Morning,OP02,67.2,Up to Date,397
2025-07-14,M02,401,6.4,Afternoon,OP06,68.4,Up to Date,408
2025-01-21,M08,377,5.8,Night,OP14,65.5,Up to Date,381
2025-10-04,M07,444,18.4,Afternoon,OP07,65.8,Up to Date,452
2025-02-07,M07,451,15.4,Night,OP12,59.8,Up to Date,459
2025-11-03,M04,409,2.2,Morning,OP02,64.9,Up to Date,422
2025-11-22,M04,384,14.7,Morning,OP01,62.7,Up to Date,394
2025-03-04,M05,512,26.5,Afternoon,OP09,66.4,Up to Date,518
2025-12-09,M04,400,8.6,Morning,OP01,59.6,Up to Date,410
2025-06-12,M03,605,13.5,Night,OP15,68.2,Up to Date,612
2025-09-06,M04,321,110.1,Afternoon,OP07,68.9,Up to Date,327
2025-08-17,M06,573,14.3,Morning,OP04,73.4,Overdue,595
2025-05-14,M01,369,98.0,Night,OP12,66.8,Due Soon,377
2025-07-27,M01,449,22.8,Night,OP12,71.6,Up to Date,454
2025-08-01,M04,395,31.3,MORNING,OP02,69.6,Up to Date,406
2025-12-07,M05,533,18.7,Morning,OP04,65.0,Due Soon,540
2025-01-07,M01,466,9.0,Night,OP12,62.3,Up to Date,477
2025-07-26,M05,379,135.4,Morning,OP04,68.6,Up to Date,388
2025-10-18,M06,510,3.1,Afternoon,OP09,81.3,Overdue,563
2025-12-09,M02,422,3.2,Afternoon,OP07,61.7,Up to Date,433
2025-02-02,M08,370,16.6,Afternoon,,62.7,Up to Date,378
2025-11-14,M08,373,1.5,Night,OP15,65.8,Due Soon,382
2025-08-03,M03,610,7.0,Afternoon,OP09,71.8,Up to Date,621
2025-02-20,M02,398,22.6,Night,OP11,60.0,Due Soon,408
2025-08-18,M05,510,11.5,Morning,OP05,67.1,Due Soon,528
2025-01-28,M03,562,18.3,Night,OP15,,Up to Date,578
2025-02-17,M06,568,33.3,Afternoon,OP08,63.1,Due Soon,575
2025-09-30,M04,416,2.5,Morning,OP02,64.8,Up to Date,424
2025-06-19,M08,396,9.7,Morning,OP05,72.3,Up to Date,402
2025-06-24,M04,398,10.6,Morning,OP01,70.8,Up to Date,409
2025-12-21,M08,368,9.4,Night,OP13,62.9,Up to Date,378
2025-05-07,M03,432,150.4,Morning,OP04,66.2,In Progress,445
2025-02-07,M01,464,16.3,Morning,OP01,63.7,Up to Date,466
2025-12-16,M06,470,16.4,Morning,OP05,77.1,Overdue,532
2025-09-07,M03,417,128.7,Night,OP15,73.8,Overdue,437
2025-11-23,M05,475,5.1,Night,OP15,63.6,Up to Date,484
2025-05-19,M07,437,9.0,Morning,OP02,65.9,Up to Date,447
2025-01-31,M01,422,18.5,Morning,OP01,58.8,Up to Date,437
2025-04-26,M01,475,6.5,Afternoon,OP07,69.3,Up to Date,483
2025-08-28,M02,361,71.9,Morning,OP01,64.9,Up to Date,369
01/05/2025,M01,425,32.8,Afternoon,OP06,69.8,Up to Date,434
2025-07-30,M07,455,4.3,Night,OP11,67.4,Due Soon,466
2025-07-24,M07,394,47.8,Afternoon,OP06,70.8,Up to Date,400
2025-04-01,M08,387,13.2,Afternoon,OP10,67.8,Up to Date,399
2025-05-27,M01,452,17.0,Night,OP12,67.3,Up to Date,461
2025-10-31,M05,483,4.2,Night,OP15,68.0,Overdue,501
20/02/2025,M04,376,14.4,Night,OP11,62.9,Up to Date,383
2025-08-25,M08,393,5.9,Afternoon,OP09,71.8,Up to Date,402
2025-07-11,M02,423,10.0,Afternoon,OP06,69.3,Due Soon,434
2025-05-07,M03,595,13.3,Night,OP13,74.0,Up to Date,609
2025-06-24,M07,424,12.5,Night,OP11,68.6,Up to Date,427
2025-12-19,M06,466,14.9,Afternoon,OP08,78.1,Overdue,521
2025-10-30,M05,477,11.1,Night,OP14,69.3,Overdue,492
2025-03-28,M06,595,6.7,Morning,OP04,65.9,Up to Date,610
2025-08-22,M08,379,8.1,Morning,OP03,68.2,Up to Date,387
2025-05-25,M04,380,9.5,Morning,OP02,66.6,Up to Date,388
2025-11-12,M01,435,24.7,Night,OP11,63.6,Up to Date,443
2025-07-03,M08,375,8.9,Afternoon,OP08,72.3,Up to Date,381
2025-10-31,M05,467,21.6,Morning,OP04,67.4,Overdue,480
2025-08-02,M07,427,16.8,Afternoon,OP06,67.6,Up to Date,437
2025-03-05,M01,470,3.1,Afternoon,OP07,68.8,Up to Date,478
2025-12-22,M04,389,2.6,Morning,OP02,57.1,Up to Date,397
2025-10-21,M07,448,9.7,Afternoon,OP07,67.5,Up to Date,460
2025-05-21,M01,462,10.3,Afternoon,OP07,70.5,Up to Date,474
2025-07-04,M03,584,9.6,Night,OP14,71.8,Due Soon,595
2025-02-10,M06,577,12.0,Night,OP14,63.5,Up to Date,587
2025-03-19,M05,522,18.1,Afternoon,OP10,62.8,Up to Date,530
2025-03-04,M03,578,5.9,Night,OP15,65.9,Up to Date,586
2025-02-14,M03,584,16.1,Night,OP14,59.8,Up to Date,594
2025-11-23,M01,455,5.1,Morning,OP01,61.9,Up to Date,465
2025-01-22,M08,380,21.6,Night,OP13,62.2,Up to Date,383
2025-08-12,M07,430,24.4,Morning,OP02,67.9,Up to Date,436
2025-07-27,M03,663,8.2,Morning,OP03,71.0,Up to Date,667
2025-08-02,M07,415,28.3,Morning,OP01,71.9,Up to Date,424
2025-01-18,M01,465,10.0,Night,OP12,60.8,Due Soon,471
2025-03-20,M05,531,7.1,Morning,OP05,62.8,Up to Date,544
2025-04-01,M05,503,9.5,Afternoon,OP10,69.1,Up to Date,506
2025-12-11,M07,420,24.8,Morning,OP01,59.1,Up to Date,431
2025-02-18,M04,399,13.7,Afternoon,OP07,63.3,Up to Date,405
2025-10-23,M04,395,3.7,Night,OP12,64.4,Up to Date,403
2025-08-13,M07,,4.2,Morning,OP02,65.5,Up to Date,442
2025-12-15,M03,485,7.6,Afternoon,OP10,79.0,Overdue,545
2025-12-27,M06,415,35.8,Night,OP13,76.2,Overdue,467
2025-05-16,M02,405,24.4,Night,OP12,60.7,Up to Date,417
2025-06-02,M08,349,19.1,Night,OP14,69.0,Up to Date,356
2025-11-08,M05,398,79.3,Afternoon,OP08,70.7,Overdue,416
2025-02-28,M02,431,4.8,Night,OP12,61.2,Up to Date,442
2025-05-12,M03,631,6.3,Afternoon,OP10,70.4,Up to Date,641
2025-05-06,M03,,4.3,Afternoon,OP09,68.3,Due Soon,631
2025-11-10,M03,523,17.5,Morning,OP03,78.9,Overdue,578
2025-06-06,M02,414,17.0,Afternoon,OP07,68.5,Up to Date,420
2025-12-02,M02,405,18.5,Afternoon,OP06,59.1,Up to Date,416
2025-04-16,M08,381,11.3,Night,OP14,68.5,Due Soon,384
2025-11-06,M03,272,224.8,Night,OP14,75.3,Overdue,293
2025-11-20,M04,352,38.2,Night,OP11,64.6,Up to Date,360
2025-01-28,M02,409,26.0,Night,OP12,57.7,Up to Date,415
2025-03-28,M05,498,17.4,Afternoon,OP10,67.8,Up to Date,506
2025-10-24,M08,381,9.5,Night,OP14,71.4,Up to Date,389
2025-03-03,M08,372,17.6,Afternoon,OP10,68.3,Up to Date,379
2025-05-15,M05,487,13.2,Night,OP14,71.7,Due Soon,491
2025-09-27,M02,394,30.2,Morning,OP01,64.9,Up to Date,403
2025-10-06,M05,518,2.0,Morning,OP05,70.8,Due Soon,529
2025-08-30,M06,541,20.5,Morning,OP05,70.3,Overdue,570
2025-10-16,M01,441,14.4,Afternoon,OP07,70.3,Due Soon,450
2025-03-11,M04,393,7.7,Night,OP12,61.7,Up to Date,397
2025-04-27,M07,460,9.0,Morning,OP02,65.4,Due Soon,466
2025-06-20,M08,383,12.6,Morning,OP05,68.4,Up to Date,390
2025-09-03,M05,509,13.0,Morning,OP04,72.2,Overdue,522
2025-04-29,M03,593,13.0,Night,OP13,70.3,Up to Date,603
2025-08-30,M02,429,11.6,Afternoon,OP07,67.9,Up to Date,436
2025-08-26,M08,363,15.5,Night,OP15,71.4,Up to Date,373
2025-08-08,M04,399,6.2,Morning,OP02,70.6,Up to Date,405
2025-09-28,M07,447,1.7,Night,OP11,66.6,Due Soon,459
2025-07-05,M05,482,600.0,Afternoon,OP10,73.2,Up to Date,501
2025-08-16,M04,388,13.9,Morning,OP01,71.0,Up to Date,399
2025-08-09,M04,365,20.2,Night,OP11,70.5,Due Soon,376
2025-04-23,M01,453,2.5,Night,OP12,66.1,Up to Date,462
2025-03-12,M06,599,4.9,morning,OP03,61.5,Up to Date,612
2025-04-16,M07,435,18.6,Morning,OP01,64.8,Up to Date,441
2025-03-24,M08,377,2.1,Night,OP13,64.0,Up to Date,384
2025-11-01,M04,413,2.7,Afternoon,OP07,66.4,Up to Date,428
2025-09-02,M07,434,10.1,Night,OP12,65.1,Due Soon,442
2025-04-01,M07,462,2.4,Afternoon,OP07,66.7,Due Soon,471
2025-08-02,M07,409,17.3,Night,OP11,70.1,Up to Date,413
2025-03-21,M01,445,17.7,Morning,OP01,61.7,Up to Date,453
2025-03-19,M01,471,16.8,Afternoon,OP07,68.2,Up to Date,481
2025-08-31,M06,512,27.6,Night,OP15,72.3,Overdue,543
2025-12-14,M05,539,17.2,Afternoon,OP09,64.7,Due Soon,555
07/06/2025,M08,388,,Afternoon,OP10,73.6,Up to Date,395
2025-02-04,M04,401,5.5,Morning,OP01,59.8,Up to Date,408
2025-12-14,M01,424,33.9,Morning,OP01,62.6,Up to Date,431
2025-10-14,M06,333,179.0,Night,OP13,77.7,Overdue,364
04/03/2025,M07,423,18.7,Afternoon,OP07,999.0,Up to Date,430
2025-03-17,M01,428,32.3,Night,OP12,67.5,Due Soon,438
2025-01-07,M01,452,0.6,Morning,OP02,64.3,Up to Date,460
2025-09-16,M07,448,7.5,Afternoon,OP07,69.3,Up to Date,454
05/03/2025,M05,472,35.9,Night,OP13,64.2,Up to Date,485
2025-02-05,M03,546,47.6,Afternoon,OP09,67.7,Due Soon,557
2025-11-04,M01,464,3.5,Night,OP12,,Up to Date,470
2025-03-23,M02,405,16.9,Morning,OP02,61.7,Up to Date,410
2025-01-26,M06,604,3.4,Night,OP13,62.5,Up to Date,615
31/01/2025,M02,429,18.6,Afternoon,OP07,58.8,Up to Date,434
2025-07-23,M03,547,30.3,Night,OP15,71.7,Up to Date,558
2025-03-27,M07,,14.4,Morning,OP01,62.8,Up to Date,438
2025-02-25,M02,430,2.8,Morning,OP01,59.3,Up to Date,437
12/07/2025,M07,436,14.7,Night,OP11,68.6,Up to Date,445
2025-10-13,M04,374,7.8,Night,OP11,66.8,Due Soon,382
12/09/2025,M04,394,3.9,Afternoon,OP07,69.4,Up to Date,404
2025-07-04,M08,376,36.3,Morning,OP05,69.5,Up to Date,384
2025-10-27,M04,402,14.0,Afternoon,OP06,63.8,Up to Date,407
2025-11-11,M05,497,8.7,Night,OP13,67.7,Up to Date,509
2025-03-21,M04,405,21.4,Night,OP11,62.3,Up to Date,409
2025-10-04,M02,416,8.2,Morning,OP01,65.2,Up to Date,422
2025-06-17,M03,639,4.4,Afternoon,OP09,72.5,Up to Date,653
2025-02-02,M08,363,17.6,Night,OP14,60.9,Up to Date,368
2025-06-02,M05,531,4.3,Morning,OP05,72.9,Up to Date,532
2025-06-17,M03,598,13.9,Night,OP14,999.0,Up to Date,612
2025-10-14,M03,361,170.7,Morning,OP04,78.3,Overdue,388
2025-01-24,M08,386,23.1,Afternoon,OP10,65.9,Up to Date,388
2025-07-26,M02,418,2.3,Morning,OP01,65.3,Up to Date,427
2025-12-10,M01,454,13.2,Afternoon,OP07,64.3,Up to Date,462
2025-12-24,M05,513,15.8,Morning,OP05,65.4,Overdue,525
2025-06-01,M01,476,9.7,Afternoon,OP06,69.4,Up to Date,486
2025-12-13,M08,385,4.9,Morning,OP04,66.2,Up to Date,389
2025-08-13,M01,449,12.9,Afternoon,OP07,69.3,Up to Date,459
2025-06-17,M01,460,11.3,Night,OP12,69.4,Due Soon,467
2025-06-04,M03,622,19.0,Night,OP13,69.5,Due Soon,631
2025-07-05,M06,597,9.5,Afternoon,OP10,71.5,Up to Date,605
01/02/2025,M08,381,7.6,Afternoon,OP10,60.7,Up to Date,388
2025-07-07,M07,422,12.6,Night,OP12,66.0,Up to Date,433
2025-04-30,M06,558,18.8,Night,OP14,69.0,Up to Date,566
2025-06-22,M08,369,9.0,Morning,OP05,70.8,Up to Date,380
2025-03-23,M05,480,14.6,Night,OP15,67.6,Up to Date,488
2025-11-26,M01,463,3.0,Afternoon,OP07,68.4,Up to Date,470
2025-04-07,M08,369,14.3,Night,OP14,66.8,Up to Date,378
2025-01-03,M06,569,17.9,Night,OP15,59.8,Up to Date,583
2025-01-23,M06,596,6.8,Night,OP13,64.6,Up to Date,603
2025-02-02,M07,423,6.8,Night,OP12,59.2,Up to Date,436
2025-10-02,M03,489,62.2,Night,OP13,74.2,Overdue,519
2025-06-02,M03,593,18.2,Morning,OP05,71.3,Due Soon,605
2025-01-31,M08,379,13.2,Morning,OP04,66.4,Up to Date,388
2025-04-07,M08,404,3.3,Afternoon,OP10,68.3,Up to Date,409
2025-05-29,M08,372,13.8,Morning,OP05,68.6,Up to Date,382
2025-06-26,M02,426,7.9,Night,OP12,63.8,Up to Date,437
2025-06-06,M05,472,30.5,Afternoon,OP08,70.3,Up to Date,485
2025-07-26,M03,658,14.9,Afternoon,OP10,74.4,Up to Date,667
2025-12-24,M06,455,15.0,Night,OP13,75.8,Overdue,510
2025-02-04,M02,426,2.1,Night,OP12,57.7,Up to Date,429
2025-03-11,M08,380,12.1,Morning,OP05,63.1,Due Soon,390
2025-02-06,M08,345,50.1,Night,OP13,63.6,Up to Date,353
2025-05-10,M04,395,6.3,Night,OP12,61.2,Due Soon,403
2025-02-24,M03,568,19.2,Night,OP13,65.1,Up to Date,586
2025-03-28,M03,610,19.5,Morning,OP04,67.2,Up to Date,622
2025-08-11,M01,459,15.5,Afternoon,OP06,71.7,Up to Date,468
2025-03-24,M07,439,15.7,Night,OP11,62.0,Up to Date,447
2025-10-27,M04,386,10.6,Morning,OP01,63.4,Up to Date,397
2025-05-14,M06,585,8.3,Afternoon,OP10,66.7,Due Soon,597
2025-12-28,M04,402,6.6,Afternoon,OP07,64.4,Up to Date,409
2025-11-10,M-04,389,9.1,Night,OP12,59.2,Due Soon,396
2025-08-21,M01,458,8.3,Morning,OP02,70.8,Up to Date,464
2025-02-19,M02,396,15.8,Afternoon,OP07,60.2,Due Soon,405
2025-12-02,M04,394,9.3,Morning,OP02,63.0,Up to Date,401
2025-07-19,M02,409,3.4,Morning,OP01,65.4,Up to Date,420
2025-03-28,M06,573,7.1,Night,OP14,61.3,Up to Date,584
2025-06-11,M07,428,26.9,Morning,OP01,66.4,Up to Date,434
27/11/2025,M07,450,0.7,Afternoon,OP07,64.5,Due Soon,461
2025-09-11,M07,426,10.6,Afternoon,OP07,70.0,Up to Date,436
2025-07-30,M08,398,8.5,Morning,OP03,69.6,Up to Date,406
2025-04-20,M06,611,2.9,Morning,OP04,68.0,Up to Date,622
2025-10-19,M02,385,31.7,Night,OP11,60.1,Up to Date,392
2025-09-08,M01,456,13.0,Night,OP11,65.0,Up to Date,465
2025-12-17,M01,458,14.7,Afternoon,OP07,65.8,Due Soon,467
2025-10-26,M05,495,18.8,Afternoon,OP09,69.3,Overdue,506
2025-09-11,M01,433,2.4,Afternoon,OP06,70.9,Up to Date,443
2025-04-26,M05,513,36.0,Morning,OP03,65.2,Up to Date,526
2025-05-08,M05,484,13.9,Night,OP15,68.5,Up to Date,497
2025-10-15,M05,296,206.7,Afternoon,OP08,67.8,Due Soon,304
2025-12-04,M07,419,23.1,Night,OP12,,Up to Date,429
2025-10-26,M03,505,20.3,Night,OP15,74.9,Overdue,541
2025-04-17,M01,475,4.4,Morning,OP01,66.6,Due Soon,484
2025-05-26,M01,436,28.9,Morning,OP02,68.6,Up to Date,442
2025-05-09,M01,462,,Afternoon,OP07,67.5,Up to Date,475
2025-08-12,M08,387,9.9,Morning,OP03,66.4,Due Soon,398
2025-07-04,M04,402,8.7,Morning,OP02,69.9,Up to Date,411
2025-12-15,M08,402,8.0,Morning,OP03,61.8,Due Soon,408
2025-03-19,M05,504,21.2,Morning,OP04,62.8,Up to Date,514
2025-11-29,M01,469,6.1,Morning,OP02,61.9,Up to Date,478
2025-05-17,M06,412,151.5,Afternoon,OP10,71.6,Due Soon,419
2025-12-31,M05,475,1.1,Afternoon,OP08,68.1,Overdue,493
2025-04-30,M03,619,3.9,Afternoon,OP08,68.7,Up to Date,631
2025-01-16,M06,588,10.3,Afternoon,OP09,63.7,Due Soon,601
2025-03-23,M01,447,, Morning ,OP01,62.1,Up to Date,461
2025-12-30,M07,431,17.3,Afternoon,OP06,60.3,Up to Date,443
2025-09-28,M01,376,109.8,Night,OP12,68.3,Up to Date,383
2025-05-01,M02,402,600.0,Morning,OP01,62.8,Up to Date,412
2025-08-27,M06,532,21.2,Night,OP14,76.6,Overdue,553
2025-02-27,M03,602,28.4,Afternoon,OP09,67.2,Up to Date,616
2025-04-23,M05,506,2.0,Afternoon,OP10,69.4,Up to Date,515
2025-06-07,M05,500,13.3,Afternoon,OP10,73.2,Up to Date,510
2025-06-28,M08,352,34.9,Night,OP14,70.9,Up to Date,361
2025-12-24,M07,416,35.5,Night,OP12,61.6,Due Soon,424
2025-12-03,M07,436,12.7,Afternoon,OP07,,Up to Date,449
2025-06-26,M07,439,20.1,Afternoon,OP07,69.0,Up to Date,445
2025-10-04,M02,392,34.9,Night,OP12,62.2,Up to Date,404
2025-12-07,M08,398,10.0,Morning,OP05,66.3,Up to Date,399
2025-10-02,M03,424,128.4,Morning,OP04,72.8,Overdue,447
2025-12-18,M07,446,4.0,Afternoon,OP07,60.8,Up to Date,455
2025-11-26,M03,518,5.9,Morning,OP03,78.4,Overdue,573
2025-10-23,M08,358,28.9,Night,OP14,65.8,Up to Date,367
2025-11-18,M01,471,1.8,Afternoon,OP06,65.1,Due Soon,485
2025-10-03,M04,386,8.3,Morning,OP02,65.9,Up to Date,398
2025-09-15,M03,595,19.6,Afternoon,OP09,73.4,Overdue,615
2025-07-12,M03,621,5.9,Morning,OP05,68.8,Up to Date,626
2025-07-13,M07,430,32.5,Morning,OP02,67.7,Up to Date,439
2025-01-31,M06,555,8.9,Night,OP15,65.9,Up to Date,571
2025-07-09,M01,445,13.2,Night,OP12,70.3,Up to Date,456
2025-12-31,M06,165,308.4,Night,OP13,79.6,Overdue,187
2025-06-13,M04,398,2.5,Morning,OP02,70.5,Due Soon,407
2025-03-14,M05,482,1.2,Night,OP13,64.2,Due Soon,493
2025-07-03,M05,458,32.8,Night,OP15,69.4,Up to Date,463
2025-07-03,M03,636,7.9,Afternoon,OP09,73.7,Due Soon,647
2025-12-08,M04,380,29.3,Morning,OP02,62.6,Up to Date,387
2025-05-12,M04,369,28.7,Morning,OP02,63.9,Due Soon,376
2025-04-15,M08,362,20.8,Afternoon,OP08,66.7,Due Soon,370
2025-08-11,M05,531,3.4,Night,OP13,70.3,Due Soon,542
2025-05-17,M02,398,18.8,Night,OP11,61.8,Up to Date,406
2025-09-24,M08,347,31.7,Night,OP14,67.7,Up to Date,354
2025-08-25,M05,466,34.5,Afternoon,OP08,71.6,Overdue,475
2025-07-23,M07,457,0.7,Afternoon,OP07,70.0,Up to Date,467
2025-01-17,M07,416,13.0,Night,OP11,59.5,Up to Date,423
2025-09-18,M02,407,14.4,Night,OP12,65.1,Up to Date,419
2025-12-10,M05,483,15.7,Afternoon,OP08,63.0,Due Soon,493
2025-10-06,M06,554,6.3,Afternoon,OP09,75.9,Overdue,598
2025-07-15,M02,414,16.6,Night,OP12,63.5,Up to Date,421
2025-11-20,M03,513,13.0,Morning,OP04,74.7,Overdue,572
2025-06-05,M07,414,19.9,Morning,OP02,66.3,Up to Date,427
2025-12-27,M04,398,6.1,Night,OP11,60.4,Up to Date,405
2025-01-11,M07,377,71.4,Afternoon,OP06,60.6,Up to Date,381
2025-04-17,M08,359,20.2,Night,OP14,67.1,Up to Date,363
2025-06-04,M02,399,23.8,Morning,OP02,64.4,Up to Date,409
2025-07-31,M06,448,110.8,Night,OP14,71.2,Overdue,461
2025-03-11,M01,436,6.2,Night,OP12,63.2,Up to Date,450
2025-01-14,M08,398,24.1,Morning,OP03,59.3,Up to Date,403
2025-10-05,M01,469,11.7,Morning,OP01,68.5,Up to Date,475
2025-07-03,M04,390,9.6,Night,OP11,,Up to Date,400
2025-10-14,M06,490,12.1,Afternoon,OP08,79.3,Overdue,538
2025-02-17,M05,513,3.0,Morning,OP03,63.2,Up to Date,524
2025-06-19,M04,396,20.3,Afternoon,OP07,66.8,Up to Date,402
2025-08-28,m08,345,7.4,NIGHT,OP15,74.6,Up to Date,354
2025-04-09,M04,405,6.4,Afternoon,OP06,62.5,Up to Date,416
2025-04-02,M04,391,12.2,Afternoon,OP07,64.3,Up to Date,399
2025-09-19,M06,295,224.9,Afternoon,OP09,76.4,Overdue,315
2025-09-21,M02,404,29.2,Afternoon,OP06,65.5,Up to Date,413
2025-05-30,M05,494,4.8,Afternoon,OP09,71.5,Up to Date,504
2025-06-15,M02,420,13.1,Night,OP12,62.0,Up to Date,431
2025-12-01,M02,405,23.1,Morning,OP02,59.7,Up to Date,412
2025-04-10,M07,413,32.0,Afternoon,OP06,64.4,Up to Date,419
2025-12-02,M08,378,14.6,Morning,OP05,64.3,Up to Date,387
2025-03-07,M01,454,5.6,Afternoon,OP06,64.5,Up to Date,465
2025-11-10,M01,,7.3,Morning,OP02,65.2,Up to Date,470
2025-04-23,M01,432,25.9,Morning,OP02,66.8,Up to Date,441
2025-06-08,M08,372,2.7,Morning,OP03,67.9,Up to Date,381
2025-02-20,M03,602,18.4,Afternoon,,65.7,Up to Date,610
2025-10-18,M03,530,2.8,Morning,OP05,73.4,Overdue,575
2025-09-24,M04,418,6.5,Afternoon,OP07,65.2,Up to Date,423
2025-11-16,M08,367,12.2,Morning,OP04,63.7,Due Soon,377
2025-02-13,M07,430,14.8,Morning,OP02,59.5,Up to Date,441
2025-01-14,M03,609,5.5,Morning,OP05,64.9,Up to Date,616
2025-02-01,M05,498,19.3,Morning,OP04,64.7,Up to Date,501
2025-03-02,M02,416,,Night,OP12,59.5,Up to Date,426
2025-04-17,M02,408,41.4,Afternoon,OP06,63.6,Up to Date,412
2025-07-05,M08,376,12.3,Afternoon,OP08,,Up to Date,379
2025-04-21,M07,441,7.6,Night,OP12,65.3,Up to Date,447
2025-08-21,M02,407,18.2,Morning,OP01,63.6,Up to Date,414
2025-03-12,M03,571,17.5,Night,OP15,64.3,Up to Date,582
17/02/2025,M06,586,17.8,Morning,OP04,59.5,Due Soon,597
2025-01-23,M01,447,18.7,Morning,OP01,66.4,Up to Date,456
2025-06-16,M08,387,13.4,Morning,OP03,68.9,Due Soon,394
2025-05-01,M05,512,20.9,Morning,OP04,66.2,Up to Date,516
2025-08-24,M08,398,5.8,Morning,OP03,70.4,Up to Date,406
2025-11-17,M01,467,3.5,Afternoon,OP07,65.2,Due Soon,479
2025-02-04,M01,455,9.1,Morning,OP02,63.2,Up to Date,461
2025-03-01,M03,636,3.5,Morning,OP03,62.4,Up to Date,652
2025-06-30,M08,372,17.9,Night,OP14,72.5,Up to Date,377
2025-10-12,M04,389,1.3,Night,OP12,64.8,Due Soon,395
2025-12-20,M06,320,169.4,Morning,OP05,75.0,Overdue,352
2025-12-09,M04,399,14.2,Afternoon,OP06,64.8,Up to Date,412
2025-06-14,M02,420,6.8,Morning,OP02,66.9,Up to Date,431
2025-07-13,M06,716.4499999999999,1.7,Afternoon,OP08,70.5,Up to Date,623
2025-10-18,M02,412,27.0,Afternoon,OP06,61.6,Up to Date,419
2025-02-15,M02,425,5.3,Afternoon,OP06,60.4,Up to Date,432
2025-10-08,M07,454,6.1,Night,OP12,64.5,Up to Date,463
2025-09-26,M03,545,7.0,Night,OP14,78.4,Overdue,578
2025-10-17,M07,420,30.3,Afternoon,OP06,67.3,Up to Date,430
2025-12-04,M01,447,11.4,Night,OP11,63.2,Up to Date,457
2025-11-20,M08,297,115.2,Morning,OP05,66.2,In Progress,301
2025-07-20,M03,643,8.7,Afternoon,OP10,71.9,Up to Date,651
2025-10-24,M08,386,9.8,Afternoon,OP10,68.9,Up to Date,395
2025-04-26,M06,596,1.2,Afternoon,OP10,69.2,Up to Date,608
2025-07-27,M05,484,8.5,Afternoon,OP10,69.2,Up to Date,502
2025-01-17,M08,387,11.5,Afternoon,OP09,62.1,Up to Date,395
2025-12-08,M02,416,5.4,Morning,OP01,58.4,Up to Date,425
2025-12-01,M06,408,72.5,Afternoon,OP08,78.0,Overdue,460
2025-06-14,M03,571,48.8,Morning,OP05,69.2,Up to Date,583
2025-02-13,M03,642,15.3,Morning,OP03,61.5,Up to Date,650
2025-04-18,M07,445,10.0,Afternoon,OP07,64.6,Up to Date,451
2025-05-06,M02,408,8.2,Night,OP11,61.8,Up to Date,419
2025-11-05,M05,459,17.2,Afternoon,OP08,69.1,Overdue,479
2025-10-03,M03,467,89.8,Morning,OP03,78.1,Overdue,498
2025-04-07,M05,526,12.8,Morning,OP04,64.8,Up to Date,536
2025-01-29,M02,415,12.5,Morning,OP01,57.9,Up to Date,425
2025-01-03,M03,576,16.1,Night,OP15,66.2,Up to Date,589
2025-12-08,M02,388,51.4,Night,OP11,59.9,Up to Date,400
2025-01-30,M02,434,8.2,Afternoon,OP06,57.2,Up to Date,441
2025-11-26,M03,457,40.3,Night,OP14,79.1,Overdue,506
2025-04-08,M04,387,12.6,Night,OP12,64.2,Up to Date,396
2025-03-17,M06,600,9.5,Night,OP13,64.4,Due Soon,611
2025-09-20,M06,514,10.7,Night,OP13,77.5,Overdue,559
2025-10-22,M04,393,14.6,Afternoon,OP06,69.0,Up to Date,403
2025-05-28,M02,402,15.5,Morning,OP02,67.2,Up to Date,413
2025-12-10,M06,463,16.9,Morning,OP05,77.2,Overdue,515
2025-07-11,M03,628,11.8,Morning,OP03,70.2,Up to Date,650
2025-02-08,M04,365,43.8,Afternoon,OP06,64.6,Up to Date,371
2025-09-27,M03,544,25.4,Morning,OP03,78.6,Overdue,584
2025-03-10,M06,543,26.3,Afternoon,OP08,64.2,Up to Date,558
2025-11-13,M07,424,22.8,Morning,OP01,61.1,Up to Date,436
2025-07-13,M06,577,16.5,Night,OP13,70.0,Up to Date,592
2025-06-22,M07,429,5.4,Morning,OP02,69.8,Up to Date,438
2025-03-15,M03,602,1.7,Night,OP15,64.3,Up to Date,614
2025-06-08,M07,440,19.4,Night,OP11,67.9,Up to Date,450
2025-10-11,M05,500,9.5,Night,OP14,67.1,Due Soon,515
2025-04-20,M03,600,1.7,Night,,68.9,Up to Date,610
2025-07-06,M02,418,3.7,Night,OP12,65.8,Due Soon,425
2025-09-09,M03,576,14.0,Morning,OP03,70.4,Overdue,604
2025-05-03,M04,364,45.3,Night,OP11,62.8,Up to Date,369
2025-09-26,M04,381,14.7,Night,OP11,65.4,Up to Date,392
2025-10-23,M03,322,199.7,Night,OP14,74.0,Overdue,348
2025-07-23,M05,478,30.6,Afternoon,OP10,73.2,Up to Date,487
2025-12-24,M03,486,11.3,Morning,OP04,78.5,Overdue,543
2025-06-18,M03,649,4.4,Morning,OP04,71.0,Up to Date,659
2025-09-12,M08,363,16.6,Afternoon,OP08,71.6,Due Soon,374
2025-09-24,M01,454,6.6,Night,OP12,70.2,Up to Date,468
25/02/2025,M04,392,6.7,Afternoon,OP07,62.8,Up to Date,403
2025-06-12,M07,430,6.1,Morning,OP02,68.9,Up to Date,436
2025-09-25,M04,392,8.4,Night,OP11,64.1,Up to Date,400
2025-07-09,M07,429,24.8,Morning,OP01,68.8,Up to Date,441
2025-01-31,M05,493,25.4,Afternoon,OP09,63.6,Up to Date,505
2025-04-14,M03,565,1440.0,Night,OP13,65.1,Up to Date,579
2025-12-13,M07,420,19.7,Afternoon,OP06,59.7,Up to Date,428
2025-10-12,M07,438,21.0,Night,OP12,65.8,Up to Date,449
2025-01-23,M06,593,14.9,Morning,OP04,62.4,Up to Date,610
2025-11-03,M08,372,8.0,NIGHT,OP15,63.5,Up to Date,379
2025-12-24,M01,486,1.3,Night,OP11,60.6,Up to Date,498
2025-05-05,M03,630,12.7,Morning,OP04,68.3,Due Soon,644
2025-01-18,M04,377,25.1,Morning,OP02,58.0,Up to Date,383
2025-09-15,M05,489,0.8,Afternoon,OP10,70.8,Up to Date,499
2025-03-02,M04,396,17.3,Morning,OP01,59.1,Up to Date,402
2025-01-20,M05 ,487,8.8,Night,OP14,62.4,Up to Date,496
18/01/2025,M07,448,9.0,Afternoon,OP07,58.6,Up to Date,458
2025-02-08,M08,389,,Morning,OP05,60.5,Due Soon,402
2025-11-21,M05,356,135.4,Night,OP13,66.2,Up to Date,363
2025-11-27,M01,459,10.8,Morning,OP02,66.4,Up to Date,470
2025-07-03,M06,584,22.3,Afternoon,OP08,70.8,Up to Date,590
2025-11-22,M01,450,10.8,Afternoon,OP07,62.6,Up to Date,460
2025-11-02,M03,455,57.4,Night,OP15,78.5,Overdue,501
2025-01-31,M01,483,7.2,Afternoon,OP06,65.4,Up to Date,491
2025-01-05,M01,474,3.2,Night,OP12,60.5,Up to Date,485
2025-06-04,M06,612,2.0,Night,OP14,69.8,Up to Date,625
2025-01-16,M01,451,13.5,Night,OP11,60.1,Due Soon,462
2025-12-25,M01,448,3.1,Night,OP12,62.0,Up to Date,459
2025-09-08,M07,428,17.2,Morning,OP02,69.3,Up to Date,437
2025-02-02,M06,577,6.5,Night,OP15,65.3,Up to Date,585
2025-05-01,M01,439,29.5,Night,OP12,64.5,Up to Date,446
2025-11-29,M06,504,6.5,Morning,OP05,75.3,Overdue,561
2025-12-31,M07,446,12.3,Morning,OP01,63.8,Up to Date,454
17/05/2025,M01,431,34.8,Night,OP11,69.2,Due Soon,439
2025-12-31,M03,439,57.6,Night,OP15,76.3,Overdue,487
2025-02-25,M04,384,11.1,Night,OP12,61.6,Up to Date,391
2025-07-23,M08,372,8.9,Afternoon,OP08,73.3,Up to Date,380
2025-10-13,M08,395,7.1,Morning,OP05,66.5,Up to Date,404
2025-10-08,M04,380,13.1,Morning,OP01,64.1,Due Soon,387
2025-06-18,M08,389,4.4,Afternoon,OP09,68.2,Up to Date,399
2025-06-30,M07,417,15.4,Afternoon,OP07,72.3,Up to Date,428
2025-05-16,M06,562,45.6,Morning,OP04,74.1,Due Soon,571
2025-08-25,M01,463,14.7,Afternoon,OP07,71.6,Up to Date,473
2025-08-16,M05,490,23.4,Morning,OP05,67.9,Due Soon,499
2025-04-17,M07,433,3.1,Night,OP11,61.8,Up to Date,443
2025-12-27,M05,491,12.9,Afternoon,OP09,65.5,Overdue,507
2025-02-18,M01,466,8.1,Night,OP12,62.6,Due Soon,473
2025-04-10,M04,407,20.6,Morning,OP02,,Due Soon,414
2025-08-04,M06,613,5.6,Morning,OP04,70.9,Overdue,629
2025-09-14,M01,459,32.3,Morning,OP01,68.7,Due Soon,469
2025-05-07,M03,585,34.2,Afternoon,OP08,66.4,Up to Date,595
2025-06-02,M04,373,38.2,Night,OP12,69.4,Up to Date,380
2025-07-28,M04,385,25.1,Morning,OP01,65.9,Up to Date,391
2025-06-04,M05,520,3.6,Morning,OP04,68.7,Up to Date,528
2025-10-10,M06,486,12.4,Afternoon,OP09,76.9,Overdue,528
2025-08-18,M04,410,5.9,Morning,OP02,72.3,Up to Date,417
2025-11-01,M07,443,5.0,Night,OP12,63.3,Up to Date,453
2025-06-03,M04,381,11.0,Night,OP11,63.9,Up to Date,394
2025-10-02,M04,390,11.8,Night,OP12,61.9,Up to Date,395
2025-03-08,M02,409,13.7,Night,OP12,60.6,Up to Date,414
2025-01-08,M03,567,2.2,Afternoon,OP08,63.5,Up to Date,584
2025-05-02,M05,513,6.1,Afternoon,OP08,65.6,Up to Date,524
2025-07-25,M04,423,4.2,Morning,OP02,66.8,Up to Date,429
2025-10-09,M05,512,2.2,Night,OP14,62.9,Due Soon,519
2025-05-01,M08,386,18.9,Morning,OP03,64.8,Up to Date,392
2025-10-04,M08,393,3.6,Night,OP14,69.1,Up to Date,396
2025-07-02,M03,586,36.2,Morning,OP04,70.8,Up to Date,598
2025-12-31,M04,401,5.5,Afternoon,OP07,63.4,Up to Date,411
2025-06-22,M06,590,3.4,Morning,OP04,69.3,Up to Date,601
2025-07-27,M04,344,63.6,Afternoon,OP07,71.4,Up to Date,352
2025-06-13,M04,400,10.0,Afternoon,OP07,68.7,Due Soon,411
2025-10-16,M01,467,4.3,Night,OP12,67.4,Due Soon,479
2025-05-22,M05,348,141.6,Night,OP14,69.1,Up to Date,352
2025-11-06,M01,461,11.1,Night,OP11,66.5,Up to Date,472
2025-06-13,M05,359,133.6,Night,OP15,74.3,Up to Date,369
2025-01-10,M05,607.1999999999999,4.4,Morning,OP05,64.5,Up to Date,528
15/03/2025,M08,388,9.1,Morning,OP03,65.9,Due Soon,397
2025-10-31,M02,398,26.8,Night,OP12,61.0,Up to Date,408
2025-12-04,M06,460,10.2,Night,OP14,77.1,Overdue,509
2025-10-29,M07,456,11.6,Night,OP11,-40.0,Up to Date,469
2025-04-11,M02,418,9.5,Afternoon,OP06,67.7,Up to Date,427
2025-09-07,M05,494,11.4,Morning,OP03,71.3,Overdue,518
2025-08-01,M08,358,20.0,Afternoon,OP09,71.0,Up to Date,366
2025-07-17,M08,393,0.5,Afternoon,OP08,73.1,Up to Date,403
2025-05-26,M02,390,13.1,Night,OP12,66.2,Up to Date,399
2025-12-25,M05,491,3.1,Afternoon,OP08,69.1,Overdue,508
2025-04-09,M08,403,12.7,Morning,OP04,64.2,Up to Date,410
2025-04-23,M03,598,35.0,Morning,OP04,66.3,Up to Date,612
2025-08-03,M06,560,20.8,Night,OP13,70.8,Overdue,580
2025-05-02,M03,605,14.1,Night,OP14,68.4,Due Soon,617
2025-05-21,M05,500,8.7,Afternoon,OP08,70.5,Up to Date,509
2025-04-04,M06,581,17.0,Afternoon,OP09,68.1,Up to Date,584
2025-07-05,M02,422,2.5,Night,OP11,66.5,Up to Date,432
2025-07-26,M02,426,9.2,Afternoon,OP07,67.0,Up to Date,438
21/02/2025,M01,459,15.9,Afternoon,OP07,66.8,Up to Date,468
2025-09-25,M08,381,6.1,Night,OP13,69.3,Up to Date,387
30/12/2025,M02,417,11.1,Night,OP12,58.9,Up to Date,426
2025-12-22,M05,507,8.6,Afternoon,OP10,64.8,Overdue,516
2025-09-30,M01,433,24.7,Morning,OP02,70.6,Up to Date,444
2025-08-31,M04,391,9.5,Afternoon,OP06,71.2,Up to Date,398
2025-04-20,M07,419,14.5,Afternoon,OP06,65.6,Up to Date,427
2025-08-23,M01,468,8.0,Night,OP12,68.5,Up to Date,474
2025-06-03,M08,354,29.7,Night,OP14,68.4,Up to Date,359
2025-12-01,M07,436,6.5,Night,OP11,60.0,Up to Date,443
2025-07-01,M07,438,13.5,Afternoon,OP06,69.3,Up to Date,448
2025-05-27,M04,392,11.1,Afternoon,OP06,69.2,Up to Date,398
2025-11-15,M07,450,2.9,Afternoon,OP07,61.3,Up to Date,456
2025-03-19,M04,388,5.8,Night,OP12,61.3,Up to Date,396
2025-01-06,M02,268,182.6,Night,OP11,58.2,Up to Date,274
2025-02-08,M07,463,9.5,Afternoon,OP07,61.1,Up to Date,471
2025-03-29,M01,464,5.6,Afternoon,OP06,65.1,Up to Date,471
2025-11-30,M02,386,36.5,Afternoon,OP07,,Up to Date,394
2025-03-04,M04,372,47.9,Morning,OP02,64.7,Up to Date,373
2025-07-30,M04,388,12.1,Afternoon,OP07,70.5,Up to Date,394
2025-10-13,M05,537,5.7,Afternoon,OP09,69.5,Due Soon,547
2025-02-08,M02,429,15.4,Morning,OP01,60.8,Up to Date,433
2025-12-01,M08,400,6.7,Morning,OP04,61.7,Up to Date,409
2025-07-05,M04,403,8.3,Afternoon,OP06,67.5,Up to Date,411
2025-10-09,M02,411,18.9,Morning,OP02,62.3,Up to Date,421
2025-03-15,M04,371,16.5,Afternoon,OP07,61.8,Due Soon,379
2025-07-26,M03,646,8.8,Morning,OP04,70.8,Up to Date,652
2025-11-27,M03,371,116.2,Night,OP14,78.0,Overdue,416
2025-08-07,M02,416,16.0,Afternoon,OP06,71.0,Due Soon,424
2025-01-15,M06,593,10.2,Morning,OP05,61.2,Due Soon,604
2025-09-29,M06,540,8.2,Afternoon,OP10,76.7,Overdue,585
2025-03-12,M06,595,22.0,Afternoon,OP09,65.7,Up to Date,609
2025-11-11,M08,371,10.9,Night,OP14,64.9,Up to Date,380
2025-02-11,M05,490,10.9,Night,OP15,64.0,Up to Date,499
2025-08-20,M03,628,1.4,Morning,OP03,70.2,Overdue,645
2025-06-21,M04,403,15.0,Morning,OP02,67.5,Up to Date,410
2025-01-08,M07,448,7.9,Afternoon,OP06,63.3,Up to Date,457
2025-10-16,M06,510,3.4,Night,OP13,74.9,overdue,557
2025-10-18,M05,352,138.1,Morning,OP03,67.7,Overdue,363
2025-11-30,M01,447,13.8,Afternoon,OP07,67.3,Up to Date,454
2025-06-24,M02,418,6.6,Afternoon,OP06,68.8,Up to Date,424
2025-08-23,M07,439,3.0,Morning,OP02,66.1,Up to Date,451
2025-04-06,M04,396,7.5,Night,OP12,64.9,Up to Date,407
2025-03-13,M01,462,8.5,Night,OP11,64.0,Up to Date,472
2025-12-27,M05,505,4.5,Morning,OP04,66.7,Overdue,522
2025-09-17,M05,502,19.5,Morning,OP04,65.6,Up to Date,516
2025-11-26,M06,466,9.5,Night,OP13,78.5,Overdue,525
2025-08-10,M04,369,11.0,Morning,OP01,66.7,Due Soon,379
2025-08-28,M03,579,6.0,Night,OP14,74.4,Overdue,597
2025-12-11,M03,486,11.9,Morning,OP03,79.6,Overdue,545
2025-08-26,M04,389,5.4,Night,OP11,69.1,Up to Date,396
2025-03-13,M04,384,12.9,Night,OP12,64.8,Due Soon,391
2025-06-17,M05,532,7.2,Morning,OP04,69.3,Up to Date,542
2025-02-21,M05,497,11.8,NIGHT,OP15,62.5,Up to Date,505
04/01/2025,M05,509,11.2,Morning,OP04,65.2,Up to Date,518
2025-03-11,M03,632,8.2,Afternoon,OP09,65.8,Up to Date,654
2025-04-05,M07,419,30.8,Night,OP11,62.0,Up to Date,427
2025-01-21,M07,491.04999999999995,16.0,Afternoon,OP06,62.9,Up to Date,427
2025-04-12,M01,453,19.3,Night,OP12,66.9,Up to Date,465
2025-07-26,M08,373,15.4,Afternoon,OP09,71.7,Up to Date,377
2025-08-17,M03,586,16.5,Afternoon,OP08,75.3,Overdue,603
2025-11-22,M01,432,22.6,Night,OP12,64.6,Up to Date,446
16/06/2025,M04,391,3.9,Afternoon,OP06,71.5,Up to Date,401
2025-02-21,M06,615,1.9,Afternoon,OP09,68.1,Up to Date,628
2025-09-11,M05,500,12.4,Night,OP13,69.6,Up to Date,509
2025-10-07,M03,472,72.7,Afternoon,OP10,76.0,Overdue,503
2025-05-29,M06,549,15.5,Night,OP15,67.9,Up to Date,567
2025-08-09,M05,492,31.2,Morning,OP05,68.9,Due Soon,503
2025-01-01,M08,391,6.9,Morning,OP04,62.5,Up to Date,400
2025-01-02,M04,402,11.9,Morning,OP01,60.9,Up to Date,412
2025-04-27,M04,415,4.3,Morning,OP01,64.1,Up to Date,426
2025-11-25,M01,438,12.1,Morning,OP02,61.0,Up to Date,449
2025-03-13,M06,605,3.9,Afternoon,OP08,66.2,Up to Date,616
2025-10-15,M06,447,51.8,Afternoon,OP08,77.5,Overdue,485
2025-06-14,M05,485,29.5,Afternoon,OP08,68.1,Up to Date,495
2025-12-16,M06,470,21.4,Night,OP13,74.3,Overdue,520
2025-10-16,M05,480,22.3,Night,OP15,66.9,Due Soon,489
2025-10-20,M04,397,5.1,Afternoon,OP06,66.6,Up to Date,403
2025-04-24,M07,435,7.6,Morning,OP02,62.5,Up to Date,441
2025-12-30,M04,415,8.1,Morning,OP01,61.4,Up to Date,425
2025-11-22,M05,528,15.1,Morning,OP05,66.0,Up to Date,535
2025-10-15,M03,533,6.9,Night,OP13,77.2,Overdue,577
2025-12-15,M01,451,21.2,Morning,OP01,63.7,Up to Date,459
2025-08-18,M08,355,56.6,Afternoon,,69.8,Up to Date,363
2025-09-30,M03,574,9.3,Morning,OP03,73.9,Overdue,603
2025-11-23,M05,515,16.0,Morning,OP03,67.8,Up to Date,530
2025-07-05,M01,444,18.8,Afternoon,OP07,68.5,Up to Date,447
2025-12-19,M01,431,25.2,Afternoon,OP06,65.8,Due Soon,439
2025-05-22,M08,376,15.3,Night,OP13,67.5,Up to Date,380
2025-06-11,M03,557,18.6,Night,OP15,66.9,Up to Date,566
2025-04-28,M05,547,3.1,Afternoon,OP09,65.5,Up to Date,551
2025-11-18,M07,441,7.6,Morning,OP02,61.7,Up to Date,447
2025-08-06,M01,454,7.6,Morning,OP02,72.0,Up to Date,468
2025-04-19,M08,376,20.7,Morning,OP04,66.3,Up to Date,386
2025-02-02,M05,513,12.8,Morning,OP03,60.6,up to date,523
2025-03-07,M02,406,37.2,Morning,OP02,60.2,Up to Date,417
2025-01-01,M06,580,5.4,Afternoon,OP10,66.3,Up to Date,590
2025-12-12,M06,276,206.5,Afternoon,OP10,79.7,Overdue,310
2025-10-05,M04,380,2.6,Night,OP12,65.9,Up to Date,388
2025-02-28,M08,381,16.9,Morning,OP04,62.6,Up to Date,387
2025-05-22,M03,609,37.3,Morning,OP04,67.5,Up to Date,621
2025-08-03,M06,545,13.3,Afternoon,OP10,71.7,Overdue,563
2025-09-30,M08,387,15.6,Morning,OP05,67.4,Up to Date,394
2025-10-21,M02,426,6.2,Morning,OP01,66.3,Up to Date,433
2025-09-26,M05,495,4.9,Night,OP14,72.7,Up to Date,506
2025-09-02,M02,407,8.5,Morning,OP01,65.4,Up to Date,419
2025-01-30,M02,408,19.2,Night,OP12,60.4,Up to Date,411
2025-08-29,M08,369,20.2,Night,OP13,70.6,Up to Date,374
25/11/2025,M03,502,7.2,Morning,OP05,76.1,Overdue,556
2025-07-20,M05,504,11.5,Night,OP13,69.7,Up to Date,513
2025-05-21,M02,435,10.2,Morning,OP01,64.2,Up to Date,443
2025-12-09,M07,428,23.1,Morning,OP02,60.8,Up to Date,439
2025-09-17,M08,366,12.6,Night,OP15,68.2,Due Soon,371
2025-10-21,M01,473,8.4,Afternoon,OP07,,Up to Date,483
2025-06-09,M04,394,18.4,Afternoon,OP06,69.8,Due Soon,408
2025-03-19,M07,438,11.5,Night,OP12,62.1,Up to Date,449
2025-08-09,M04,409,18.2,Morning,OP02,65.9,Due Soon,416
2025-05-28,M02,404,31.1,Afternoon,OP07,67.5,Up to Date,416
21/08/2025,M08,397,9.4,Morning,OP05,68.3,Up to Date,403
2025-09-13,M05,508,11.0,Night,OP13,68.3,Up to Date,518
2025-06-07,M08,,15.3,Morning,OP05,67.9,Up to Date,382
2025-05-17,M05,507,16.1,Morning,OP04,70.2,Up to Date,516
2025-11-18,M05,484,23.4,Night,OP13,65.6,Up to Date,489
2025-05-26,M07,456,4.8,Afternoon,OP06,68.3,Up to Date,465
2025-12-17,M08,372,21.8,Afternoon,OP08,64.7,Due Soon,378
2025-11-21,M03,470,11.0,Night,OP15,77.8,Overdue,523
2025-12-19,M02,424,6.0,Afternoon,OP06,64.0,Up to Date,434
2025-05-21,M04,375,11.0,Night,OP11,68.3,Up to Date,380
2025-03-11,M01,436,17.5,Morning,OP02,62.0,Up to Date,446
2025-06-17,M06,623,4.1, Afternoon ,OP10,68.7,Due Soon,641
2025-09-08,M03,415,165.9,Morning,,76.0,Overdue,439
2025-12-24,M08,379,18.4,Night,OP13,61.4,Up to Date,387
2025-03-10,M01,463,7.5,Morning,OP01,62.6,Up to Date,470
2025-01-04,M02,409,4.1,Night,OP11,56.5,Up to Date,413
2025-09-15,M08,374,12.8,Night,OP14,,Due Soon,383
2025-12-25,M04,406,14.0,Afternoon,OP06,62.9,Up to Date,418
2025-08-07,M01,438,24.7,Night,OP11,74.6,Up to Date,448
2025-05-03,M05,459,18.6,Night,OP15,69.8,Up to Date,470
2025-05-10,M03,565,26.6,Night,OP14,72.9,Up to Date,575
2025-12-06,M05,514,6.7,Afternoon,OP09,61.6,Due Soon,526
2025-04-26,M07,456,12.8,Afternoon,OP07,68.3,Up to Date,463
2025-07-11,M07,434,15.8,Morning,OP02,69.5,Up to Date,444
2025-02-03,M05,486,15.8,Afternoon,OP09,62.9,Up to Date,501
2025-04-13,M04,371,24.9,Morning,OP02,61.5,Up to Date,380
2025-05-31,M04,386,10.6,Night,OP11,64.9,Up to Date,396
2025-03-21,M05,526,4.2,Afternoon,OP09,67.1,Up to Date,537
2025-11-10,M07,451,10.0,Night,OP12,57.5,Up to Date,455
2025-07-14,M05,493,23.1,Afternoon,OP08,,Due Soon,501
2025-05-23,M07,436,1.2,Night,OP11,64.8,Up to Date,442
2025-06-23,M07,419,18.1,Night,OP12,68.5,Up to Date,431
2025-04-11,M04,412,3.8,Morning,OP02,63.8,Due Soon,418
2025-04-16,M01,471,15.7,Morning,OP01,68.0,Due Soon,483
2025-01-16,M07,444,9.7,Night,OP11,61.9,Up to Date,451
2025-11-22,M06,475,12.4,Afternoon,OP08,83.3,Overdue,539
2025-11-07,M04,395,14.6,Morning,OP02,64.5,Up to Date,403
2025-07-25,M05,508,16.8,Afternoon,OP08,73.7,Up to Date,521
2025-07-31,M08,386,15.5,Afternoon,OP09,71.3,Up to Date,395
2025-08-27,M02,383,,Night,OP11,63.0,Up to Date,390
2025-02-19,M03,639,5.1,Morning,OP05,62.0,Up to Date,655
2025-09-15,M04,386,22.6,Afternoon,OP06,67.9,Up to Date,395
2025-12-05,M02,381,8.8,Night,OP11,58.5,Up to Date,385
26/01/2025,M03,595,22.0,Morning,OP04,63.2,Up to Date,605
2025-02-24,M02,403,19.1,Morning,OP02,57.8,Up to Date,411
2025-05-20,M01,426,47.4,Night,OP12,67.9,Due Soon,434
2025-03-30,M04,410,5.0,Morning,OP02,61.8,Up to Date,416
2025-03-21,M03,610,2.3,Night,OP14,65.3,Up to Date,624
2025-10-01,M02,396,21.2,Night,OP11,62.1,Up to Date,405
2025-02-06,M02,404,18.7,Morning,OP02,63.0,Up to Date,411
2025-09-11,M03,552,,Afternoon,,76.6,Overdue,578
2025-01-01,M06,560,11.9,Night,OP15,65.1,Up to Date,569
2025-01-12,M02,299,144.6,Night,OP11,59.1,Up to Date,306
2025-12-18,M04,393,20.5,Morning,OP01,60.7,Up to Date,400
2025-01-15,M05,506,9.5,Morning,OP04,63.1,Up to Date,518
2025-04-05,M03,602,10.0,Night,OP13,66.3,Due Soon,613
2025-11-13,M05,496,14.3,Afternoon,OP10,66.1,Up to Date,508
2025-01-20,M02,423,2.6,Afternoon,OP06,60.2,Up to Date,431
2025-03-11,M-02,385,16.2,Afternoon,OP06,63.3,Up to Date,393
2025-06-16,M06,584,17.3,Morning,OP05,67.9,Due Soon,592
2025-07-14,M01,400,92.2,Night,OP12,72.8,Up to Date,407
2025-05-08,M01,305,177.3, Morning ,OP01,70.5,Up to Date,310
2025-10-08,M02,401,15.9,Afternoon,OP06,,Up to Date,411
2025-11-30,M07,446,11.6,Afternoon,OP07,65.8,Up to Date,459
2025-12-14,M03,493,11.0,Night,OP15,75.3,Overdue,546
2025-07-25,M01,461,10.9,Afternoon,OP06,70.1,Up to Date,466
2025-06-23,M08,380,0.6,Night,OP13,69.8,Up to Date,389
2025-04-13,M06,576,39.2,Afternoon,OP08,63.7,Due Soon,582
2025-02-18,M04,404,19.0,Morning,OP02,67.5,Up to Date,407
2025-10-16,M06,380,126.4,Afternoon,OP09,76.4,Overdue,414
2025-08-13,M02,407,14.9,Afternoon,OP06,67.2,Due Soon,420
2025-01-16,M02,424,0.6,Afternoon,OP07,61.0,Up to Date,432
2025-10-02,M04,398,2.7,Afternoon,OP06,64.9,Up to Date,406
2025-10-11,M06,492,7.5,Night,OP14,75.9,Overdue,534
2025-12-02,M06,250,246.4,Morning,OP03,76.7,Overdue,279
2025-06-16,M07,423,10.9,morning,OP01,69.7,up to date,434
2025-08-29,M08,374,14.3,Afternoon,OP08,73.1,Up to Date,382
2025-01-01,M04,402,3.0,Morning,OP01,62.5,Up to Date,408
2025-05-14,M07,439,,Morning,OP01,66.0,Up to Date,448
2025-06-05,M06,594,11.5,Morning,OP03,66.0,Up to Date,608
2025-04-16,M08,354,31.1,Afternoon,OP10,66.5,Due Soon,360
2025-06-28,M07,347,105.4,Night,OP11,69.5,Due Soon,356
2025-10-03,M06,506,18.2,Morning,OP04,74.6,Overdue,549
2025-02-04,M-02,410,7.7,Afternoon,OP07,60.2,Up to Date,418
2025-10-27,M04,405,3.0,Night,OP11,60.8,Up to Date,410
2025-02-19,M07,446,11.9,Afternoon,OP06,68.8,Up to Date,459
2025-10-19,M03,558,11.0,Morning,OP05,74.5,Overdue,600
2025-02-08,M03,607,4.6,Night,OP14,64.7,Up to Date,615
2025-02-27,M03,586,16.2,Night,OP14,,Up to Date,599
2025-04-22,M01,460,17.8,Afternoon,OP06,69.0,Up to Date,474
2025-10-03,M05,508,6.3,Afternoon,OP10,70.2,Up to Date,517
2025-06-06,M03,586,6.9,Afternoon,OP08,72.1,Due Soon,597
2025-05-15,M03,586,20.1,Night,OP14,68.4,Up to Date,596
2025-12-10,M02,413,14.2,Afternoon,OP06,64.9,Due Soon,421
2025-06-10,M08,396,6.3,Morning,OP05,68.2,Up to Date,406
2025-10-06,M05,496,21.8,Afternoon,OP08,70.6,due soon,508
2025-06-26,M01,444,3.9,Night,OP12,69.2,Up to Date,456
2025-05-12,M02,433,14.7,Night,OP12,68.0,Due Soon,441
2025-05-26,M08,370,30.2,Morning,OP04,66.7,Up to Date,379
2025-07-03,M04,407,4.4,Afternoon,OP06,71.4,Up to Date,414
2025-06-28,M07,454,9.7,Afternoon,OP07,70.6,Due Soon,458
2025-04-07,M02,390,12.3,Night,OP11,63.2,Up to Date,397
2025-07-04,M06,575,3.0,Afternoon,OP08,69.3,Up to Date,590
2025-01-12,M03,629,12.1,Afternoon,OP08,,Up to Date,641
2025-02-14,M02,384,27.4,Night,OP12,,Up to Date,392
2025-02-08,M03,617,6.0,Afternoon,OP08,64.6,Up to Date,630
2025-04-18,M03,,15.0,Night,OP15,65.8,Up to Date,614
2025-07-14,M04,402,7.6,Afternoon,OP06,71.1,Due Soon,405
2025-11-28,M01,458,13.8,Afternoon,OP06,65.1,Up to Date,464
2025-09-17,M02,405,10.4,Morning,OP02,63.8,Up to Date,416
2025-01-26,M04,402,22.2,Night,OP12,,Up to Date,405
2025-11-29,M08,366,30.9,Morning,OP03,61.9,Up to Date,375
2025-03-15,M03,616,2.0,Afternoon,OP08,65.5,Up to Date,635
2025-08-11,M05,491,29.5,Afternoon,OP10,70.8,Due Soon,503
2025-06-26,M03,526,62.1,Night,OP15,74.1,Up to Date,537
2025-06-30,M05,479,8.8,Night,OP14,70.5,Up to Date,491
12/09/2025,M02,404,14.7,Afternoon,OP07,64.9,Due Soon,411
2025-11-22,M02,419,24.5,Afternoon,OP07,61.0,Up to Date,428
2025-06-12,M04,397,17.0,Morning,OP02,67.1,Due Soon,407
2025-02-23,M07,453,9.2,Morning,OP01,62.9,Up to Date,459
2025-03-05,M06,570,27.2,Afternoon,OP09,61.9,Up to Date,583
2025-01-26,M05,486,6.6,Morning,OP03,63.6,Up to Date,499
2025-07-31,M06,568,14.3,Afternoon,OP09,72.9,Overdue,581
2025-02-03,M03,596,25.3,Morning,OP04,66.5,Due Soon,605
18/08/2025,M06,556,18.7,Morning,OP05,75.7,Overdue,581
2025-03-13,M04,396,12.7,Afternoon,OP07,65.3,Due Soon,400
2025-12-08,M07,417,23.2,Night,OP12,59.0,Up to Date,429
2025-11-13,M02,388,, Night ,OP11,58.9,Due Soon,398
2025-06-01,M04,399,9.9,Morning,OP01,64.6,Up to Date,409
2025-02-25,M03,595,25.9,Morning,OP03,,Up to Date,614
2025-01-19,M04,403,15.2,Night,OP12,61.0,Up to Date,413
2025-02-24,M05,487,10.8,Afternoon,OP10,64.6,Up to Date,505
2025-11-27,M05,483,24.8,Night,OP14,63.5,Up to Date,494
2025-07-10,M01,449,4.1,Night,OP11,71.6,Up to Date,464
2025-05-09,M05,480,20.5,Afternoon,OP10,71.6,Up to Date,490
2025-02-15,M07,427,2.1,Night,OP12,61.7,Up to Date,435
2025-03-22,M08,358,2.0,Night,OP14,61.8,Up to Date,364
2025-09-01,M06,572,1.3,Morning,OP05,74.6,Overdue,598
2025-05-22,M03,554,2.6,Night,OP15,70.0,Up to Date,565
2025-07-24,M04,359,20.5,Night,OP11,69.1,Up to Date,365
2025-04-01,M04,383,11.1,Morning,OP01,62.9,Up to Date,396
2025-05-31,M04,415,8.5,Afternoon,OP06,70.2,Up to Date,422
2025-09-05,M02,426,4.8,Morning,OP02,68.0,Up to Date,432
2025-05-17,M-01,456,10.2,Afternoon,OP07,70.4,Due Soon,464
2025-04-22,M05,496,29.0,Afternoon,OP10,66.8,Up to Date,505
2025-02-24,M06,567,19.0,Night,OP14,62.9,Up to Date,574
2025-01-11,M02,417,19.7,Afternoon,OP07,61.8,Up to Date,421
2025-04-04,M04,405,13.9,Morning,OP01,64.6,Up to Date,408
2025-09-06,M05,496,17.5,Afternoon,OP09,74.3,Overdue,506
2025-12-05,M03,487,38.8,Morning,OP04,,Overdue,551
2025-02-10,M03,640,1.7,Afternoon,OP09,66.8,Up to Date,651
2025-01-28,M05,488,6.5,Night,OP14,64.7,Up to Date,496
2025-09-15,M-02,291,158.4,Morning,OP01,62.6,In Progress,295
2025-04-24,M05,509,20.5,Afternoon,OP09,71.6,Up to Date,524
2025-04-10,M07,438,18.0,Night,OP11,65.9,Up to Date,443
2025-10-01,M04,393,6.3,Night,OP11,66.6,Up to Date,404
2025-09-22,M03,522,28.3,Afternoon,OP08,78.5,Overdue,557
2025-06-26,M04,343,49.2,Afternoon,OP07,72.1,Up to Date,351
2025-12-22,M06,468,22.1,Afternoon,OP09,77.6,Overdue,523
2025-06-16,M03,599,22.8,Afternoon,OP08,70.3,Up to Date,610
2025-06-25,M01,464,4.9,Afternoon,OP06,72.3,Up to Date,473
2025-05-08,M02,422,10.3,Afternoon,OP07,67.6,Up to Date,429
2025-04-10,M05,515,4.3,Night,OP13,67.4,Due Soon,523
2025-04-06,M02,389,23.9,Night,OP11,62.5,Up to Date,395
2025-05-07,M01,460,12.9,Afternoon,OP07,70.5,Up to Date,472
2025-07-25,M04,409,24.8,Afternoon,OP07,68.9,Up to Date,418
2025-09-24,M07,406,21.2,Night,OP11,65.0,Up to Date,418
2025-08-03,M08,396,5.8,Morning,OP03,68.4,Up to Date,401
2025-07-06,M01,462,7.2,Morning,OP02,69.5,Up to Date,471
2025-10-06,M06,518,10.6,Night,OP14,75.4,Overdue,561
2025-02-11,M07,438,17.3,Afternoon,OP07,62.4,Up to Date,445
13/11/2025,M08,362,15.1, Night ,OP14,65.3,Up to Date,372
2025-05-16,M08,384,8.8,Afternoon,OP09,71.9,Due Soon,392
2025-04-12,M03,646,4.1,Afternoon,OP09,69.9,Up to Date,657
2025-07-07,M03,599,18.7,Afternoon,OP10,75.2,Due Soon,617
21/12/2025,M03,500,5.2,Afternoon,OP10,78.0,Overdue,553
2025-11-02,M01,442,31.5,Afternoon,OP06,66.9,Up to Date,455
2025-07-22,M04,383,8.2,Night,OP11,66.4,Up to Date,396
2025-04-13,M02,449,2.0,Afternoon,OP06,61.5,Up to Date,458
2025-01-12,M06,572,11.6,Morning,OP05,64.1,Up to Date,583
2025-11-24,M08,340,33.5,Night,OP14,67.3,Up to Date,349
2025-08-06,M04,387,,Night,OP12,70.8,Up to Date,395
2025-10-26,M08,390,12.3,Morning,OP04,67.9,Up to Date,399
2025-09-28,M05,521,9.1,Morning,OP03,,Up to Date,533
2025-03-29,M07,439,10.0,Morning,OP01,67.3,Due Soon,449
2025-06-18,M05,500,10.4,Morning,OP04,68.6,Up to Date,512
2025-12-29,M02,428,8.7,AFTERNOON,OP07,60.1,Up to Date,443
2025-05-05,M02,425,8.3,Night,OP11,62.3,Up to Date,434
2025-05-10,M02,408,21.0,Morning,OP02,65.4,Up to Date,417
2025-01-05,M06,587,16.0,Afternoon,OP09,62.2,Up to Date,601
2025-06-30,M01,451,10.7,Afternoon,OP06,71.7,Up to Date,458
2025-02-16,M07,439,15.4,Morning,OP02,62.5,Up to Date,446
2025-01-06,M01,359,101.9,Night,OP11,61.5,Up to Date,368
2025-11-15,M08,367,13.1,Night,OP14,65.1,Due Soon,373
2025-11-11,M03,266,239.1,Night,OP13,75.5,Overdue,290
2025-05-05,M04,421,12.5,Afternoon,OP06,66.0,Up to Date,423
2025-09-15,M08,379,6.6,Afternoon,OP10,71.4,Due Soon,384
2025-08-27,M03,574,23.3,Afternoon,OP08,71.9,Overdue,592
2025-06-13,M01,464,8.4,Afternoon,OP07,68.9,Up to Date,475
2025-07-20,M01,462,29.9,Morning,OP02,69.5,Due Soon,471
2025-08-08,M04,408,2.3,Afternoon,OP06,69.5,Up to Date,420
2025-04-02,M01,462,5.3,Morning,OP01,64.1,Up to Date,475
18/06/2025,M04,381,20.0,Night,OP12,70.2,Up to Date,388
2025-08-03,M07,424,20.1,Afternoon,OP07,69.7,Up to Date,432
2025-09-12,M06,530,10.7,Night,OP13,80.2,Overdue,564
2025-03-20,M08,390,11.0,Morning,OP05,66.1,Up to Date,396
2025-05-24,M02,419,20.3,Morning,OP01,64.9,Up to Date,424
2025-01-21,M02,390,12.2,Night,OP11,57.1,Up to Date,400
2025-11-30,M08,354,16.7,Night,OP13,64.4,Up to Date,361
2025-04-24,M08,388,15.1,Night,OP14,65.5,Up to Date,393
2025-10-07,M02,406,15.7,Morning,OP01,62.2,Up to Date,414
01/05/2025,M03,625,22.5,Morning,OP04,67.4,Up to Date,635
2025-12-12,M02,385,23.1,Night,OP12,60.8,Due Soon,395
2025-04-30,M02,363,58.3,Night,OP11,65.3,Up to Date,369
2025-11-25,M08,367,10.7,Night,OP14,63.6,Up to Date,379
2025-04-06,M08,346,30.3,Afternoon,OP09,65.4,Up to Date,352
2025-09-11,M04,379,22.5,Afternoon,OP06,67.8,Up to Date,387
2025-01-05,M08,341,24.2,Night,OP14,65.1,Up to Date,347
2025-04-18,M04,406,12.9,Afternoon,OP06,64.7,Up to Date,411
2025-03-14,M06,597,2.7,Morning,OP05,65.7,Up to Date,608
2025-09-25,M07,429,30.6,Night,OP11,68.7,Up to Date,435
2025-07-14,M08,369,11.3,Afternoon,OP09,76.1,Due Soon,379
2025-07-16,M02,425,3.1,Morning,OP02,67.5,Up to Date,432
2025-04-07,M07,440,13.5,Night,OP11,61.9,Up to Date,447
2025-07-10,M02,398,25.4,Afternoon,OP06,71.6,Due Soon,406
2025-12-14,M05,514,10.1,Morning,OP05,62.3,Due Soon,524
2025-08-28,M01,490,0.4,Afternoon,OP06,70.7,Up to Date,497
2025-07-04,M08,354,24.9,Afternoon,OP08,71.5,Up to Date,364
2025-05-17,M02,444,6.7,Morning,OP01,63.8,Up to Date,451
2025-07-16,M04,375,29.5,Morning,OP02,71.5,Up to Date,388
2025-01-10,M07,435,23.6,Morning,OP02,62.2,Up to Date,441
16/06/2025,M08,361,,Night,OP14,70.8,Due Soon,370
2025-04-30,M07,426,25.7,Afternoon,OP06,65.1,Due Soon,434
2025-12-10,m06,472,6.1,Afternoon,OP08,81.3,Overdue,533
2025-12-12,M02,246,193.8,Morning,OP02,58.1,Due Soon,253
2025-07-31,M05,516,7.9,Morning,OP03,68.0,Up to Date,521
2025-06-08,M01,266,202.7,Night,OP11,68.7,Up to Date,269
2025-08-23,M06,518,5.6,Night,OP15,72.2,Overdue,542
2025-12-18,M02,420,17.2,Night,OP12,57.6,Up to Date,431
2025-06-24,M02,409,4.5,Morning,OP01,65.4,Up to Date,417
2025-01-19,M02,399,16.2,Afternoon,OP06,58.4,Up to Date,409
2025-08-04,M01,438,24.9,Afternoon,OP07,72.7,Up to Date,447
21/08/2025,M07,412,34.1,Morning,OP01,70.9,Up to Date,420
2025-08-29,M06,566,15.5,Afternoon,OP09,76.5,Overdue,592
2025-09-14,M03,569,7.9,Afternoon,OP10,76.6,Overdue,598
2025-09-16,M06,523,7.8,Afternoon,OP08,76.4,Overdue,555
2025-08-13,M08,369,15.9,Night,OP13,68.8,Due Soon,378
2025-04-09,M07,436,2.6,Afternoon,OP06,68.8,Up to Date,438
2025-07-02,M06,590,10.1,Morning,OP05,70.6,Up to Date,608
2025-09-05,M07,402,32.6,Night,OP11,,Up to Date,410
2025-10-15,M04,377,15.9,Night,OP11,65.3,Up to Date,385
2025-03-13,M05,527,5.8,Morning,OP04,61.6,Due Soon,537
2025-12-28,M03,334,154.7,Morning,OP04,76.8,Overdue,372
2025-06-27,M04,380,17.6,Night,OP12,,Up to Date,383
2025-03-18,M03,617,12.1,Afternoon,OP09,-40.0,Up to Date,626
2025-12-18,M05,530,9.1,Afternoon,OP09,66.3,Overdue,537
2025-07-29,M01,465,8.4,Morning,OP01,72.7,Up to Date,472
2025-10-30,M03,482,30.6,Morning,OP05,76.2,Overdue,530
2025-07-21,M08,382,8.5,Afternoon,OP08,70.8,Up to Date,390
2025-12-28,M05,475,3.1,Night,OP14,63.9,Overdue,490
2025-05-05,M05,517,2.6,Afternoon,OP10,69.4,Up to Date,532
2025-11-18,M08,383,4.8,Afternoon,OP10,64.1,Due Soon,388
2025-02-07,M06,580,12.7,night,OP15,63.2,Up to Date,594
2025-05-29,M05,501,10.3,Night,OP13,68.6,Up to Date,513
2025-01-07,M04,388,29.5, Morning ,OP02,60.4,Up to Date,395
2025-11-10,M01,459,1.1,Night,OP12,62.7,Up to Date,471
2025-03-07,M04,397,15.3,Afternoon,OP06,63.6,Up to Date,407
2025-11-23,M06,312,184.2,Afternoon,OP09,77.5,Overdue,348
2025-02-25,M06,582,9.7,Night,OP13,63.9,Up to Date,604
2025-08-30,M03,572,18.7,Afternoon,OP08,73.6,Overdue,591
2025-11-08,M02,407,9.4,Afternoon,OP06,64.8,Due Soon,419
2025-08-20,M04,371,11.3,Night,OP11,68.7,Up to Date,377
2025-03-04,M04,403,5.9,Afternoon,OP06,62.6,Up to Date,410
2025-11-15,M05,510,16.2,Afternoon,OP10,67.9,Up to Date,521
2025-04-10,M07,447,3.7,Morning,OP01,66.3,Up to Date,458
2025-01-05,M06,575,16.7,Morning,OP04,62.4,Up to Date,584
2025-03-27,M07,425,9.7,Night,OP12,61.3,Up to Date,433
2025-01-22,M07,368,86.2,Afternoon,OP06,63.6,Up to Date,380
2025-08-27,M02,409,6.1,Morning,OP02,64.8,Up to Date,414
2025-06-23,M04,389,5.7,Night,OP11,70.2,Up to Date,398
2025-04-22,M01,437,22.8,Morning,OP02,67.8,Up to Date,446
2025-07-20,M05,486,28.0,Afternoon,OP10,69.0,Up to Date,499
2025-09-08,M03,568,4.2,Afternoon,,74.7,Overdue,590
2025-09-24,M05,505,19.0,Morning,OP04,69.4,Up to Date,515
2025-02-07,M03,629,15.4,Morning,OP03,65.3,Due Soon,641
2025-09-26,M03,594,4.1,Afternoon,OP09,75.7,Overdue,621
2025-12-21,M02,444,4.9,Morning,OP01,59.6,Up to Date,454
2025-08-03,M07,414,21.2,Night,OP12,67.2,Up to Date,420
2025-04-30,M07,444,5.4,Night,OP11,63.9,Due Soon,450
08/06/2025,M06,574,9.9,Afternoon,OP09,69.0,Up to Date,586
2025-08-06,M07,445,2.5,Morning,OP01,68.1,Up to Date,454
2025-06-10,M07,423,2.9,Afternoon,OP07,68.8,Up to Date,432
2025-04-18,m02,382,22.6,Night,OP12,62.8,Up to Date,393
2025-03-30,M02,417,7.8,Afternoon,OP07,64.2,Up to Date,426
2025-09-13,M04,400,3.5,Night,OP12,68.4,Up to Date,405
2025-05-07,M04,388,18.6,Night,OP12,61.2,Due Soon,396
2025-03-03,M01,456,11.7,Morning,OP01,59.7,Up to Date,466
2025-04-23,M04,411,0.5,Afternoon,OP07,65.6,Up to Date,421
2025-06-10,M02,421,11.6,Night,OP12,68.2,Due Soon,433
2025-07-16,M07,433,5.5,Afternoon,OP06,69.1,Up to Date,440
2025-11-27,M08,383,16.8,Afternoon,OP10,65.3,Up to Date,391
02/12/2025,M07,431,10.4,MORNING,OP02,60.7,Up to Date,441
2025-10-20,M05,520,6.9,Morning,OP05,69.4,Overdue,539
2025-10-19,M03,525,9.9,Night,OP14,78.9,Overdue,568
2025-03-08,M05,496,7.3,Night,OP15,61.0,Up to Date,506
2025-09-23,M06,493,17.6,Night,OP15,75.3,Overdue,528
2025-03-19,M02,417,8.8,Morning,OP02,62.3,Due Soon,426
2025-03-09,M06,535,25.5,Night,OP15,64.4,Up to Date,550
2025-12-09,M06,478,21.4,Afternoon,OP08,77.4,Overdue,534
2025-02-16,M08,390,9.5,Afternoon,OP10,65.9,Up to Date,395
2025-01-29,M05,480,12.1,Night,OP15,61.3,Up to Date,490
2025-04-16,M01,422,14.6,Night,OP11,69.1,Due Soon,433
2025-06-11,M01,459,20.9,Afternoon,OP06,71.9,Up to Date,465
2025-02-11,M04,362,31.4,Night,OP11,63.8,Due Soon,371
2025-03-15,M02,410,5.4,Afternoon,OP07,64.7,Up to Date,420
2025-12-21,M04,384,21.3,Morning,OP02,63.2,Up to Date,392
2025-06-20,M06,573,18.0,Afternoon,OP09,70.8,Up to Date,585
2025-07-09,M03,564,41.3,Night,OP14,75.3,Due Soon,575
2025-08-17,M06,594,0.4,Afternoon,OP09,76.2,Overdue,620
2025-11-12,M04,403,9.7,Afternoon,OP06,63.4,Due Soon,407
2025-07-25,M03,573,15.7,Night,OP13,70.9,Up to Date,589
18/09/2025,M05,526,8.9,Night,OP14,67.3,Up to Date,538
2025-10-20,M03,554,1.6,Morning,OP04,75.2,Overdue,598
2025-08-27,M01,464,12.9,Morning,OP02,68.1,Up to Date,475
2025-08-15,M07,439,4.6,Morning,OP02,68.6,Up to Date,449
2025-05-03,M02,412,2.5,Morning,OP01,66.8,Up to Date,423
2025-03-21,M06,561,15.9,Afternoon,OP08,64.2,Up to Date,572
2025-06-28,M02,413,7.4,Night,OP11,65.9,Up to Date,425
2025-11-11,M06,482,26.5,Morning,OP05,76.4,Overdue,532
2025-10-09,M04,374,14.7,Afternoon,OP06,68.7,Due Soon,381
2025-03-26,M08,371,12.6,Night,OP14,60.5,Up to Date,380
2025-11-03,M06,267,233.7,Morning,OP05,78.8,Overdue,294
2025-02-05,M02,444,6.0,Night,OP12,61.1,Up to Date,449
2025-12-17,M05,508,13.3,Morning,OP05,58.6,Overdue,517
2025-01-24,M04,383,17.8,Afternoon,OP07,62.2,Up to Date,393
2025-04-11,M01,449,22.7,Morning,OP01,64.9,Up to Date,456
2025-08-27,M04,386,,Night,OP11,64.5,Up to Date,395
29/04/2025,M02,426,9.7,Afternoon,OP07,64.4,Up to Date,433
2025-03-26,M01,447,23.4,morning,OP02,65.9,Up to Date,453
2025-03-15,M08,259,160.4,Afternoon,OP10,64.6,Due Soon,265
2025-12-07,M01,475,7.4,Night,OP11,62.7,Up to Date,478
2025-03-11,M06,569,20.2,Night,OP13,67.1,Up to Date,580
2025-07-19,M07,454,6.5,Afternoon,OP06,70.4,Up to Date,465
2025-01-20,M07,441,3.6,Morning,OP01,59.8,Up to Date,452
2025-10-09,M05,512,15.0,Morning,OP05,67.8,Due Soon,522
2025-04-06,M05,515,10.4,Morning,OP05,66.7,Up to Date,524
2025-02-17,M02,392,33.7,Night,OP12,60.4,Up to Date,403
17/08/2025,M05,478,46.3,morning,OP05,71.7,Due Soon,489
2025-10-07,M08,382,14.7,Afternoon,OP08,68.7,Up to Date,391
2025-11-23,M06,307,184.6,morning,OP03,78.3,Overdue,343
2025-08-08,M01,457,4.5,Night,OP12,70.6,Up to Date,463
2025-05-06,M05,474,25.4,Night,OP13,68.4,Up to Date,487
2025-08-31,M06 ,517,21.3,Morning,OP05,76.3,Overdue,555
2025-11-24,M06,373,90.8,Night,OP15,77.1,Overdue,417
2025-10-17,M08,398,8.0,Afternoon,OP09,64.9,Due Soon,405
2025-10-30,M07,436,5.8,Morning,OP02,61.2,Up to Date,444
2025-10-29,M03,480,33.8,Night,OP14,77.8,Overdue,531
2025-05-03,M05,519,8.9,Afternoon,OP09,69.2,Up to Date,533
2025-06-03,M06,547,17.9,Night,OP15,69.9,Up to Date,557
2025-04-01,M01,472,2.0,Morning,OP02,62.1,Up to Date,483
2025-01-09,M02,435,5.7,Afternoon,OP07,62.3,Up to Date,443
2025-11-25,M06,310,175.0,Night,OP15,74.2,Overdue,343
2025-06-03,M03,595,12.3,Night,OP13,71.6,Due Soon,611
2025-04-22,M02,428,4.8,Morning,OP01,62.6,Up to Date,437
2025-06-09,M03,571,20.5,Afternoon,OP08,72.1,Up to Date,584
2025-10-21,M06,479,8.7,Night,OP13,72.7,Overdue,519
2025-04-17,M01,468,8.1,Night,OP12,66.5,Due Soon,478
2025-07-24,M05,491,9.6,Night,OP14,69.8,Up to Date,505
2025-01-16,M07,431,4.7,Afternoon,OP07,60.2,Up to Date,440
2025-01-23,M05,507,9.0,Afternoon,OP09,65.1,Up to Date,518
2025-12-28,M07,439,7.8,Night,OP12,61.5,Due Soon,444
2025-10-03,M02,419,7.6,Afternoon,OP07,66.9,Up to Date,430
2025-02-11,M02,388,38.8,Night,OP12,58.1,Up to Date,395
2025-07-17,M02,410,13.4,Morning,OP02,67.5,Up to Date,417
2025-04-18,M02,399,23.4,Afternoon,OP06,65.1,Up to Date,410
2025-05-30,M04,383,25.2,Morning,OP02,69.2,Up to Date,394
2025-02-27,M06 ,587,22.6,Afternoon,OP09,63.5,Up to Date,598
2025-04-12,M08,368,4.3,Night,OP14,68.6,Due Soon,377
2025-09-23,M01,474,2.3,Morning,OP02,70.7,Up to Date,484
2025-08-04,M06,401,143.0,Afternoon,OP09,69.3,Overdue,414
2025-08-30,M03,580,11.5,Morning,OP03,72.4,Overdue,600
2025-09-11,M05,487,11.7,afternoon,OP08,70.1,Up to Date,499
2025-08-10,M01,424,6.1,Afternoon,OP06,70.8,Up to Date,434
2025-03-04,M07,425,20.9,Morning,OP02,63.0,Up to Date,432
2025-05-16,M05,475,7.5,Night,OP14,65.6,Up to Date,486
2025-01-17,M08,385,10.5,Morning,OP05,63.7,Up to Date,395
2025-01-13,M06,611,9.1,Afternoon,OP09,60.9,Up to Date,621
2025-08-19,M01,462,6.1,Afternoon,OP06,72.7,Up to Date,471
2025-10-27,M03,511,23.4,Night,OP14,73.6,Overdue,557
2025-04-20,M05,536,,Afternoon,OP09,64.8,Up to Date,545
2025-07-05,M04,384,14.4,Night,OP12,65.4,Up to Date,395
2025-04-24,M06,585,16.2,Night,OP14,65.0,Up to Date,601
2025-10-18,M06,478,36.2,Morning,OP04,77.7,Overdue,522
2025-02-26,M02,429,5.3,Afternoon,OP06,58.8,Up to Date,441
2025-07-03,M03,637,5.3,Morning,OP03,70.0,Due Soon,654
2025-01-13,M01,482,5.0,Afternoon,OP07,63.3,Due Soon,491
2025-08-04,M05,495,25.4,Morning,OP03,71.6,Up to Date,498
2025-11-05,M04,388,22.4,Morning,OP02,64.2,Up to Date,395
18/01/2025,M08,352,19.4,Afternoon,OP09,61.5,Up to Date,360
2025-09-25,M07,450,3.8,Morning,OP01,66.3,Up to Date,462
2025-10-05,M03,339,188.2,Morning,,73.8,Overdue,364
2025-08-15,M04,272,167.9,Morning,OP02,67.5,In Progress,274
2025-01-08,M06,618,10.9,Morning,OP05,64.2,Up to Date,627
2025-07-15,M07,443,6.2,Afternoon,OP06,70.3,Up to Date,455
2025-01-18,M02,419,18.3,Afternoon,OP06,58.7,Up to Date,424
2025-02-22,M08,386,9.5,Night,OP14,63.8,Up to Date,392
2025-12-24,M08,375,8.0,Morning,OP03,65.2,Up to Date,385
2025-12-26,M02,411,2.9,Night,OP12,59.0,Up to Date,420
2025-10-29,M02,373,38.3,Afternoon,OP06,63.0,Up to Date,383
2025-09-13,M06,520,10.2,Afternoon,OP09,74.4,Overdue,555
2025-12-27,M06,306,179.3,Afternoon,OP08,78.8,Overdue,342
2025-04-28,M02,403,7.1,Night,OP11,62.9,Up to Date,413
2025-10-20,M08,342,37.1,Afternoon,OP09,68.1,Up to Date,352
2025-08-12,M03,603,6.6,Morning,OP03,71.9,Due Soon,616
2025-01-19,M03,610,2.6,Night,OP15,63.7,Up to Date,625
2025-01-11,M06,619,6.6,Morning,OP03,62.1,Up to Date,631
2025-11-05,M07,421,17.2,Afternoon,OP06,65.0,Up to Date,429
2025-11-14,M05,527,7.8,Afternoon,OP08,66.3,Up to Date,533
2025-04-15,M02,374,50.5,Afternoon,OP07,63.4,Due Soon,383
2025-05-11,M01,467,9.7,Afternoon,OP07,65.3,Up to Date,479
2025-01-21,M04,403,28.4,Morning,OP02,60.8,Up to Date,411
2025-01-15,M01,465,12.0,Night,OP12,61.6,Due Soon,473
2025-10-02,M04,370,26.8,Morning,OP01,,up to date,377
2025-12-11,M01,445,10.0,Morning,OP01,63.5,Up to Date,457
2025-09-17,M04,389,5.2,Morning,OP01,70.0,Up to Date,397
2025-05-04,M08,352,50.9,Afternoon,OP10,70.0,Up to Date,358
2025-02-07,M05,518,2.9,Afternoon,OP09,65.1,Up to Date,525
2025-08-22,M02,408,11.0,Night,OP12,67.2,Up to Date,415
2025-10-12,M06,386,127.1,Morning,OP03,76.6,Overdue,420
2025-10-11,M05,470,36.0,Morning,OP04,65.6,Due Soon,478
2025-11-07,M08,375,19.3,Morning,OP03,65.4,Up to Date,381
2025-08-19,M02,431,13.0,Afternoon,OP06,69.8,Up to Date,439
2025-08-13,M01,438,32.1,Night,OP11,67.8,Up to Date,443
30/09/2025,M08,403,5.9,Afternoon,OP09,65.8,Up to Date,407
2025-11-01,M03,527,17.2,Night,OP14,78.8,overdue,574
2025-01-29,M02,407,13.2,Night,OP12,56.8,Up to Date,413
08/02/2025,M04,380,19.8,Morning,OP02,58.6,Up to Date,390
2025-01-26,M05,505,9.3,Afternoon,OP08,64.5,Up to Date,516
2025-02-24,M02,405,14.1,Afternoon,OP07,59.7,Up to Date,412
2025-05-18,M06,368,197.1,Morning,OP04,69.3,In Progress,372
2025-11-29,M06,331,132.9,Night,OP15,79.1,Overdue,371
2025-05-09,M03,626,15.1,Morning,OP04,,Up to Date,639
2025-09-03,M04,395,6.7,Night,OP11,67.2,Up to Date,405
2025-08-22,M02,420,7.3,Afternoon,OP07,66.7,Up to Date,432
2025-03-25,M06,607,8.5,Morning,OP04,,Up to Date,623
2025-05-30,M08,393,5.4,Morning,OP03,67.5,Up to Date,401
2025-02-23,M08,382,10.6,Afternoon,OP10,65.3,Up to Date,390
2025-09-02,M06,542,10.6,Morning,OP03,74.0,Overdue,571
2025-10-07,M04,409,9.7,Morning,OP01,64.7,Due Soon,414
2025-04-06,M02,418,10.8,Afternoon,OP07,63.4,Up to Date,426
2025-01-02,M01,440,13.4,Night,OP12,66.5,Up to Date,449
2025-10-29,M05,500,5.1,Morning,OP03,64.6,Overdue,516
2025-04-21,M02,404,20.1,Night,OP12,63.3,Up to Date,409
2025-04-30,M04,387,12.2,Night,OP11,64.4,Up to Date,391
2025-07-19,M07,408,13.0,morning,OP01,68.3,Up to Date,418
2025-12-25,M02,408,16.2,Morning,OP02,61.6,Up to Date,411
2025-10-22,M01,463,9.4,Night,OP11,64.9,Up to Date,468
2025-10-03,M01,472,3.0,Night,OP11,68.1,Up to Date,483
2025-10-15,M07,435,6.4,night,OP12,64.3,Up to Date,451
2025-07-26,M05,502,29.5,Afternoon,OP09,72.4,Up to Date,509
2025-06-29,M01,439,25.1, Morning ,OP01,72.1,Up to Date,451
2025-10-08,M03,531,22.5,Afternoon,OP10,75.0,Overdue,559
2025-11-06,M04,381,15.9,Morning,OP02,61.1,Up to Date,391
2025-10-06,M05,302,191.3,Night,OP13,69.7,Due Soon,308
2025-02-10,M02,399,20.2,Morning,OP01,58.9,Up to Date,405
2025-05-15,M04,396,3.6,Afternoon,OP06,66.8,Up to Date,403
2025-08-05,M05,469,41.2,Afternoon,OP10,68.8,Up to Date,475
2025-05-03,M03,603,9.2,Night,OP15,65.4,Due Soon,611
2025-08-15,M07,429,13.1,Afternoon,OP07,70.9,Up to Date,443
2025-10-04,M03,543,7.5,Afternoon,OP09,77.4,Overdue,585
2025-10-20,M05,480,10.8,Night,OP14,68.1,Overdue,494
2025-04-21,M01,441,11.5,Afternoon,OP06,67.5,Up to Date,450
2025-11-06,M02,315,102.8,Morning,OP02,61.8,Up to Date,322
2025-04-11,M01,488,2.2,Afternoon,OP07,67.7,Up to Date,493
2025-12-02,M02,294,132.5,Night,OP12,60.1,Up to Date,300
2025-05-25,M08,385,6.4,Afternoon,OP08,70.9,Up to Date,391
2025-06-01,M08,378,14.4,Afternoon,OP10,67.5,Up to Date,385
2025-06-06,M06,600,22.5,Afternoon,OP09,70.1,Up to Date,616
29/05/2025,M05,522,5.7,Morning,OP04,69.8,Up to Date,531
2025-08-13,M07,432,17.1,Night,OP11,67.0,Up to Date,440
2025-01-04,M08,371,16.8,Night,OP15,65.7,Up to Date,381
2025-03-02,M02,389,4.9,Morning,OP01,57.5,Up to Date,398
2025-11-12,M03,537,19.4,Morning,OP03,76.2,Overdue,588
2025-01-16,M05,498,9.5,Night,OP15,61.3,Up to Date,512
2025-02-25,M08,367,29.4,Afternoon,OP10,63.5,Up to Date,373
2025-01-07,M06,588,10.9,Afternoon,OP10,,Up to Date,595
2025-04-16,M05,490,10.9,Afternoon,OP08,68.0,Up to Date,495
2025-01-29,M01,443,14.5,Afternoon,OP06,64.7,Up to Date,453
2025-10-03,M05,510,14.8,Morning,OP05,70.6,Up to Date,524
2025-07-25,M08,408,6.8,Morning,OP05,,Up to Date,417
2025-09-14,M04,405,8.6,Morning,OP01,71.1,Up to Date,410
2025-02-14,M01,433,24.8,Afternoon,OP06,66.4,Up to Date,436
2025-05-25,M01,471,5.3,Morning,OP02,70.3,Up to Date,486
2025-12-13,M04,406,5.7,Morning,OP02,61.9,Due Soon,413
2025-05-10,M07,454,3.2,Morning,,67.6,Up to Date,464
2025-05-18,M04,394,10.6,Morning,OP01,66.7,Up to Date,403
2025-04-25,M06,598,6.0,Morning,OP03,63.8,Up to Date,606
2025-04-13,M02,396,35.1,Morning,OP02,60.8,Up to Date,404
29/07/2025,M05,490,23.2,Night,OP13,,Up to Date,495
2025-03-06,M07,432,13.0,Night,OP11,,Up to Date,441
2025-12-14,M02,416,20.3,Morning,OP01,61.7,Due Soon,426
2025-01-25,M07,437,14.5,Morning,OP01,60.4,Up to Date,446
2025-06-21,M01,450,19.1,Morning,OP01,71.0,Due Soon,454
2025-04-16,M02,430,13.9,Afternoon,OP07,64.0,Due Soon,440
2025-05-15,M04,387,14.5,Morning,OP01,62.5,Up to Date,393
2025-11-21,M02,427,12.1,Morning,OP02,62.2,Up to Date,436
2025-05-29,M07,416,14.9,Night,OP11,68.7,Up to Date,423
2025-09-15,M06,523,22.1,Afternoon,OP10,78.6,Overdue,570
2025-05-13,M01,448,9.1,Morning,OP02,71.2,Due Soon,461
2025-11-17,M01,438,6.5,Morning,OP01,64.8,Due Soon,449
2025-04-14,M03,555,42.4,Afternoon,OP09,69.2,Up to Date,569
2025-09-17,M03,413,151.7, Morning ,OP05,73.8,Overdue,431
2025-09-13,M04,400,3.5,Night,OP12,68.4,Up to Date,405
2025-11-11,M06,461,8.1,Night,OP13,77.2,Overdue,515
2025-05-29,M03,600,19.2,Morning,OP05,66.6,Up to Date,615
2025-08-10,M01,464,1.0,Morning,OP01,67.9,Up to Date,474
2025-02-27,M01,454,14.5,Night,OP11,65.2,Up to Date,466
2025-11-28,M02,409,20.0,Morning,OP01,58.9,Up to Date,416
2025-09-26,M02,392,13.0,Night,OP12,65.1,Up to Date,401
2025-05-19,M04,379,11.6,Night,OP12,64.6,Up to Date,388
2025-03-09,M05,493,36.1,Morning,OP03,63.5,Up to Date,503
2025-04-30,M03,635,4.1,Morning,OP03,66.7,Up to Date,647
2025-02-11,M01,457,18.7,Morning,OP02,61.7,Up to Date,468
2025-03-23,M07,440,15.2,Morning,OP02,64.0,Up to Date,451
2025-05-11,M04,,54.4,Afternoon,OP07,68.4,Due Soon,376
2025-10-08,M03,552,18.7,Night,OP14,77.1,Overdue,590
2025-07-22,M01,429,20.1,Night,OP11,69.6,Up to Date,443
2025-12-10,M04,374,6.6,Morning,OP01,60.8,Due Soon,379
2025-03-06,M02,413,6.2,Afternoon,OP07,60.3,Up to Date,427
2025-07-26,M07,418,29.6,Afternoon,OP06,72.5,Due Soon,427
2025-08-29,M03,584,26.6,Afternoon,OP08,75.0,Overdue,605
2025-08-06,M03,615,14.5,Morning,OP04,71.0,Due Soon,622
2025-04-10,M02,383,39.8,Afternoon,OP06,66.0,Up to Date,390
2025-10-15,M07,443,3.6,Afternoon,OP07,65.1,Up to Date,449
27/09/2025,M02,389,30.4,Night,OP11,64.9,Up to Date,398
2025-06-21,M02,397,36.3,Morning,OP02,64.2,Up to Date,408
2025-02-24,M08,349,22.4,Night,OP15,61.6,Up to Date,362
2025-01-05,M05,478,15.3,Night,OP14,61.8,Up to Date,490
2025-12-05,M05,495,19.5,Night,OP14,62.9,Due Soon,504
2025-06-24,M05,513,9.4,Morning,OP03,69.5,Up to Date,521
2025-10-21,M08,351,28.1,Afternoon,OP09,66.7,Up to Date,358
2025-07-10,M02,420,10.1,Morning,OP02,67.5,Due Soon,432
2025-06-11,M07,428,1.4,Night,OP12,67.4,Up to Date,439
2025-08-01,M02,443,2.8,Night,OP12,63.1,Up to Date,449
2025-07-13,M08,392,5.9,Afternoon,OP09,72.6,Due Soon,402
2025-01-02,M03,613,9.4,Afternoon,OP08,62.9,Up to Date,627
2025-06-23,M06,570,19.3,Afternoon,OP08,72.7,Up to Date,577
2025-09-21,M01,456,6.0,Night,OP11,69.3,Up to Date,462
2025-10-29,M08,,16.8,Afternoon,OP09,68.3,Up to Date,388
2025-11-30,M02,402,30.7,Morning,OP01,59.8,Up to Date,411
2025-11-20,M04,397,26.2,Afternoon,OP07,65.6,Up to Date,403
2025-06-20,M06,583,2.8,Night,OP13,69.3,Up to Date,590
2025-04-02,M02,404,26.3,Night,OP12,58.9,Up to Date,413
2025-02-14,M02,408,19.5,Morning,OP02,61.6,Up to Date,419
2025-12-26,M08,384,18.9,Morning,OP05,62.7,Up to Date,389
2025-04-04,M04,397,3.0,Afternoon,OP06,64.8,Up to Date,404
2025-11-06,M05,385,123.4,Morning,OP04,67.9,Overdue,401
2025-01-23,M01,442,19.7,Night,OP12,61.7,Up to Date,451
2025-10-16,M08,366,17.2,Afternoon,OP09,69.7,Due Soon,373
2025-03-27,M03,612,14.0,Morning,OP04,62.9,Up to Date,620
2025-02-20,M04,398,24.8,Afternoon,OP07,64.2,Up to Date,406
2025-06-24,M08,373,1.5,Night,OP15,70.2,Up to Date,378
2025-04-16,M08,392,7.3,Morning,OP04,67.2,Due Soon,394
2025-10-08,M06,56,426.1,Night,OP14,74.9,Overdue,61
2025-11-07,M05,487,34.2,Morning,OP05,65.7,Overdue,505
2025-12-15,M04,421,0.8,Night,OP12,60.2,Due Soon,425
2025-09-14,M03,572,20.1, Morning ,OP04,72.9,Overdue,601
2025-10-27,M02,408,11.3,Afternoon,OP06,61.3,Up to Date,416
2025-12-14,M01,443,24.0,Afternoon,OP07,63.9,Up to Date,453
2025-10-06,M02,416,6.9,Afternoon,OP06,65.5,Up to Date,425
2025-11-22,M05,513,7.1,Afternoon,OP10,65.9,Up to Date,520
2025-09-03,M07,199,268.5,Morning,OP02,72.4,In Progress,202
2025-04-25,M03,608,19.6,Morning,OP05,67.3,Up to Date,621
2025-06-10,M02,425,5.9,Morning,OP02,63.8,Due Soon,436
2025-01-25,M03,605,15.1,Afternoon,OP10,63.7,Up to Date,617
2025-10-02,M08,382,11.8,Morning,OP03,66.2,Up to Date,389
2025-08-31,M04,379,43.4,Night,OP12,68.6,Up to Date,385
2025-11-23,M03,443,76.6,Morning,OP04,74.7,Overdue,484
2025-05-19,M08,375,13.9,Morning,OP03,71.0,Up to Date,385
26/01/2025,M02,426,3.2,Afternoon,OP06,58.5,Up to Date,435
2025-05-01,M02,424,0.7,Night,OP12,,Up to Date,433
2025-03-03,M06,614,10.6,Afternoon,OP09,62.6,Up to Date,624
2025-03-09,M05,489,9.8,Afternoon,OP08,68.1,Up to Date,500
2025-02-15,M04,391,11.9,Afternoon,OP06,65.3,Up to Date,403
2025-05-04,M02,401,29.4,Morning,OP01,59.8,Up to Date,410
2025-04-23,M02,406,8.6,Afternoon,OP07,64.0,Up to Date,415
2025-10-08,M04,380,28.8,Afternoon,OP06,63.4,Due Soon,389
2025-12-05,M08,369,42.1,Morning,OP04,62.5,Up to Date,380
2025-08-29,M05,499,16.4,Afternoon,OP10,74.1,Overdue,510
2025-09-07,M01,460,3.9,Morning,OP02,71.0,Up to Date,466
2025-06-06,M02,411,8.4,Morning,OP02,66.3,Up to Date,419
2025-08-08,M03,650,8.3,Afternoon,OP10,73.9,Due Soon,656
2025-12-27,M02,430,1.3,Morning,OP01,60.7,Up to Date,441
2025-07-03,M02,413,20.5,Afternoon,OP07,68.9,Up to Date,421
2025-05-14,M04,390,7.6,Night,OP11,65.7,Up to Date,402
2025-03-03,M01,423,40.1,Night,OP11,63.8,Up to Date,433
2025-06-13,M02,398,7.4,Morning,OP01,66.5,Up to Date,409
2025-12-28,M04,269,158.3,Night,OP12,61.2,Up to Date,274
2025-09-02,M01,446,14.2,Night,OP12,70.2,Up to Date,457
2025-03-26,M02,422,2.1,Night,OP11,60.9,Up to Date,429
2025-09-04,M02,394,41.0,Morning,OP02,61.4,Up to Date,402
2025-08-16,M08,359,21.8,Afternoon,OP10,73.4,Due Soon,368
2025-04-20,M03,617,10.4,Afternoon,OP09,67.9,Up to Date,635
2025-10-02,M07,433,4.4,Afternoon,OP07,69.8,Up to Date,445
2025-07-13,M05,504,38.3,Morning,OP04,73.6,Due Soon,512
2025-05-17,M05,516,6.9,Afternoon,OP10,69.5,Up to Date,525
2025-04-27,M05,490,9.6,Night,OP14,67.9,Up to Date,498
2025-12-26,M03,327,177.6,Morning,OP03,77.3,Overdue,365
2025-10-19,M04,403,1.6,Night,OP12,64.2,Up to Date,411
2025-11-01,M01,460,6.4,Afternoon,OP06,66.2,Up to Date,472
2025-02-13,m04,410,8.3,Morning,OP01,60.9,Due Soon,415
2025-06-21,M05,520,1.6,Afternoon,OP09,71.8,Up to Date,527
2025-12-10,M06,135,338.2,Night,OP15,75.1,Overdue,151
2025-11-26,M03,508,9.3,Afternoon,OP10,77.0,Overdue,568
2025-04-26,M05,498,15.3,Night,OP13,67.0,Up to Date,507
2025-10-21,M07,444,3.4,Morning,OP02,0.0,Up to Date,450
2025-01-30,M08,353,19.2,Night,OP15,62.3,Up to Date,359
2025-02-23,M05,504,3.6,Afternoon,OP10,62.2,Up to Date,510
2025-10-27,M01,465,2.4,Morning,OP02,65.7,Up to Date,475
2025-05-25,M07,415,30.1,Morning,OP01,65.6,Up to Date,424
2025-03-22,M04,389,21.5,Morning,,64.3,Up to Date,399
2025-03-19,M04,416,3.2,Morning,OP01,62.8,Up to Date,423
2025-09-18,M04,402,3.9,Morning,OP02,66.9,Up to Date,414
2025-03-06,M04,378,31.3,Night,OP12,62.0,Up to Date,390
2025-08-22,M02,411,28.3,Morning,OP01,64.4,Up to Date,416
2025-03-04,M06,529,24.8,Night,OP14,66.3,Up to Date,541
2025-11-10,M01,453,18.5,Afternoon,OP06,65.3,Up to Date,459
2025-04-18,M01,293,181.9,Morning,OP02,65.2,In Progress,299
2025-01-28,M06,571,8.7,Night,OP15,59.9,Up to Date,585
2025-11-06,M02,423,8.9,Afternoon,OP06,62.8,up to date,432
2025-03-29,M06,592,9.2,Afternoon,OP08,62.9,Up to Date,604
2025-03-13,M05,507,14.8,Night,OP14,61.0,Due Soon,512
2025-04-25,M07,427,16.0,Morning,OP02,,Up to Date,436
2025-01-10,M04,390,22.4,Morning,OP01,61.2,Up to Date,397
2025-01-27,M06,582,16.2,Afternoon,OP08,66.7,Up to Date,597
2025-04-19,M07,342,101.7,Morning,OP02,63.9,Up to Date,351
2025-03-03,M01,439,18.1,Afternoon,OP06,64.8,Up to Date,451
2025-11-01,M02,404,14.4,Afternoon,,58.6,Up to Date,411
2025-12-04,M03,267,236.7,Morning,OP03,80.1,Overdue,301
2025-11-27,M01,438,18.5,Afternoon,OP07,66.2,Up to Date,444
2025-05-04,M-04,407,19.1,Afternoon,OP07,66.0,up to date,410
2025-03-20,M06,625,5.5,Night,OP13,64.5,Up to Date,640
2025-09-21,M01,418,51.2,Afternoon,OP07,71.3,Up to Date,426
2025-10-25,M06,513,10.3,Afternoon,OP08,78.6,Overdue,563
2025-02-02,M02,443,8.0,Afternoon,OP06,59.5,Up to Date,444
2025-08-15,M03,588,13.6,Night,OP14,71.3,Overdue,607
2025-03-02,M06,605,7.6,Morning,OP03,63.8,Up to Date,619
2025-04-02,M05,503,14.7,Morning,OP03,66.0,Up to Date,507
2025-07-07,M06,588,1.6,Morning,OP05,72.7,Up to Date,601
19/05/2025,M04,382,20.4,Afternoon,OP06,70.1,Up to Date,389
2025-11-23,M02,410,5.9,Night,OP11,63.3,Up to Date,418
2025-11-08,M07,439,16.7,Afternoon,OP06,66.2,Up to Date,447
2025-02-15,M08,395,17.8,Morning,OP05,62.4,Up to Date,405
2025-04-08,M07,422,16.3,Morning,OP02,63.9,Up to Date,433
14/05/2025,M08,361,2.6,Night,OP15,67.0,Due Soon,373
2025-03-03,M07,307,145.6,Night,OP11,60.3,Up to Date,312
2025-04-05,M08,363,6.8,Night,OP13,66.4,Up to Date,370
2025-11-23,M02,413,14.3,Morning,OP01,58.2,Up to Date,418
2025-01-24,M01,470,7.0,Afternoon,OP06,63.1,Up to Date,483
2025-10-10,M02,418,11.6,Morning,OP01,65.0,Due Soon,430
2025-11-18,M03,501,15.4,Afternoon,OP08,74.2,Overdue,548
2025-05-05,M05,518,7.3,Morning,OP05,69.1,Up to Date,528
2025-11-29,M07,374,71.6, Morning ,OP01,60.7,Up to Date,380
2025-06-15,M04,393,12.5,Night,OP11,67.7,Up to Date,400
2025-08-15,M02,406,16.6,Night,OP12,66.2,Up to Date,417
2025-01-06,M06,618,9.5,Morning,OP05,64.1,Up to Date,636
2025-09-13,M01,449,11.1,Night,OP12,66.8,Due Soon,461
2025-07-16,M02,363,64.8,Afternoon,OP07,66.2,Up to Date,371
2025-04-01,M05,502,21.2,Night,OP13,63.7,Up to Date,510
2025-11-10,M04,389,9.1,Morning,OP02,60.8,Due Soon,396
2025-01-17,M06,552,27.0,Afternoon,OP08,66.1,Due Soon,560
2025-08-19,M02,412,4.3,Night,OP12,64.3,Up to Date,422
2025-07-23,M06,607,4.2,Morning,OP03,70.1,Due Soon,613
2025-08-30,M02,415,10.3,Morning,OP02,65.9,Up to Date,425
2025-11-25,M08,360,42.3,Afternoon,OP10,66.2,Up to Date,372
2025-02-03,M06,613,9.0,Afternoon,OP10,65.8,Up to Date,629
2025-09-08,M01,463,3.3,Morning,OP01,68.3,Up to Date,473
2025-05-30,M01,384,95.8,Afternoon,OP07,71.0,Up to Date,392
2025-10-17,M02,421,14.7,Afternoon,OP07,65.8,Up to Date,427
2025-09-30,M02,412,18.2,Morning,OP02,63.2,Up to Date,421
2025-04-07,M03,607,14.4,Night,OP13,65.9,Up to Date,620
2025-09-03,M01,445,22.9,Night,OP11,70.2,Up to Date,455
2025-03-15,M06,614,10.9,Afternoon,OP09,63.5,Up to Date,618
2025-07-04,M02,392,11.7,Night,OP12,67.9,Up to Date,399
2025-03-25,M07,415,14.8,Night,OP11,63.6,Up to Date,426
2025-01-11,M05,479,28.4,Afternoon,OP08,63.8,Up to Date,490
2025-11-28,M04,392,12.6,Afternoon,OP06,63.6,Up to Date,400
2025-09-28,M08,396,10.2,Morning,OP03,64.3,Up to Date,399
2025-06-05,M01,450,13.5,Night,OP12,66.8,Up to Date,453
2025-02-11,M04,396,9.9,Morning,OP01,58.0,Due Soon,407
2025-06-05,M02,393,12.0,Night,OP11,66.0,Up to Date,401
2025-09-23,M04,385,11.8,Afternoon,OP06,69.9,Up to Date,390
2025-12-03,M06,418,65.2,Afternoon,OP10,78.6,Overdue,471
2025-12-12,M05,500,1.4,Morning,OP03,58.2,Due Soon,512
2025-01-17,M01,420,47.4,Afternoon,OP07,65.1,Due Soon,431
2025-03-07,M08,379,14.7,Afternoon,OP09,66.1,Up to Date,385
2025-04-10,M06,563,8.1,Afternoon,OP09,68.6,Up to Date,576
2025-05-12,M02,401,16.8,Afternoon,OP06,65.5,Due Soon,405
2025-12-04,M03,509,21.0,Night,OP13,74.4,Overdue,563
2025-10-26,M02,418,7.3,Morning,OP01,62.5,Up to Date,421
2025-02-28,M03,594,16.9,Afternoon,OP08,65.2,Up to Date,612
2025-12-02,M06,417,50.1,Night,OP15,76.6,Overdue,466
2025-03-10,M01,282,195.6,Afternoon,OP07,67.7,Up to Date,291
2025-06-27,M06,593,8.3,Morning,OP04,67.1,Up to Date,609
2025-07-14,M08,373,10.2,Morning,OP03,69.5,Due Soon,381
2025-08-14,M02,418,6.8,Morning,OP02,62.5,Due Soon,425
2025-06-29,M07,446,3.3,Night,OP12,70.1,Due Soon,454
15/07/2025,M06,606,5.7,Night,OP14,73.4,Due Soon,616
2025-12-16,M03,356,139.7,Night,OP14,77.0,Overdue,398
2025-01-14,M07,445,17.6,Morning,OP01,61.8,Up to Date,453
2025-02-22,M07,417,16.0,Morning,OP01,60.8,Up to Date,423
2025-08-02,M08,374,5.0,Afternoon,OP10,70.2,Up to Date,386
2025-06-05,M02,434,8.3,Morning,OP02,66.4,Up to Date,443
2025-11-13,M07,410,26.9,Night,OP11,60.2,Up to Date,419
2025-11-20,M02,434,9.5,Morning,OP02,60.6,Up to Date,446
2025-05-19,M06,547,37.3,Afternoon,OP10,65.9,Up to Date,560
2025-03-11,M06,622,4.6,Morning,OP03,67.6,Up to Date,638
2025-06-30,M04,413,13.1,Morning,OP01,68.1,Up to Date,420
2025-06-09,M01,446,9.8,Morning,OP01,72.3,Up to Date,455
2025-05-27,M03,604,7.0,Afternoon,OP08,72.6,Up to Date,617
2025-01-21,M05,485,8.7,Night,OP15,59.4,Up to Date,496
2025-10-07,M07,403,23.7,Afternoon,OP06,64.5,Up to Date,410
2025-09-09,M08,255,172.0,Afternoon,OP08,,Up to Date,263
2025-03-04,M03,557,72.1,Morning,OP05,63.1,Up to Date,571
2025-09-18,M01,332,143.9,Morning,OP01,68.4,In Progress,337
2025-07-01,M05,511,4.2,Night,OP13,71.9,Up to Date,520
2025-12-06,M03,454,47.0,Morning,OP05,79.6,Overdue,514
2025-10-07,M02,396,18.6,Night,OP11,65.3,Up to Date,406
2025-08-20,M07,419,8.6,Afternoon,OP06,70.4,Up to Date,429
2025-02-12,M04,396,9.6,Afternoon,OP07,62.5,Due Soon,404
2025-08-14,M01,436,15.8,Night,OP11,69.9,Up to Date,449
2025-07-03,M03,621,10.3,Night,OP13,73.2,Due Soon,629
2025-01-19,M08,401,10.5,Morning,OP05,62.6,Up to Date,414
2025-10-26,M04,425,5.6,Afternoon,OP07,69.4,Up to Date,429
2025-04-03,M04,412,5.4,Night,OP12,63.6,Up to Date,422
2025-10-13,M03,520,34.0,Morning,OP04,,Overdue,564
2025-05-18,M02,400,12.6,Afternoon,OP06,66.7,Up to Date,410
2025-10-16,M07,439,6.0,Morning,OP02,61.7,Up to Date,450
2025-11-05,M02,411,13.6,Night,OP11,62.5,Up to Date,420
2025-01-05,M07,431,11.4,Night,OP11,60.8,Up to Date,439
2025-06-23,M04,381,27.4,Afternoon,OP06,72.0,Up to Date,388
2025-12-31,M02,414,27.7,Afternoon,OP06,59.1,Up to Date,421
2025-12-31,M08,408,8.2,Morning,OP04,62.3,Up to Date,413
2025-03-08,M01,450,2.0,Afternoon,OP07,65.7,Up to Date,456
2025-06-10,M05,499,15.0,Morning,OP05,72.6,Due Soon,509
2025-11-09,M07,439,11.1,Afternoon,OP07,66.1,Up to Date,448
2025-04-27,M02,407,15.7,Afternoon,OP07,63.7,Up to Date,420
2025-11-15,M02,309,130.3,Morning,OP02,62.4,In Progress,315
2025-02-18,M06,603,8.0,Morning,OP05,61.0,Due Soon,615
2025-03-16,M04,372,20.3,Night,OP11,62.9,Up to Date,383
2025-03-31,M01,427,44.0,Afternoon,OP06,66.4,Up to Date,433
2025-02-12,M05,507,23.9,Night,OP13,67.3,Up to Date,513
2025-10-03,M02,397,7.3,Night,OP11,65.0,Up to Date,407
2025-03-12,M02,399,9.9,Morning,OP02,58.4,Up to Date,409
2025-08-09,M07,441,3.3,Morning,OP02,68.9,Up to Date,448
2025-04-11,M04,384,24.6,Night,OP12,64.4,Due Soon,389
2025-04-13,M05,505,5.0,Afternoon,OP08,67.9,Due Soon,513
2025-01-21,M01,444,8.2,Night,OP11,61.4,Overdue,455
2025-07-26,m01,468,5.0,Morning,OP02,68.1,Up to Date,476
2025-11-04,M-04,408,3.9,Morning,OP02,62.9,Up to Date,414
2025-12-04,M04,379,18.4,Afternoon,OP06,61.8,Up to Date,387
2025-05-19,M02,439,2.8,Afternoon,OP07,67.9,Up to Date,441
2025-09-10,M03,580,6.1,Afternoon,OP10,75.5,Overdue,604
2025-12-15,M02,257,192.5,Morning,OP01,62.7,In Progress,262
2025-02-13,M08,358,30.9,Afternoon,OP10,64.2,Up to Date,366
2025-10-01,M05,513,8.2,Morning,OP05,65.6,Up to Date,523
2025-11-04,M-01,452,4.8,Morning,OP02,65.2,Up to Date,457
2025-03-05,M04,398,1.2,Night,OP11,59.6,Up to Date,407
2025-06-27,M08,381,16.7,Morning,OP05,68.9,Up to Date,390
2025-08-09,M05,490,8.3,Night,OP13,66.4,Due Soon,497
2025-09-17,M03,566,7.6,Afternoon,OP08,77.0,Overdue,603
2025-08-16,M07,435,5.1,Afternoon,OP07,67.1,Up to Date,443
2025-05-18,M07,436,7.6,Afternoon,OP07,71.8,Up to Date,445
2025-06-16,M01,439,4.4,Night,OP11,70.8,Due Soon,451
25/12/2025,M02,416,21.6,Afternoon,OP06,61.8,Up to Date,420
2025-03-10,M05,472,37.0,Afternoon,OP10,63.6,Up to Date,484
2025-03-29,M05,483,19.9,Morning,OP05,64.5,Up to Date,493
2025-08-22,M01,436,15.4,Night,OP11,70.5,Up to Date,446
2025-01-30,M07,430,13.9,Morning,OP01,61.0,Due Soon,443
2025-12-12,M01,416,31.1,Morning,OP02,64.1,Up to Date,429
2025-09-29,M03,537,5.6,Night,OP15,75.9,Overdue,572
2025-11-18,M02,436,2.4,Morning,OP02,65.3,Up to Date,447
2025-01-05,M04,391,22.7,Morning,OP02,61.8,Up to Date,399
2025-01-01,M07,448,19.6,Afternoon,OP07,64.4,Up to Date,459
2025-01-31,M04,401,14.7,Morning,OP01,57.4,Up to Date,409
2025-02-05,M06,583,12.5,Afternoon,OP08,65.2,Up to Date,597
2025-07-31,M08,391,5.8,Night,OP13,71.4,Up to Date,399
2025-07-08,M07,437,13.8,Afternoon,OP06,68.6,Up to Date,446
2025-12-23,M06,450,41.7,Afternoon,OP09,78.2,Overdue,504
2025-09-13,M08,381,7.6,Afternoon,OP08,69.5,Due Soon,389
2025-06-12,M08,378,10.8,Night,OP13,70.8,Due Soon,387
2025-01-30,M06,571,37.1,Afternoon,OP10,63.4,Up to Date,585
2025-03-22,M08,376,8.5,Afternoon,OP08,65.7,Up to Date,380
2025-05-08,M04,416,7.9,Afternoon,OP07,69.0,Due Soon,428
2025-11-16,M01,445,9.8,Night,OP11,60.9,Due Soon,449
2025-12-28,M01,458,16.7,Afternoon,OP06,63.9,Up to Date,471
2025-02-14,M04,351,54.7,Afternoon,OP07,61.4,Due Soon,358
2025-12-19,M01,464,9.0,Night,OP11,63.9,Due Soon,474
2025-05-20,M06,591,17.3,Afternoon,OP10,66.3,Up to Date,605
2025-08-30,M06,553,7.8,Afternoon,OP08,71.8,Overdue,588
2025-03-14,M05,502,18.4,Morning,OP03,62.6,Due Soon,512
2025-07-05,M05,520,13.0,Morning,OP04,71.0,Up to Date,526
04/03/2025,M06,603,12.7,Afternoon,OP10,65.9,Up to Date,622
2025-06-29,M04,389,9.3,Morning,OP02,68.8,Up to Date,402
04/12/2025,M01,443,19.6,Afternoon,OP06,67.3,Up to Date,454
2025-11-04,M03,267,252.3,Morning,OP04,75.1,Overdue,290
13/12/2025,M03,461,27.5,Night,OP13,76.9,Overdue,513
2025-08-04,M08,374,18.8,Morning,OP04,71.1,Up to Date,382
2025-03-02,M01,460,6.6,Night,OP11,67.1,Up to Date,469
2025-02-10,M07,458,4.5,Night,OP12,60.4,Up to Date,460
2025-04-29,M01,451,10.5,Afternoon,OP06,68.6,Up to Date,461
2025-07-25,M02,408,32.6,Afternoon,OP07,66.1,Up to Date,416
21/10/2025,M03,277,244.3,Morning,OP03,75.0,Overdue,297
29/07/2025,M07,422,3.0,Night,OP11,70.5,Due Soon,430
2025-11-26,M02,418,18.0,Morning,OP01,60.7,Up to Date,425
2025-12-09,M01,430,35.0,Night,OP12,61.7,Up to Date,439
2025-07-02,M07,452,16.3,Afternoon,OP07,68.5,Up to Date,456
2025-07-24,M06,591,19.8,Morning,OP03,72.3,Due Soon,606
2025-08-07,M08,370,18.1,Morning,OP03,68.7,Up to Date,381
2025-09-19,M01,477,8.3,Afternoon,OP07,72.5,Up to Date,485
2025-05-08,M08,384,5.6,Morning,OP04,69.5,Up to Date,394
2025-09-12,M06,541,7.7,Afternoon,OP10,73.1,Overdue,570
2025-12-05,M03,442,53.6,Night,OP15,77.2,overdue,496
2025-04-23,M03,625,11.4,Night,OP14,70.4,Up to Date,634
2025-03-14,M02,417,12.0,Afternoon,OP06,62.1,Up to Date,427
2025-10-24,M02,402,31.2,Night,,61.2,Up to Date,409
2025-08-07,M02,411,12.2,Morning,OP01,65.8,Due Soon,420
2025-09-08,M05,407,88.9,Morning,OP03,72.8,Overdue,422
2025-04-19,M06,601,13.2,Morning,,65.2,Up to Date,606
2025-06-13,M08,368,4.3,Night,OP15,68.3,Due Soon,374
2025-11-26,M02,423,14.4,Afternoon,OP07,60.0,Up to Date,431
2025-03-22,M06,575,4.3,Night,OP15,64.7,Up to Date,587
2025-07-14,M07,456,4.8,Morning,OP01,66.4,Up to Date,466
2025-02-11,M08,238,191.0,Morning,OP05,,In Progress,244
2025-05-20,M02,430,8.0,Night,OP12,59.9,Up to Date,436
2025-02-03,M05,496,3.8,Night,OP14,63.4,Up to Date,504
2025-12-26,M06,326,144.6,Night,OP13,74.7,Overdue,364
2025-08-11,M06,571,8.9,Night,OP15,74.5,Overdue,592
2025-04-10,M03,639,1.0,Afternoon,OP09,67.0,Up to Date,644
2025-05-01,M05,480,8.7,Night,OP13,68.1,Up to Date,494
2025-09-09,M04,406,9.3,Morning,OP02,66.1,Due Soon,418
2025-09-25,M05,524,13.2,Morning,OP05,66.6,Up to Date,541
2025-11-27,M02,396,25.0,Night,OP12,59.1,Up to Date,404
2025-12-05,M08,359,9.2,Night,OP14,64.4,Up to Date,372
2025-07-10,M08,368,15.5,Afternoon,OP08,70.9,Up to Date,379
2025-04-28,M02,315,131.2,Morning,OP02,63.9,Up to Date,318
2025-04-17,M08,353,34.8,Afternoon,,68.3,Up to Date,360
2025-08-18,M08,242,177.9,Morning,OP04,71.4,In Progress,246
2025-10-24,M07,448,5.3,Afternoon,OP06,63.9,Up to Date,455
2025-04-24,M02,402,20.9,Afternoon,OP07,65.1,Up to Date,410
2025-05-16,M06,531,24.0,Night,OP15,66.6,Due Soon,549
2025-05-10,M08,379,11.5,Night,OP13,68.5,Up to Date,385
2025-12-29,M04,408,9.0,AFTERNOON,OP06,61.4,Up to Date,413
2025-03-31,M05,490,33.6,Afternoon,OP08,60.9,Up to Date,498
2025-06-26,M01,451,16.7,Morning,OP01,70.2,Up to Date,459
2025-09-08,M07,432,15.7,Afternoon,OP07,66.3,Up to Date,445
2025-06-09,M02,402,22.6,Night,OP12,64.4,Due Soon,412
2025-04-20,M08,363,15.7,Night,OP14,63.5,Up to Date,370
2025-04-16,M03,586,17.6,Night,OP14,65.0,Up to Date,596
2025-02-14,M03,625,5.5,Morning,OP04,64.1,Up to Date,635
2025-02-02,M05,486,26.8,Afternoon,OP08,63.3,Up to Date,499
2025-02-08,M06,589,10.5,Night,OP14,63.9,Up to Date,605
16/05/2025,M01,423,17.1,Night,OP11,66.2,Due Soon,432
2025-08-22,M07,433,10.6,Night,OP11,65.8,Up to Date,440
2025-10-06,M01,450,14.5,Afternoon,OP06,66.0,Up to Date,457
2025-04-13,M08,395,5.9,Afternoon,OP10,63.5,Due Soon,399
2025-06-12,M04,391,15.1,Night,OP11,67.2,Due Soon,399
2025-08-23,M08,392,2.8,Afternoon,OP10,70.7,Up to Date,400
2025-08-11,M08,370,21.0,Afternoon,OP10,70.7,Due Soon,379
2025-10-26,M07,461,15.4,Afternoon,OP07,67.3,Due Soon,473
2025-07-09,M07,450,12.7,Night,OP12,66.6,Up to Date,456
2025-10-09,M03,528,12.6,Night,OP14,74.5,Overdue,565
2025-02-03,M08,393,13.3,Afternoon,OP10,66.3,Up to Date,400
2025-09-06,M03,589,5.3,Morning,OP05,73.6,Overdue,607
2025-06-20,M05,535,12.3,Morning,OP04,71.5,Up to Date,542
2025-12-24,M03,317,165.7,Afternoon,OP08,79.0,Overdue,359
25/09/2025,M06,514,8.2,Night,OP13,76.0,Overdue,552
2025-02-03,M01,454,5.6,Afternoon,OP06,60.1,Up to Date,471
2025-09-05,M02,404,16.1,Night,OP12,64.8,Up to Date,413
2025-10-03,M07,437,2.4,Morning,OP02,62.1,Up to Date,445
2025-05-08,M08,385,3.8,Night,OP15,71.1,Up to Date,393
2025-12-09,M06,270,212.8,Morning,OP04,74.7,Overdue,300
2025-04-30,M07,436,18.7,Morning,OP01,64.9,Due Soon,448
12/10/2025,M04,424,5.3,Morning,OP01,63.6,Due Soon,431
2025-12-06,M07,428,14.5,Morning,OP02,62.3,Up to Date,438
2025-06-13,M05,524,12.3,Morning,OP03,69.5,Up to Date,530
2025-10-06,M04,410,16.0,Afternoon,OP06,68.5,Due Soon,418
2025-02-12,M03,618,8.8,Morning,OP04,63.8,Up to Date,629
2025-01-13,M07,421,5.3,Morning,OP02,61.2,Up to Date,431
2025-02-04,M06,583,,Morning,OP05,63.3,Up to Date,600
2025-06-24,M04,408,14.8,Afternoon,OP07,70.4,Up to Date,417
2025-07-12,M06,613,5.0,Morning,OP03,,Up to Date,629
2025-11-02,M07,412,17.7,Night,,63.9,Up to Date,425
2025-01-03,M01,450,9.7,Night,OP12,61.8,Up to Date,459
2025-09-22,M08,380,13.9,Afternoon,OP09,70.4,Up to Date,387
2025-10-11,M01,435,37.3,Night,OP11,64.8,Up to Date,443
2025-04-12,M04,385,26.2,Night,OP11,64.7,Up to Date,396
2025-06-28,M05,516,7.1,Afternoon,OP08,71.1,Up to Date,526
2025-10-16,M06,356,146.6,Morning,OP05,76.6,Overdue,390
2025-06-11,M04,419,10.3,Night,OP12,68.6,Due Soon,428
2025-01-23,M04,402,14.4,Morning,OP02,61.6,Up to Date,410
2025-02-14,M03,578,21.9,Afternoon,OP08,65.0,Up to Date,583
2025-07-19,M06,583,23.7,Afternoon,OP09,72.2,Due Soon,591
2025-03-06,M05,486,8.8,Night,OP14,65.9,Up to Date,494
2025-01-11,M01,473,18.5,Night,OP12,62.9,Due Soon,479
2025-03-14,M01,465,19.9,Morning,OP02,62.3,Up to Date,471
2025-01-27,M05,508,4.3,Morning,OP05,59.6,Up to Date,523
2025-11-14,M01,453,26.9,Morning,OP01,63.4,Up to Date,462
2025-09-23,M08,343,46.8,Afternoon,OP10,66.6,Up to Date,354
2025-09-09,M07,446,10.8,Night,OP12,66.0,Up to Date,456
2025-08-25,M04,391,27.9,Morning,OP01,70.6,Up to Date,401
2025-02-23,M06,563,10.3,Afternoon,OP08,62.1,Up to Date,574
2025-09-06,M05,491,5.6,Night,OP14,70.7,Overdue,506
2025-08-05,M05,519,3.5,Morning,OP04,72.1,Up to Date,528
2025-11-27,M03,480,19.3,Afternoon,OP10,80.5,Overdue,531
2025-03-15,M02,434,2.9,Morning,OP01,62.1,Up to Date,440
2025-12-09,M08,379,2.1,AFTERNOON,OP08,63.2,Up to Date,387
2025-08-27,M05,518,3.3,Morning,OP04,70.6,Overdue,529
2025-07-22,M02,421,6.1,Night,OP11,64.3,Up to Date,422
2025-04-07,M04,389,9.9,Morning,OP02,60.5,Up to Date,396
2025-02-08,M04,379,31.2,Night,OP11,62.3,Up to Date,388
2025-06-28,M03,600,21.8,Morning,OP04,71.7,Up to Date,609
2025-09-17,M08,383,3.4,Afternoon,OP08,69.1,Due Soon,390
2025-02-08,M02,415,22.3,Afternoon,OP06,63.1,Up to Date,423
2025-12-26,m02,413,3.4,Morning,OP02,60.3,Up to Date,424
2025-11-25,M07,434,5.4,Night,OP11,60.4,Due Soon,441
2025-03-27,M08,375,13.8,Afternoon,OP10,65.1,Up to Date,382
2025-06-03,M03,615,14.2,Afternoon,OP10,72.3,Due Soon,628
2025-08-16,M07,447,6.3,Morning,OP02,66.4,Up to Date,460
2025-04-20,M04,389,4.3,Night,OP11,67.5,Up to Date,400
2025-09-14,M07,437,17.0,Morning,OP02,66.2,Up to Date,443
2025-11-22,M06,288,175.9,Night,OP15,76.7,Overdue,325
2025-11-04,M07,431,8.2,Afternoon,OP06,62.1,Up to Date,440
2025-08-16,M04,390,20.8,Night,OP12,70.1,Up to Date,398
2025-12-31,M07,438,9.2,Night,OP12,62.3,Up to Date,447
10/09/2025,M03,567,15.5,Morning,OP04,71.3,Overdue,594
2025-05-18,M01,435,4.4,Morning,OP01,67.6,Due Soon,446
2025-06-25,M07,449,16.3,Morning,OP02,69.2,Up to Date,458
2025-07-23,M04,386,14.9,Afternoon,OP07,71.6,Up to Date,391
2025-12-29,M07,440,7.2,Afternoon,OP07,60.3,Up to Date,450
07/11/2025,M07,449,6.1,Afternoon,OP07,65.4,Up to Date,454
2025-06-19,M01,462,11.2,Morning,OP01,70.9,Due Soon,473
2025-07-19,M02,420,8.4,Afternoon,OP06,65.4,Up to Date,431
2025-10-25,M05,516,5.3,Night,OP13,68.5,Overdue,531
2025-02-02,M06,600,12.6,Morning,OP05,63.4,Up to Date,604
2025-12-31,M01,430,24.9,Afternoon,OP07,62.6,Up to Date,437
2025-05-27,M04,393,5.0,Night,OP12,68.7,Up to Date,399
2025-05-14,M05,482,24.6,Afternoon,OP08,70.7,Due Soon,498
2025-02-05,M01,459,10.3,Night,OP12,65.7,Up to Date,469
2025-04-07,M06,552,33.2,Night,OP13,64.7,Up to Date,569
2025-05-26,M03,578,23.3,Night,OP14,68.8,Up to Date,595
2025-06-01,M07,436,8.5,Morning,OP02,67.2,Due Soon,450
2025-10-23,M06,266,241.1,Morning,OP05,75.4,Overdue,290
2025-12-06,M08,388,2.7,Night,OP13,62.0,Up to Date,396
2025-02-23,M04,406,6.6,Afternoon,OP06,61.4,Up to Date,412
2025-03-19,M08,396,23.3,Morning,OP04,63.4,Up to Date,402
2025-10-18,M04,380,9.3,Morning,OP01,61.7,Up to Date,389
2025-08-25,M06,571,9.2,Morning,OP04,72.8,Overdue,599
2025-07-12,M05,478,8.3,Night,OP15,69.4,Due Soon,486
2025-07-09,M06,582,13.4,Afternoon,OP09,71.7,Up to Date,594
2025-04-19,M03,626,5.6,Morning,OP04,71.4,Up to Date,639
04/04/2025,M03,584,5.2,Night,OP15,67.7,Due Soon,595
2025-02-15,M01,459,7.6,Night,OP12,64.1,Up to Date,474
2025-05-22,M08,366,9.0,Afternoon,OP08,68.0,Up to Date,377
2025-12-18,M02,408,18.0,Morning,OP02,59.9,Up to Date,417
2025-11-19,M06,474,18.7,Afternoon,OP10,78.3,Overdue,532
2025-03-21,M04,394,8.1,Afternoon,OP06,62.3,Up to Date,402
2025-01-15,M07,441,5.8,Night,OP11,60.9,Up to Date,450
2025-04-15,M02,438,0.9,Night,OP12,61.9,Due Soon,445
2025-03-25,M05,491,8.4,Night,,63.0,Up to Date,504
2025-04-15,M08,362,18.8,Night,OP14,66.9,Due Soon,370
2025-08-11,M-04,256,168.4,Afternoon,OP06,72.4,Due Soon,261
2025-06-29,M08,365,8.8,Night,OP13,70.8,Up to Date,374
2025-01-07,M03 ,611,4.9,Night,OP13,63.0,Up to Date,631
2025-12-27,M03,398,119.2,Morning,OP05,77.3,Overdue,446
2025-11-06,M06,416,83.4,Afternoon,OP09,76.9,Overdue,458
2025-01-09,M08,378,20.5,Afternoon,OP08,64.1,Up to Date,383
2025-11-09,M08,392,0.8,Morning,OP05,65.7,Up to Date,406
2025-07-25,M01,443,17.1,Night,OP11,72.2,Up to Date,447
2025-08-07,M01,476,4.8,Morning,OP01,70.4,Up to Date,482
2025-06-04,M06,567,3.9,Afternoon,OP08,69.1,Up to Date,576
2025-12-25,M08,377,22.9,Afternoon,OP10,66.2,Up to Date,385
2025-01-13,M04,386,18.1,Afternoon,OP07,62.6,Up to Date,395
2025-07-02,M06,593,10.2,Afternoon,OP09,74.8,Up to Date,610
2025-06-08,M02,398,22.0,Night,OP12,65.3,Due Soon,406
2025-10-14,M04,397,15.0,Night,OP11,61.9,Up to Date,402
2025-09-08,M08,386,0.3,Night,OP14,69.4,Up to Date,398
2025-03-27,M04,311,107.8,Afternoon,OP06,64.1,Up to Date,317
2025-12-30,M07,434,21.2,Night,OP12,60.8,Up to Date,439
2025-09-18,M06,510,16.3,Afternoon,OP08,80.3,Overdue,544
2025-05-01,M06,601,2.6,Afternoon,OP10,68.3,Up to Date,615
2025-06-29,M05,503,14.7,Afternoon,OP10,69.0,Up to Date,515
2025-11-26,M07,453,7.5,afternoon,OP07,66.5,Due Soon,461
2025-12-20,M01,461,7.7,Afternoon,OP07,66.8,Up to Date,469
2025-09-02,M06,552,5.1,Afternoon,OP10,73.9,Overdue,584
2025-09-28,M03,588,0.5,Morning,OP05,73.6,Overdue,620
2025-10-25,M03,538,25.6,Morning,OP04,77.9,Overdue,580
2025-09-28,M05,468,2.3,Night,OP15,68.0,Up to Date,481
2025-07-01,M05,520,9.9,Afternoon,OP10,72.5,Up to Date,526
2025-11-12,M02,408,17.2,Night,OP12,57.4,Due Soon,419
2025-07-22,M03,589,8.3,Night,OP15,71.6,Up to Date,599
2025-02-13,M07,435,9.1,Night,OP11,59.1,Up to Date,440
2025-03-21,M08,376,21.5,Afternoon,OP09,66.1,Up to Date,383
2025-10-21,M02,409,10.7,Night,OP11,62.3,Up to Date,415
2025-01-31,M04,385,8.5,Afternoon,OP07,63.2,Up to Date,393
2025-10-18,M02,418,8.5,Morning,OP02,60.8,Up to Date,424
2025-08-25,M07,451,13.2,Night,OP12,66.4,Up to Date,462
2025-12-22,M02,402,25.5,Afternoon,OP06,57.9,Up to Date,410
2025-09-17,M05,483,11.1,Afternoon,OP10,69.4,Up to Date,492
25/02/2025,M07,447,6.7,Afternoon,OP07,60.7,Due Soon,458
2025-10-24,M05,515,4.5,Morning,OP05,67.8,Overdue,533
2025-01-01,M01,445,9.6,Afternoon,OP06,67.7,Up to Date,454
30/03/2025,M05,531,8.8,Morning,OP04,65.8,Up to Date,541
2025-08-15,M07,340,92.0,Night,OP11,69.4,Up to Date,345
2025-06-02,M03,605,9.1,Afternoon,OP10,72.9,Due Soon,622
2025-05-14,M08,368,16.3,Afternoon,OP08,69.7,Due Soon,380
2025-09-02,M02,406,7.4,Night,OP11,61.6,Up to Date,413
2025-10-26,M08,222,189.3,Afternoon,OP09,66.9,Up to Date,227
2025-08-31,M02,401,14.8,Night,OP11,65.4,Up to Date,410
2025-08-31,M02,422,11.9,Afternoon,OP07,62.5,Up to Date,433
2025-04-24,M07,428,9.6,Night,OP11,64.2,Up to Date,439
2025-01-08,M08,383,7.2,Morning,OP05,59.3,Up to Date,392
2025-01-25,M01,427,27.5,Morning,OP01,66.8,Up to Date,436
2025-09-27,M02,414,11.4,Afternoon,OP06,66.3,Up to Date,423
2025-07-04,M05,497,10.9,Morning,OP03,73.2,Up to Date,511
2025-10-25,M08,366,28.9,Night,OP13,66.4,Up to Date,371
2025-06-04,M08,391,2.8,Morning,OP05,68.3,up to date,398
2025-03-15,M05,493,30.4,Night,OP13,63.6,Up to Date,504
2025-09-30,M05 ,491,21.1,Afternoon,OP09,71.7,Up to Date,502
2025-10-29,M06,496,3.8,Afternoon,OP10,77.3,Overdue,543
2025-02-18,M02,371,56.9,Afternoon,OP07,64.0,Due Soon,380
2025-03-18,M02,434,10.1,Night,OP12,61.8,Due Soon,443
2025-07-12,M08,378,,Morning,OP03,67.3,Up to Date,386
2025-08-11,M04,377,15.9,Morning,OP02,69.4,Due Soon,381
2025-12-31,M03,192,293.9,Afternoon,OP10,80.8,Overdue,217
2025-10-28,M-06,489,8.6,Morning,OP03,75.2,Overdue,541
2025-04-15,M01 ,389,77.3,Night,OP12,66.9,Due Soon,394
2025-04-08,M04,404,10.0,Morning,OP01,60.5,Up to Date,412
27/07/2025,M02,401,15.5,Night,OP11,65.2,Up to Date,411
2025-10-09,M08,370,15.1,Morning,OP05,67.1,Up to Date,381
2025-05-01,M04,396,8.9,Morning,OP01,63.4,Up to Date,401
2025-07-14,M08,368,5.3,Night,OP13,71.9,Due Soon,376
2025-01-27,M01,451,22.8,Night,OP12,61.6,Up to Date,461
2025-08-15,M06,540,15.5,Night,OP14,71.5,Overdue,558
2025-02-16,M08,361,18.5,Night,OP15,64.0,Up to Date,371
2025-12-31,M05,497,22.3,Morning,OP04,63.4,Overdue,515
2025-11-08,M04,411,0.5,Afternoon,OP06,64.5,Due Soon,417
2025-03-25,M08,363,20.9,Night,OP14,64.7,Up to Date,368
12/11/2025,M05,490,15.1,Afternoon,OP08,69.0,Up to Date,498
2025-07-30,M04,392,8.2,Morning,OP02,70.9,Up to Date,401
2025-11-19,M02,419,6.3,Night,OP12,64.1,Up to Date,427
2025-11-21,M01,470,3.7,Afternoon,OP06,68.3,Due Soon,476
2025-11-08,M06,321,173.5,Morning,OP05,80.4,Overdue,358
2025-06-24,M06,600,2.7,Morning,OP03,70.4,Up to Date,617
2025-12-22,M08,390,13.7,Morning,OP04,62.6,Up to Date,397
2025-01-28,M08,364,11.8,Night,OP15,64.7,Up to Date,374
2025-09-11,M01,475,4.7,Night,OP12,69.5,Up to Date,487
2025-02-18,M01,341,115.1,Afternoon,OP06,66.2,Due Soon,348
2025-01-12,M05,532,12.0,Morning,OP03,62.5,Up to Date,536
2025-06-12,M06,610,12.1,Afternoon,OP09,72.6,Due Soon,622
2025-03-09,M08,344,41.3,Night,OP15,67.1,Due Soon,352
2025-07-06,M07,431,19.8,Morning,OP01,68.7,Up to Date,444
2025-08-17,M04,403,9.8,Night,OP11,70.9,Up to Date,409
14/03/2025,M04,396,8.8,Afternoon,OP07,67.0,Due Soon,403
2025-03-14,M07,441,8.2,Afternoon,OP06,61.9,Up to Date,443
2025-02-05,M06,611,1.9,Morning,OP04,64.1,Up to Date,620
2025-03-19,M06,611,10.2,Afternoon,OP10,62.9,Up to Date,620
2025-09-02,M01,454,20.2,Afternoon,OP07,69.6,Up to Date,462
2025-11-01,M06,480,5.9,Afternoon,OP09,76.9,Overdue,535
2025-07-05,M08,402,5.8,Morning,OP05,66.9,Up to Date,408
2025-10-09,M03,550,25.1,Morning,OP05,77.8,Overdue,588
2025-07-17,M01,445,20.9,Night,OP11,69.2,Due Soon,453
2025-09-10,M04,390,15.4,Morning,OP02,68.2,Due Soon,397
2025-12-02,M03,328,163.8,Afternoon,OP08,81.2,Overdue,376
2025-11-24,M04,402,3.3,Night,OP11,62.3,Up to Date,407
2025-03-17,M02,420,24.9,Morning,OP02,60.4,Up to Date,428
2025-03-10,M05,504,15.4,Morning,OP05,65.0,Up to Date,512
2025-05-18,M05,505,11.9,Morning,OP05,70.5,Up to Date,514
2025-03-14,M01,435,,Night,OP12,64.2,Up to Date,442
22/02/2025,M01,416,25.7,Afternoon,OP06,63.8,Up to Date,425
2025-05-27,M01,454,,Afternoon,OP06,,Up to Date,465
2025-01-21,M06,585,15.1,Night,OP14,60.4,Up to Date,598
2025-12-19,M04,409,1.2,Afternoon,OP07,60.5,Up to Date,418
09/10/2025,M08,367,12.7,Afternoon,OP08,67.6,Up to Date,374
2025-01-15,M02,405,13.6,Morning,OP02,59.2,Up to Date,415
2025-08-10,M04,401,5.5,Night,OP11,67.9,Due Soon,407
2025-10-21,M06,494,5.2,Afternoon,OP08,79.5,Overdue,541
2025-09-04,M01,456,8.0,Afternoon,OP06,71.9,Up to Date,462
2025-02-09,M08,378,23.1,Morning,OP05,63.2,Due Soon,384
2025-05-04,M05,515,6.0,Morning,OP04,65.5,Up to Date,530
2025-07-08,M06,578,11.4,Afternoon,OP09,69.8,Up to Date,590
2025-08-15,M01,479,6.5,Afternoon,OP07,71.9,Due Soon,489
2025-07-13,M02,394,26.5,Afternoon,OP07,65.3,Up to Date,401
2025-05-24,M01,489,5.2,Afternoon,OP06,72.7,Up to Date,499
2025-10-25,M08,359,18.3,Afternoon,OP08,69.1,Up to Date,365
2025-01-26,M01,469,11.2,Morning,OP01,64.5,Up to Date,477
2025-08-17,M01,485,4.5,Morning,OP02,72.4,Due Soon,493
2025-09-25,M08,372,11.9,Morning,OP03,68.2,Up to Date,381
2025-05-24,M02,394,10.9,Afternoon,OP06,69.0,Up to Date,401
2025-07-02,M02,299,134.2,Morning,OP01,63.0,Up to Date,304
2025-08-02,M06,543,8.3,Afternoon,OP08,68.3,Overdue,554
2025-01-30,M03,621,23.6,Morning,OP05,61.2,Up to Date,636
2025-06-15,M04,385,,Afternoon,OP06,70.2,Up to Date,389
2025-08-03,M02,408,16.8,Afternoon,OP07,67.9,Up to Date,420
2025-11-01,M05,489,18.7,Morning,OP03,67.3,Overdue,507
2025-02-26,M06,560,17.7,Night,OP15,60.9,Up to Date,566
2025-08-07,M04,393,8.8,Morning,OP01,67.2,Up to Date,400
2025-01-09,M04,377,48.2,Morning,OP01,58.1,Up to Date,381
2025-11-03,M04,393,3.0,Night,OP12,63.7,Up to Date,403
2025-08-03,M05,501,12.7,Night,OP14,69.8,Up to Date,514
2025-01-30,M05,488,18.9,Afternoon,OP10,68.8,Up to Date,493
2025-04-20,M06,581,5.8,Afternoon,OP10,67.5,Up to Date,590
24/10/2025,M02,419,6.4,Morning,OP01,60.2,Up to Date,427
2025-10-25,M01,477,11.8,Afternoon,OP07,,Up to Date,492
2025-11-27,M04,398,21.0,Morning,OP01,63.5,Up to Date,404
2025-12-25,M02,393,13.8,Night,OP12,57.5,Up to Date,401
2025-12-17,M03,336,148.6,Night,OP13,81.9,Overdue,382
2025-07-01,M02,398,3.7,Night,OP11,69.1,Up to Date,406
2025-05-08,M07,409,11.7,Night,OP12,66.7,Up to Date,421
2025-12-03,M05,487,10.5,Night,OP15,64.3,Up to Date,495
2025-09-06,M01,472,7.0,Morning,OP01,68.1,Up to Date,477
2025-08-17,M02,424,15.9,Morning,OP02,62.9,Up to Date,432
12/06/2025,M06,573,14.5,Morning,OP05,69.2,Due Soon,586
2025-08-05,M08,358,12.5,Afternoon,OP10,72.4,Up to Date,366
2025-05-11,M08,362,29.0,Morning,OP05,69.7,Up to Date,370
2025-05-31,M06,554,14.9,Night,OP14,70.6,Up to Date,571
2025-07-26,M03,618,4.3,Night,OP14,69.4,Up to Date,633
2025-06-21,M03,583,7.0,Afternoon,OP08,71.0,Up to Date,600
2025-12-18,M08,322,77.7,Night,OP14,63.7,Due Soon,329
2025-02-23,M04,386,4.5,Night,OP11,61.5,Up to Date,396
2025-04-07,M07,421,37.2,Morning,OP02,59.2,Up to Date,428
2025-07-28,M06,595,0.6,Morning,OP03,68.8,Overdue,609
2025-03-20,M06,625,5.5,Night,OP13,64.5,Up to Date,640
2025-04-14,M05,488,25.6,Afternoon,OP09,68.0,Due Soon,500
2025-08-08,M08,388,22.6,Morning,OP03,71.8,Up to Date,398
2025-05-17,M04,387,9.9,Morning,OP01,68.0,Up to Date,392
2025-07-19,M08,380,2.5,Night,OP14,70.8,Up to Date,384
2025-07-20,M02,413,17.1,Morning,OP02,68.0,Up to Date,418
2025-08-05,M04,384,9.6,Morning,OP01,68.3,Up to Date,396
2025-07-17,M06,614,7.4,Afternoon,OP10,69.8,Due Soon,629
2025-12-08,M03,384,134.5,Morning,OP03,78.4,Overdue,430
2025-02-23,M02,429,0.3,Morning,OP02,61.2,Up to Date,434
2025-02-01,M04,354,48.0,Afternoon,OP06,62.8,Up to Date,360
2025-01-12,M03,619,3.2,Night,OP15,64.3,Up to Date,632
2025-03-31,M04,377,28.4,Afternoon,OP06,65.9,Up to Date,382
2025-12-24,M05,425,39.7,Night,OP15,64.7,Overdue,436
2025-06-15,M06,578,17.5,Afternoon,OP08,72.2,Due Soon,590
2025-05-20,M07,436,9.4,Afternoon,OP07,67.6,Up to Date,447
2025-11-16,M05,516,11.5,Afternoon,OP09,65.2,Up to Date,529
2025-05-19,M08,374,12.3,Afternoon,OP10,70.3,Up to Date,381
2025-03-31,M05,481,20.4,Night,OP14,63.5,Up to Date,494
2025-11-02,M06,511,1.8,Morning,OP03,76.4,Overdue,569
2025-12-19,M07,398,62.8,Morning,OP01,59.9,Up to Date,402
2025-11-21,M04,404,0.9,Night,OP11,61.8,Up to Date,410
2025-02-11,M07,433,12.0,Morning,OP02,61.6,Up to Date,443
2025-05-21,M03,570,23.7,Night,OP15,69.3,Up to Date,576
2025-05-24,M05,511,9.7,Morning,OP04,67.7,Up to Date,527
2025-02-22,M03,626,2.5,Morning,OP05,62.3,Up to Date,642
2025-03-15,M08,394,14.7,Night,OP13,63.7,Due Soon,401
2025-07-08,M08,389,15.3,Morning,OP04,70.5,Up to Date,394
2025-09-29,M02,383,34.3,Night,OP11,63.5,Up to Date,390
2025-11-04,M08,398,5.3,Morning,OP04,63.6,Up to Date,406
2025-03-21,M02,422,16.8,Night,OP11,61.1,Up to Date,431
2025-03-31,M02,415,10.7,Night,OP11,62.8,Up to Date,425
2025-07-18,M08,324,71.9,Afternoon,OP10,74.8,Up to Date,335
2025-12-21,M02,418,17.6,Afternoon,OP07,62.2,Up to Date,425
2025-06-15,M06,568,28.4,Morning,OP03,71.4,Due Soon,580
2025-11-13,M08,345,36.9,Morning,OP04,62.6,Up to Date,350
2025-03-27,M05,518,14.0,Morning,OP05,65.9,Up to Date,528
2025-12-27,M07,,5.1,Night,OP12,63.7,Due Soon,438
2025-03-25,M03,610,25.7,Afternoon,OP09,68.8,Up to Date,614
2025-10-03,M07,433,10.1,Afternoon,OP06,68.6,Up to Date,447
2025-02-04,M08,352,34.6,Afternoon,OP10,66.9,Up to Date,360
2025-10-19,M07,450,8.2,Afternoon,OP07,68.4,Up to Date,463
2025-05-28,M05,508,3.7,Afternoon,OP09,71.6,Up to Date,518
2025-02-17,M05,506,6.1,Night,OP15,62.5,Up to Date,517
2025-05-18,M03 ,603,20.7,Afternoon,OP10,72.5,Up to Date,612
2025-09-17,M07,411,28.9,Night,OP12,70.0,Up to Date,422
2025-05-28,M05,514,1.8,Night,OP15,70.5,Up to Date,524
2025-05-05,M04,403,3.3,Morning,OP01,65.4,Up to Date,410
2025-12-11,M07,426,26.4,Night,OP12,63.9,Up to Date,432
2025-10-30,M01,435,18.6,Afternoon,OP07,70.0,Up to Date,444
2025-09-16,M06,487,27.4,Morning,OP05,74.5,Overdue,522
2025-03-02,M02,411,18.4,Afternoon,OP06,59.1,Up to Date,420
2025-09-13,M06,539,13.1,Morning,OP05,72.9,Overdue,576
2025-12-13,M07,392,32.4,Night,OP11,60.5,Up to Date,402
2025-03-23,M04,376,45.9,Afternoon,OP06,64.2,Up to Date,382
2025-05-28,M01,459,4.3,Afternoon,OP06,71.3,Up to Date,467
2025-06-13,M01,446,25.5,Night,OP11,,Up to Date,454
2025-09-17,M02,422,5.4,Afternoon,OP06,68.4,Up to Date,434
2025-07-15,M04,402,9.3,Afternoon,OP07,72.3,Up to Date,411
2025-06-09,M07,404,46.5,Afternoon,OP06,69.5,Up to Date,413
2025-08-29,M07,433,17.8,Morning,OP01,67.2,Due Soon,437
2025-01-11,M04,386,8.6,Afternoon,OP06,65.0,Up to Date,394
2025-12-20,M04,390,7.4,Morning,OP02,63.1,Up to Date,400
2025-02-12,M02,420,7.2,Morning,OP02,59.9,Up to Date,431
2025-02-17,M05,467,30.6,Afternoon,OP10,64.7,Up to Date,479
2025-08-30,M04,386,37.2,Morning,OP02,68.2,Up to Date,394
2025-03-07,M02,396,20.8,Night,OP11,57.6,Up to Date,403
2025-12-05,M04,391,1.6,Morning,OP02,61.5,Up to Date,399
2025-05-12,M08,383,10.6,Night,OP13,66.2,Due Soon,390
2025-11-12,M07,429,23.1,Morning,OP01,63.0,Up to Date,439
2025-02-12,M05,521,12.8,Afternoon,OP08,63.5,Up to Date,529
2025-10-07,M01,466,3.7,Night,OP12,69.1,Up to Date,476
2025-04-01,M05,512,35.3,Morning,OP05,68.5,Up to Date,527
2025-11-07,M02,384,33.4, Night ,OP11,60.2,up to date,397
2025-03-05,M07,437,19.6,Morning,OP02,60.8,Up to Date,446
2025-08-05,M06,537,15.6,Night,OP15,72.2,Overdue,554
2025-11-07,M05,463,17.7,Night,OP13,65.3,Overdue,480
2025-08-19,M03,588,7.9,Night,OP15,70.2,Overdue,600
2025-09-07,M07,401,32.7,Morning,OP02,62.0,Up to Date,410
2025-02-01,M01,431,20.3,Morning,OP02,,Up to Date,440
2025-02-18,M06,601,3.4,Night,OP13,63.9,Due Soon,613
2025-03-20,M08,386,26.6,Afternoon,OP10,67.8,Up to Date,390
2025-09-20,M05,524,10.5,Afternoon,OP10,71.0,Up to Date,536
2025-06-25,M01,441,31.8,Morning,OP02,74.0,Up to Date,448
2025-11-10,M02,417,8.0,Morning,OP01,57.9,Due Soon,425
2025-05-07,M08,370,10.1,Night,OP15,70.4,Up to Date,376
2025-12-06,M04,406,2.5,Afternoon,OP07,64.7,Up to Date,414
2025-06-08,M05,511,21.5,Afternoon,OP10,72.5,Up to Date,521
2025-07-14,M03,615,22.9,Morning,OP03,73.4,Up to Date,633
2025-12-01,M06,463,9.0,Night,OP13,75.9,Overdue,514
2025-12-25,M05,507,9.4,MORNING,OP03,64.8,Overdue,528
2025-06-23,M05,502,17.6,Afternoon,OP09,69.7,Up to Date,511
2025-11-05,M08,362,16.5,Night,OP15,71.2,Up to Date,369
2025-05-07,M04,386,16.6,Afternoon,OP07,65.6,Due Soon,392
2025-10-22,M03,518,33.4,Morning,OP05,75.0,Overdue,558
2025-11-24,M05,520,4.1,Afternoon,OP10,63.7,Up to Date,527
2025-08-07,M04,410,8.2,Afternoon,OP06,69.2,Up to Date,414
2025-05-04,M06,559,17.8, Night ,OP15,67.0,Up to Date,569
2025-08-14,M07,428,8.3,Night,OP11,68.6,Up to Date,440
2025-05-21,M06,574,11.9,Morning,OP05,69.9,Up to Date,585
2025-02-05,M07,431,28.8,Night,OP11,61.5,Up to Date,441
2025-01-16,M03,576,11.5,Afternoon,OP08,,Up to Date,590
2025-03-17,M03,608,11.7,Night,OP14,65.5,Up to Date,627
2025-09-13,M07,443,5.1,Morning,OP02,66.5,up to date,449
2025-08-02,M04,402,15.0,Night,OP11,72.9,Up to Date,406
2025-08-24,M01,445,21.8,Afternoon,OP06,71.7,Up to Date,452
2025-10-10,M07,418,3.9,Morning,OP01,63.5,Up to Date,430
2025-12-10,M01,475,5.7,Night,OP11,63.0,Up to Date,484
2025-06-08,M08,353,54.8,Afternoon,OP10,68.9,Up to Date,360
2025-09-02,M07,422,19.3,Morning,OP02,70.4,Due Soon,431
2025-04-19,M08,372,4.0,Afternoon,OP08,67.8,Up to Date,379
2025-07-04,M03,589,35.1,Morning,OP04,71.1,Due Soon,599
2025-02-19,M02,433,12.8,Morning,OP01,56.5,Due Soon,441
2025-03-01,M06,559,12.0,Night,OP14,58.8,Up to Date,576
2025-03-22,M05,510,17.2,Afternoon,OP10,65.6,Up to Date,523
2025-01-14,M08,374,11.4,Afternoon,OP09,66.3,Up to Date,387
2025-10-25,M01,459,15.5,Night,OP12,65.6,Up to Date,470
2025-02-09,M02,418,15.1,Morning,OP01,55.9,Up to Date,424
2025-11-10,M06,336,147.5, Night ,OP14,77.8,Overdue,374
2025-05-30,M04,381,11.8,Night,OP12,65.1,Up to Date,386
18/12/2025,M06,475,9.7,Night,OP14,75.3,Overdue,537
2025-11-04,M02,404,10.9,Afternoon,OP06,61.8,Up to Date,411
2025-10-30,M07,455,10.5,Afternoon,OP06,65.1,Up to Date,464
2025-09-30,M-07,435,26.0,Morning,OP02,65.4,Due Soon,439
2025-03-01,M07,438,7.2,Night,OP11,61.7,Due Soon,454
2025-10-03,M02,424,15.6,Morning,OP02,62.1,Up to Date,434
2025-10-23,M08,396,5.9,Morning,OP03,67.1,Up to Date,397
2025-05-03,M01,463,7.4,Afternoon,OP07,68.6,Up to Date,471
2025-01-16,M07,440,16.4,Morning,OP02,60.8,Up to Date,452
2025-03-31,M03,641,5.8,Morning,OP04,64.5,Up to Date,652
03/07/2025,M06,547,13.3,Night,OP14,70.2,Up to Date,553
2025-02-09,M06,573,10.1,Night,OP14,60.2,Up to Date,590
2025-09-10,M07,426,10.7,Night,OP12,67.3,Up to Date,435
2025-05-10,M02,401,11.3,Night,OP11,66.1,Up to Date,408
2025-11-21,M07,440,26.6,Afternoon,OP06,61.6,Up to Date,450
2025-03-13,M04,394,5.0,Morning,OP01,64.0,Due Soon,404
2025-03-17,M04,382,12.6,Afternoon,OP07,62.0,Up to Date,391
2025-09-22,M07,458,10.7,Morning,OP01,63.1,up to date,460
2025-08-25,M08,360,8.2,Night,OP13,70.3,Up to Date,370
2025-11-14,M02,388,25.5,Afternoon,OP06,64.0,Due Soon,396
2025-11-01,M06,479,9.5,Night,OP14,77.2,Overdue,530
2025-10-28,M02,413,20.4,Afternoon,OP06,63.8,Up to Date,419
2025-05-19,M03,567,4.5,Night,OP15,68.4,up to date,577
2025-06-22,M03,591,28.7,Afternoon,OP08,72.6,Up to Date,603
2025-05-02,M02,368,45.7,Night,OP12,62.7,Up to Date,379
2025-08-18,M02,421,0.9,Afternoon,OP06,68.4,Up to Date,432
2025-02-04,M07,442,8.8,Afternoon,OP06,66.1,Up to Date,455
2025-04-20,M02,412,6.7,Morning,OP02,63.4,Up to Date,423
19/11/2025,M01,473,7.5, Morning ,OP02,61.1,Due Soon,481
2025-09-08,M02,425,2.8,Night,OP11,65.7,Up to Date,434
2025-11-13,M04,413,12.1,Night,OP11,64.5,Due Soon,421
2025-05-05,M04,388,16.2,Night,OP11,68.2,Up to Date,398
2025-12-23,M01,468,4.9,Afternoon,OP06,63.0,Up to Date,472
2025-12-11,M08,386,14.9,Afternoon,OP09,60.9,Up to Date,394
2025-02-07,M01,447,24.8,Night,OP11,62.5,Up to Date,452
2025-07-25,M04,396,9.2,Night,OP11,66.4,Up to Date,405
2025-07-19,M01,449,11.8,Morning,OP01,71.9,Due Soon,454
2025-10-30,M03,412,107.4,Afternoon,OP09,78.8,Overdue,458
2025-07-15,M08,359,38.2,Morning,OP03,68.7,Due Soon,367
2025-10-31,M05,457,45.3,Afternoon,OP08,68.3,Overdue,471
2025-01-04,M07,426,12.0,Afternoon,OP06,61.4,Up to Date,441
2025-07-14,M02,384,,Morning,OP01,66.5,Up to Date,393
2025-03-11,M02,387,22.5,morning,OP02,62.8,Up to Date,394
2025-08-10,M04,402,7.7,Afternoon,OP06,66.9,Due Soon,415
2025-01-08,M02 ,432,1.7,Night,OP12,59.6,Up to Date,443
2025-07-07,M08,361,4.5,Night,OP13,70.7,Up to Date,370
2025-12-08,M01,456,3.1,Night,OP11,64.3,Up to Date,460
2025-01-02,M06,583,13.5,Morning,OP05,61.9,Up to Date,597
2025-12-05,M03,510,1.7,Afternoon,OP10,80.3,Overdue,569
2025-12-19,M03,492,17.0,Afternoon,OP09,78.3,Overdue,545
2025-11-08,M01,454,6.1,Morning,OP01,65.0,Up to Date,461
2025-02-10,M02,436,10.6,Afternoon,OP07,61.5,Up to Date,443
2025-02-19,M07,398,39.6,Morning,OP02,59.6,Up to Date,407
2025-12-29,M01,474,4.6,Morning,OP02,66.1,up to date,483
2025-07-01,M08,328,48.0,Night,OP14,71.1,Up to Date,337
2025-02-03,M01,260,217.0,Night,OP12,62.0,Up to Date,262
2025-01-12,M01,476,4.5,Morning,OP02,64.4,Due Soon,485
2025-01-07,M03,608,10.4,Afternoon,OP08,64.1,Up to Date,614
2025-03-14,M03,543,9.2,Night,OP15,66.9,Up to Date,555
2025-05-31,M01,479,10.9,Night,OP12,68.8,Up to Date,484
2025-03-23,M01,441,26.3,Afternoon,OP06,68.6,Up to Date,456
2025-06-11,M08,381,1.2,Morning,OP05,68.3,Up to Date,391
2025-03-27,M08,360,5.5,Night,OP15,66.7,Up to Date,367
2025-10-07,M05,486,18.0,Afternoon,OP08,67.2,Due Soon,494
2025-05-31,M05,485,4.0,Night,OP15,67.6,Up to Date,489
2025-07-17,M07,408,37.7,Morning,OP02,69.1,Up to Date,418
2025-12-29,M02,439,2.9,Morning,OP02,58.3,Up to Date,447
2025-08-24,M03,598,26.9,Afternoon,OP09,75.3,Overdue,616
2025-08-02,M03,607,7.9,Morning,OP05,72.0,Up to Date,627
2025-06-11,M01,437,9.2,Night,OP11,69.8,Up to Date,444
2025-08-15,M08,364,5.5,Night,OP15,72.2,Due Soon,374
2025-12-28,M02,418,7.6,Afternoon,OP06,62.2,Up to Date,425
2025-01-04,M01,464,15.0,Night,OP11,63.4,Up to Date,471
2025-06-27,M02,404,37.5,Morning,OP02,63.1,Up to Date,412
2025-02-03,M04,414,0.7,Morning,OP02,63.1,Up to Date,421
2025-12-01,M03,401,104.6,Night,OP13,75.6,Overdue,447
2025-10-15,M01,469,10.2,Afternoon,OP06,66.3,Due Soon,479
2025-03-27,M02,397,30.2,Morning,OP02,59.0,Up to Date,401
2025-06-09,M08,375,23.3,Afternoon,OP09,73.1,Up to Date,387
2025-08-29,M01,466,4.5,Afternoon,OP06,72.0,Up to Date,475
2025-04-17,M03,649,1.3,Morning,OP05,62.9,Up to Date,660
2025-01-24,M07,434,30.0,Morning,OP01,62.4,Up to Date,440
2025-04-14,M01,440,14.9,Night,OP12,64.9,Due Soon,449
2025-05-16,M03,601,26.4,Afternoon,OP10,70.4,Up to Date,618
2025-05-06,M05,523,9.4,Morning,OP05,68.2,Up to Date,535
2025-01-30,M05,520,10.9,Morning,OP03,63.0,Up to Date,530
2025-01-23,M04,409,6.9,Night,OP12,61.3,Up to Date,416
2025-06-29,M06,586,10.4,Night,OP15,73.4,Up to Date,596
2025-09-07,M04,374,33.5,Night,OP11,63.6,Up to Date,380
2025-03-01,M02,383,43.3,Afternoon,OP07,59.9,Up to Date,391
2025-10-21,M05,320,169.0,Night,OP13,68.7,Overdue,325
2025-03-25,m04,377,3.1,Night,OP11,62.9,Up to Date,385
2025-11-01,M05,477,18.0,Night,OP14,69.1,Overdue,497
2025-02-18,M02,406,15.3,Night,OP11,55.7,Due Soon,416
2025-05-15,M06,593,10.7,Morning,OP03,65.4,Due Soon,604
2025-09-05,M01,474,10.1,Morning,OP02,71.4,Up to Date,482
2025-12-12,M02,425,5.7,Afternoon,OP06,61.1,Due Soon,435
2025-09-04,M06,507,16.0,Night,OP15,73.4,Overdue,533
2025-07-29,M05,463,34.9,Afternoon,OP10,71.3,Up to Date,475
2025-12-31,M08,382,14.6,Afternoon,OP10,65.3,Up to Date,389
2025-04-07,M04,404,18.8,Night,OP12,62.2,Up to Date,413
2025-10-04,M08,376,8.8,AFTERNOON,OP08,69.6,Up to Date,387
2025-01-15,M08,374,15.3,Night,OP13,63.0,Up to Date,382
2025-10-13,M08,354,12.0,Afternoon,OP08,68.9,Up to Date,361
2025-12-12,M06,303,182.6,Morning,OP04,79.7,Overdue,339
2025-03-29,M02,408,6.1,Night,OP11,63.3,Up to Date,420
2025-10-06,M03,411,136.9,Morning,OP04,76.6,Overdue,435
2025-12-05,M05,503,5.3,Afternoon,OP08,65.7,Due Soon,517
2025-10-01,M08,397,18.5,Afternoon,OP09,72.8,Up to Date,404
2025-03-25,M02,412,8.3,Night,OP11,59.3,Up to Date,422
2025-10-11,M02,428,10.2,Morning,OP01,65.3,Due Soon,436
2025-04-15,M06,620,6.6,Afternoon,OP09,65.4,Due Soon,634
2025-07-11,M08,387,28.7,Morning,OP05,71.1,Up to Date,391
2025-08-14,M05,484,15.7,Afternoon,OP08,,Due Soon,497
2025-01-21,M03,600,8.1,Morning,OP03,0.0,Up to Date,615
22/04/2025,M05,501,13.4,Night,OP13,69.5,Up to Date,514
2025-12-16,M03,486,28.9,Afternoon,OP10,80.1,Overdue,542
2025-05-01,M04,389,29.8,Afternoon,OP07,69.1,Up to Date,397
2025-12-03,M05,506,19.0,Afternoon,OP09,65.1,Up to Date,518
2025-08-12,M06,387,157.8,Night,,72.3,Overdue,402
2025-11-18,M04,321,81.0,Morning,OP01,66.6,Up to Date,331
2025-12-26,M03,470,29.4,Afternoon,OP10,78.4,Overdue,522
2025-07-27,M05,521,5.3,Night,OP14,69.0,Up to Date,528
2025-04-29,M06,562,10.0,Afternoon,OP08,70.5,up to date,577
2025-06-14,M01,468,4.0,Afternoon,OP06,71.7,Up to Date,478
2025-03-04,M08,391,8.8,Morning,OP04,62.8,Up to Date,398
2025-12-21,M05,463,12.5,Night,OP15,62.8,Overdue,474
2025-07-26,M08,434.7,9.5,Morning,OP05,70.2,Up to Date,378
2025-09-18,M08,386,6.8,Afternoon,OP10,73.9,Due Soon,399
2025-09-06,M04,394,10.8,Morning,OP01,67.4,Up to Date,401
2025-07-09,M04,369,6.0,Night,OP12,68.7,Up to Date,376
2025-01-12,M07,424,22.4,Morning,OP01,60.9,Up to Date,434
2025-08-14,M02,409,15.4,afternoon,OP06,,Due Soon,419
2025-02-14,M07,427,12.7,Night,OP12,62.1,Up to Date,435
2025-07-20,M04,375,20.9,Night,OP11,66.4,Up to Date,381
2025-04-03,M01,456,11.1,Afternoon,OP06,63.8,Up to Date,464
2025-03-05,M02,407,6.1,Morning,OP01,57.7,Up to Date,416
2025-12-16,M02,375,55.4,Afternoon,OP07,63.2,Up to Date,384
2025-06-13,M-03,636,2.6,Morning,OP04,66.7,Up to Date,642
2025-05-05,M06,578,20.1,Afternoon,OP09,68.2,Up to Date,593
2025-09-01,M07,424,16.2,Night,OP12,67.0,Due Soon,435
2025-09-20,M05,476,8.7,Night,OP15,68.3,Up to Date,485
2025-03-16,M08,383,13.0,Afternoon,OP10,70.0,Up to Date,392
2025-05-06,M06,629,5.3,Morning,OP05,68.1,Up to Date,641
2025-02-06,M06,595,6.6,Morning,OP05,64.6,Up to Date,608
2025-12-02,M01,457,9.8,Afternoon,OP06,64.2,Up to Date,463
2025-04-13,M06,538,13.9,Night,OP14,65.1,Due Soon,551
2025-05-30,M06,571,28.4,Morning,OP04,67.1,Up to Date,582
2025-02-16,M06,575,16.6,Night,OP13,61.1,Due Soon,582
2025-12-14,M02,416,21.8,Night,OP11,60.0,Due Soon,421
2025-09-21,M05,503,10.5,Morning,OP04,68.9,Up to Date,514
2025-03-21,M07,432,7.8,Morning,OP02,64.6,Up to Date,443
2025-05-10,M05,485,13.2,Afternoon,OP08,68.1,Up to Date,493
2025-02-17,M04,365,52.2,Morning,OP02,62.4,Up to Date,374
2025-07-19,M03,551,26.5,Night,OP13,71.2,Up to Date,568
2025-03-06,M01,440,10.3,Night,OP11,63.6,Up to Date,449
09/11/2025,M06,34,446.1,Afternoon,OP08,80.4,Overdue,39
2025-01-01,M04,404,7.8,Night,OP12,61.4,Up to Date,414
2025-10-01,M07,432,5.5,Night,OP12,65.6,Up to Date,441
2025-07-09,M01,463,6.1,Morning,OP02,68.4,Up to Date,474
2025-03-02,M05,510,6.4,Morning,OP03,64.4,up to date,525
2025-11-21,M06,266,226.3,Morning,OP04,79.7,Overdue,298
2025-11-09,M05,514,15.5,Morning,OP03,67.8,Overdue,533
2025-05-23,M06,602,3.4,Morning,OP04,68.8,Up to Date,618
2025-04-07,M03,629,17.6,Afternoon,OP10,66.5,Up to Date,641
2025-12-04,M05,520,8.0,Afternoon,OP09,66.3,Up to Date,530
2025-07-26,M07,443,9.5,Morning,OP01,68.7,Due Soon,452
2025-08-05,M05,496,7.5,Night,OP14,70.7,Up to Date,506
2025-10-19,M01,448,16.8,Morning,OP02,65.7,Due Soon,457
2025-06-20,M02,386,22.5,Morning,OP01,65.0,Up to Date,397
2025-12-14,M04,400,8.9,Morning,OP02,59.6,Due Soon,406
2025-07-10,M05,514,2.4,Afternoon,OP08,72.8,Due Soon,525
2025-08-13,M05,491,18.7,Morning,OP03,70.5,Due Soon,500
2025-09-06,M04,396,2.9,Night,OP11,68.0,Up to Date,407
2025-07-06,M04,404,18.3,Night,OP12,70.8,Up to Date,414
2025-03-21,M07,428,22.8,Night,OP11,61.2,Up to Date,434
2025-07-10,M01,449,14.4,Morning,OP01,70.3,Up to Date,462
2025-02-17,M03,632,1.7,Afternoon,OP10,66.9,Up to Date,643
2025-08-10,M08,362,17.5,Night,OP13,69.3,Up to Date,373
2025-08-13,M06,583,7.2,Morning,OP05,71.3,Overdue,607
2025-10-08,M05,535,7.1,Afternoon,OP10,67.5,Due Soon,546
2025-11-22,M07,442,7.9,Afternoon,OP06,62.1,Due Soon,448
2025-06-05,M05,501,28.5,Morning,OP04,71.0,Up to Date,508
2025-11-25,M05,495,10.2,Afternoon,OP10,66.2,Up to Date,504
2025-09-23,M05,466,51.0,Afternoon,OP09,71.2,Up to Date,476
2025-06-03,M01,371,105.2,Morning,OP01,66.3,Up to Date,376
2025-10-19,M06,511,13.5,Afternoon,OP09,77.6,Overdue,557
2025-06-10,M04,394,12.7,Morning,OP02,64.4,Due Soon,403
2025-06-30,M08,343,46.3, Morning ,OP04,70.6,Up to Date,356
2025-01-04,M03,604,16.9,Afternoon,OP08,65.8,Up to Date,615
2025-05-03,M01,430,7.1,Night,OP11,66.9,Up to Date,444
2025-07-31,M01,448,14.2,Night,OP12,73.0,Up to Date,459
2025-08-15,M01,401,45.5,Morning,OP01,73.1,Due Soon,413
2025-12-20,M03,189,292.4,Night,OP15,79.6,Overdue,214
2025-10-20,M04,382,7.4,Morning,OP02,68.8,Up to Date,392
2025-09-16,M01,460,19.0,Night,OP11,68.5,Due Soon,465
2025-04-30,M08,371,14.1,Night,OP14,70.9,Up to Date,381
07/11/2025,M06,457,30.4,Afternoon,OP08,76.9,overdue,503
2025-04-12,M03,560,6.1,Night,OP15,65.5,Up to Date,574
2025-11-03,m08,399,16.1,Morning,OP05,66.3,Up to Date,410
2025-09-18,M01,458,9.5,Night,OP12,70.5,Up to Date,468
2025-12-30,M05,497,4.8,Night,OP14,62.5,Overdue,512
2025-01-20,M08,388,22.6,Afternoon,OP10,64.2,Up to Date,395
2025-02-13,M03,614,12.2,Afternoon,OP09,66.3,Up to Date,633
2025-12-31,M01,466,25.0,Morning,OP01,61.9,Up to Date,476
2025-05-08,M06,612,0.9,Morning,OP04,67.4,Up to Date,621
2025-07-16,M01,461,3.0,Morning,OP01,69.9,Up to Date,469
2025-07-20,M05,503,18.0,Morning,OP03,73.6,Up to Date,518
2025-02-22,M07,427,7.1,Night,OP12,63.9,Up to Date,438
2025-10-17,M03,468,80.8,Afternoon,OP09,76.5,Overdue,503
2025-03-27,M03,608,8.6,Night,OP13,64.6,Up to Date,624
2025-03-23,M01,434,32.7,Night,,63.8,Up to Date,441
2025-01-05,M03,619,16.3,Afternoon,OP08,66.7,Up to Date,633
2025-10-22,M02,411,2.6,Morning,OP01,60.8,Up to Date,422
2025-12-03,M07,436,12.7,Afternoon,OP07,,Up to Date,449
2025-03-10,M07,429,17.5,Morning,OP02,61.3,Up to Date,434
2025-11-12,M06,330,145.0,Night,OP15,76.4,Overdue,368
2025-04-01,M04,410,6.1,Afternoon,OP06,67.4,Up to Date,418
2025-02-03,M02,415,4.4,Morning,OP02,56.8,Up to Date,428
2025-01-20,M01,458,8.3,Morning,OP01,62.6,Overdue,469
2025-04-12,M01,491,1.5,Afternoon,OP07,69.9,Up to Date,502
2025-07-29,M08,370,25.0,Afternoon,OP08,71.4,Up to Date,374
2025-01-06,M03,608,11.9,Afternoon,OP10,64.4,Up to Date,618
2025-05-27,M05,491,14.9,Night,OP13,70.3,Up to Date,501
2025-06-25,M05,518,8.9,Night,OP15,,Up to Date,523
2025-12-20,M08,290,116.5,Afternoon,OP09,67.2,Up to Date,296
2025-09-19,M06,,113.3,Morning,OP04,77.8,Overdue,446
2025-10-15,M01,481,,Morning,OP01,66.7,Due Soon,488
2025-06-16,M06,566,30.7,Afternoon,OP09,72.9,Due Soon,574
2025-07-04,M02,392,33.3,Morning,OP02,65.3,Up to Date,403
2025-04-01,M08,398,0.6,Night,OP14,66.9,Up to Date,403
2025-04-24,M01,463,3.2,Morning,OP01,69.4,Up to Date,466
2025-08-04,M03,571,32.1,Afternoon,OP10,70.3,Due Soon,584
2025-07-06,M03,624,7.1,Afternoon,OP10,69.6,Due Soon,641
2025-06-05,M02,397,33.0,Afternoon,OP07,66.7,Up to Date,405
2025-11-01,M02,355,72.0,Night,OP11,60.7,Up to Date,362
2025-11-12,M05,451,24.6,Night,OP15,66.1,Up to Date,458
2025-05-27,M08,370,10.8,Morning,OP03,66.7,Up to Date,388
2025-04-09,M07,425,34.4,Night,OP11,64.8,Up to Date,429
21/03/2025,M08,344,35.3,Night,OP14,62.2,Up to Date,355
2025-12-31,M03,323,187.8,Morning,OP05,73.7,Overdue,355
18/02/2025,M08,378,26.3,Afternoon,OP09,65.5,Up to Date,385
2025-08-16,M06,544,26.8,Afternoon,OP09,76.0,Overdue,567
2025-11-21,M06,459,2.7,Afternoon,OP09,79.4,Overdue,515
2025-01-04,M04,378,19.6,Morning,OP01,60.2,Up to Date,385
2025-06-16,M05,522,2.5,Afternoon,OP08,69.9,Up to Date,534
2025-07-27,M01,449,8.0,Morning,OP02,71.5,Up to Date,458
2025-09-07,M03,461,115.2,Afternoon,OP09,75.9,Overdue,475
2025-08-05,M06,594,22.1,Morning,OP03,72.2,Overdue,613
2025-01-09,M08,377,10.5,Night,OP13,60.4,Up to Date,388
2025-05-17,M05,372,124.7,Night,OP14,68.2,Up to Date,377
2025-09-10,M07,447,16.0,Morning,OP01,68.0,Up to Date,452
2025-09-07,M08,387,13.1,Morning,OP05,70.5,up to date,394
04/01/2025,M08,372,19.1,Morning,OP05,65.9,Up to Date,382
2025-01-15,M01,467,8.7,Afternoon,OP07,63.9,Due Soon,478
04/12/2025,M07,426,20.7,Afternoon,OP07,62.5,Up to Date,432
2025-03-27,M02,435,14.4,Afternoon,OP07,61.3,Up to Date,448
2025-03-15,M04,407,19.2,Morning,OP01,60.6,Due Soon,415
2025-09-30,M02,391,37.9,Afternoon,OP07,64.4,Up to Date,401
2025-01-14,M03,587,18.2,Night,OP13,62.3,Up to Date,600
2025-01-27,M03,600,17.8,Afternoon,OP08,65.7,Up to Date,609
2025-06-28,M03,602,18.2,Night,OP14,72.9,Up to Date,615
2025-02-04,M04,385,28.4,Afternoon,OP07,61.6,Up to Date,388
2025-01-05,M03,605,14.9,Night,OP15,61.7,Up to Date,616
2025-11-11,M01,436,21.8,Morning,OP02,65.6,Up to Date,440
2025-03-25,M03,620,17.1,Morning,OP03,67.8,Up to Date,630
2025-09-18,M02,414,20.1,Morning,OP02,66.3,Up to Date,424
2025-12-28,M02,392,1.7,Night,OP12,57.8,Up to Date,397
2025-12-29,M01,452,6.3,Afternoon,OP07,65.5,Up to Date,464
2025-09-11,M02,363,,Night,OP12,62.5,Due Soon,370
2025-02-27,M08,381,5.3,Afternoon,OP08,63.5,Up to Date,385
2025-11-03,M08,360,32.0,Afternoon,OP10,67.1,Up to Date,368
2025-08-29,M01,453,3.7,Morning,OP01,67.9,Up to Date,459
2025-04-13,M04,391,2.3,Night,OP11,63.6,Up to Date,402
2025-04-10,M08,368,10.7,Night,OP15,66.4,Due Soon,374
2025-04-24,M05,534,11.2,Morning,OP03,63.9,Up to Date,542
2025-10-05,M06,485,24.6,Afternoon,OP08,74.6,Overdue,524
2025-05-13,M07,426,16.5,Afternoon,OP07,,Up to Date,431
2025-12-03,M04,390,5.1,Night,OP11,63.3,Up to Date,394
2025-03-06,M07,435,5.8,Afternoon,OP06,62.1,Up to Date,445
2025-12-10,M07,406,37.0,Morning,OP01,61.3,Up to Date,414
2025-10-05,M05,484,13.9,Afternoon,OP10,67.5,Up to Date,488
2025-10-13,M02,390,14.9,Night,OP11,62.0,Due Soon,399
2025-09-14,M04,404,4.4,Afternoon,OP06,65.8,Up to Date,410
2025-08-12,M05,520,13.2,Morning,OP05,67.4,Due Soon,529
2025-08-18,M07,412,30.4,Morning,OP02,68.5,Up to Date,422
2025-03-28,M02,420,8.0,Morning,OP01,63.2,Up to Date,430
2025-07-25,M05,508,10.7,Night,OP14,70.3,Up to Date,519
2025-01-20,M04,397,12.3,Afternoon,OP06,63.4,Up to Date,405
2025-11-01,M05,492,2.2,Afternoon,OP10,73.1,Overdue,509
2025-04-30,M05,522,6.9,Morning,,64.0,Up to Date,531
2025-07-04,M01,444,10.2,Night,OP11,72.2,Up to Date,454
2025-07-10,M04,398,4.9,Night,OP12,67.9,Due Soon,408
2025-07-05,M03,627,15.5,Afternoon,OP10,68.3,Due Soon,642
2025-02-28,M04,367,21.4,Afternoon,OP07,65.6,Up to Date,376
2025-08-15,M04,390,4.0,Afternoon,OP06,69.3,Up to Date,396
2025-09-28,M02,407,23.4,Night,OP12,63.0,Up to Date,418
2025-06-04,M08,390,12.2,Afternoon,OP09,69.1,Up to Date,396
2025-09-26,M02,423,6.8,Afternoon,OP07,63.0,Up to Date,438
2025-01-04,M08,370,18.2,Afternoon,OP09,64.8,Up to Date,376
2025-01-24,M08,352,6.7,Night,OP15,62.2,Up to Date,360
2025-03-02,M06,565,36.9,Night,OP13,64.5,Up to Date,580
2025-11-28,M05,475,30.0,Night,OP14,62.6,Up to Date,486
2025-08-23,M04,400,15.2,Afternoon,OP06,70.2,Up to Date,408
2025-10-07,M01,449,7.0,Morning,OP01,64.3,Up to Date,459
14/06/2025,M06,614,2.2,Afternoon,OP09,71.8,Due Soon,629
2025-06-26,M08 ,363,17.3,Afternoon,OP09,,Up to Date,375
2025-11-27,M05,506,4.8,Morning,OP04,65.2,Up to Date,525
2025-06-18,M08,378,12.4,Night,OP13,70.5,Up to Date,383
2025-07-29,M05,525,5.5,Morning,OP05,68.6,Up to Date,543
2025-02-22,M08,360,35.8,Afternoon,OP10,66.7,Up to Date,369
2025-01-22,M08,379,25.3,Morning,OP05,64.2,Up to Date,385
2025-03-18,M07,430,3.1,Morning,OP02,62.4,Up to Date,442
2025-06-16,M05,497,12.5,Night,OP15,68.9,Up to Date,515
2025-08-26,M05,440,69.1,Morning,OP03,70.3,Overdue,453
2025-02-27,M08,364,14.9,Night,OP13,63.3,Up to Date,371
2025-01-22,M03,625,10.0,Night,OP13,60.7,Up to Date,643
2025-01-19,M08,392,3.9,Night,OP13,60.4,Up to Date,398
2025-04-24,M04,383,23.0,Afternoon,OP06,62.4,Up to Date,392
2025-11-23,M05,512,4.8,Afternoon,OP10,66.6,Up to Date,526
2025-06-09,M05,461,57.1,Morning,OP03,69.8,Up to Date,469
2025-09-04,M03,595,13.9,Afternoon,OP10,74.8,Overdue,620
2025-08-09,M05,471,17.9,Afternoon,OP10,71.0,Due Soon,484
2025-03-12,M01,456,11.5,Afternoon,OP06,-40.0,Up to Date,472
2025-01-31,M07,431,14.4,Night,OP11,62.4,Up to Date,441
2025-08-26,M03,590,3.9,Night,OP15,69.8,Overdue,602
2025-10-13,M05,465,31.6,Night,OP15,69.4,Due Soon,473
2025-12-14,M01,450,10.7,Night,OP11,64.4,Up to Date,459
2025-03-05,M05,495,10.3,Morning,OP04,61.3,Up to Date,505
2025-06-29,M01,470,17.8,Night,OP12,73.9,Up to Date,475
2025-03-10,M04,380,17.9,Night,OP12,61.9,Up to Date,387
2025-10-24,M07,419,29.2,Morning,OP02,65.0,Up to Date,429
2025-06-06,M01,472,9.3,Afternoon,OP06,72.8,Up to Date,480
2025-01-26,M07,440,14.5,Morning,OP01,57.9,Due Soon,447
2025-06-13,M02,402,15.5,Night,OP11,66.6,Up to Date,411
2025-10-23,M07,391,48.9,Morning,OP01,63.4,Up to Date,399
2025-03-25,M07,459,3.4,Morning,,64.7,Up to Date,469
2025-04-09,M01,467,16.8,Afternoon,OP07,67.8,Up to Date,468
2025-01-06,M02,429,4.3,Afternoon,OP07,60.2,Up to Date,437
2025-03-30,M01,443,5.2,Morning,OP02,66.1,Up to Date,460
2025-04-21,M08,372,20.8,Night,OP13,66.6,Up to Date,380
2025-10-21,M05,523,2.8,Morning,OP05,66.7,Overdue,536
2025-12-17,M06,84,391.7,Night,OP15,76.3,Overdue,93
2025-05-16,M02,387,50.4,Morning,OP01,64.3,Up to Date,397
2025-05-19,M05,499,29.8,Afternoon,OP08,68.2,Up to Date,509
2025-12-14,M04,387,13.6,Night,OP12,63.9,Due Soon,397
2025-05-21,M01,322,152.3,Morning,OP02,68.8,In Progress,328
2025-07-21,M07,470,2.8,Afternoon,OP06,68.9,Up to Date,481
2025-08-08,M06,581,14.3,Morning,OP05,76.0,Overdue,604
2025-03-23,M08,398,7.4,Morning,OP03,63.5,Up to Date,408
2025-12-20,M02,434,14.5,Morning,OP01,61.4,Up to Date,440
2025-03-19,M01,,126.8,Morning,OP02,64.1,In Progress,362
2025-08-13,M06,557,14.7,Night,OP15,71.3,Overdue,574
2025-03-20,M03,607,29.2,Afternoon,OP08,66.0,Up to Date,617
2025-05-25,M01,432,9.7,Night,OP12,65.8,Up to Date,440
2025-06-03,M05,430,67.9,Night,OP13,66.7,Up to Date,443
2025-10-17,M05,493,13.4,Night,OP14,67.5,Overdue,502
2025-07-09,M05,485,26.3,Afternoon,OP08,71.0,Due Soon,497
2025-07-11,M06,601,7.1,Afternoon,OP08,67.8,Up to Date,613
2025-11-03,M07,426,22.1,Afternoon,OP06,61.8,Up to Date,435
2025-04-06,M05,458,10.9,Afternoon,OP08,66.9,Up to Date,472
2025-12-18,M05,478,22.0,Morning,OP05,66.2,Overdue,486
2025-11-08,M02,412,9.4,Morning,OP01,58.4,Due Soon,421
2025-03-22,M03,592,,Morning,OP04,65.1,Up to Date,600
2025-05-23,M04,389,6.6,Morning,OP02,66.0,Up to Date,399
2025-05-16,M04,389,13.0,Morning,OP01,65.9,Up to Date,398
2025-06-03,M02,409,22.6,Night,OP12,64.7,Up to Date,417
2025-06-10,M01,463,9.3,Afternoon,OP07,70.9,Up to Date,472
2025-06-20,M07,435,5.7,Afternoon,OP07,71.1,Up to Date,447
2025-03-14,M02,413,15.1,Morning,OP01,60.3,Up to Date,421
2025-09-09,M02,431,1.5,Afternoon,OP06,67.5,Due Soon,442
2025-03-13,M06,584,9.6,Night,OP15,61.6,Up to Date,592
2025-11-14,M07,454,6.5,Afternoon,OP07,65.9,Up to Date,458
2025-09-28,m08,368,14.1,Night,OP13,68.3,Up to Date,376
2025-03-21,M03,618,12.7,Morning,OP05,68.7,Up to Date,635
2025-03-31,M01,303,154.7,Morning,OP02,66.7,Up to Date,308
2025-08-19,M08,392,6.9,Afternoon,OP08,72.3,Up to Date,400
2025-09-17,M05,492,18.8,Night,OP14,68.3,Up to Date,501
2025-11-19,M03,305,179.7,Night,OP15,76.3,Overdue,338
2025-12-05,M07,436,2.7,Morning,,61.3,Up to Date,441
2025-07-13,M07,434,1.1,Afternoon,OP07,70.1,Up to Date,443
2025-06-14,M05,487,15.1,Night,OP14,71.4,Up to Date,495
2025-09-22,M05,507,16.3,Afternoon,OP09,72.0,Up to Date,516
2025-07-30,M02,421,26.2,Morning,,,Up to Date,427
2025-09-27,M08,382,2.5,Night,OP14,68.4,Up to Date,389
2025-05-04,M05,482,17.4,Afternoon,OP10,67.7,Up to Date,492
2025-08-20,M07,446,2.5,Morning,OP01,66.6,Up to Date,457
2025-06-18,M06,578,13.2,Afternoon,OP09,70.5,Due Soon,590
2025-11-16,M04,382,16.4,Afternoon,OP06,66.3,Up to Date,390
2025-01-26,M08,385,10.7,Morning,OP04,63.5,Up to Date,394
2025-02-21,M07,443,7.3,Morning,OP01,63.1,Up to Date,450
2025-01-26,M06,603,8.6,Afternoon,OP10,67.2,Up to Date,613
2025-01-04,M01,454,8.0,Afternoon,OP06,62.6,Up to Date,465
2025-02-17,M03,629,5.4,Night,OP14,63.2,Up to Date,638
2025-05-15,M02,421,6.3,Afternoon,OP07,66.0,Up to Date,426
2025-07-01,M04,366,34.8,Afternoon,OP06,72.2,Up to Date,374
2025-06-25,M08,341,29.5,Morning,OP04,,Up to Date,348
2025-03-29,M03,655,5.3,Morning,OP05,66.4,Up to Date,669
2025-03-25,M07,425,10.7,Afternoon,OP07,63.9,Up to Date,438
2025-11-18,M07,437,5.1,Afternoon,OP06,65.4,Up to Date,447
2025-08-13,M02,421,15.3,Night,OP12,65.4,Due Soon,431
2025-02-14,M04,370,15.7,Morning,OP01,61.3,Due Soon,383
2025-05-29,M07,445,2.8,Morning,OP01,63.1,Up to Date,451
2025-04-27,M03,607,10.5,Afternoon,OP10,67.4,Up to Date,622
2025-01-13,M01,445,36.5,Night,OP12,65.0,Due Soon,450
2025-10-14,M07,439,7.1,Afternoon,OP07,65.1,Up to Date,447
2025-11-24,M02,417,6.9,Morning,OP02,58.6,Up to Date,430
2025-07-27,M08,380,7.3,Morning,OP05,67.4,Up to Date,384
2025-02-22,M03,622,3.1,Afternoon,OP08,,up to date,630
2025-09-22,M06,517,24.1,Night,OP14,73.1,Overdue,551
2025-09-05,M01,464,6.2,Afternoon,OP07,71.5,Up to Date,472
2025-12-05,M04,397,7.6,Night,OP12,61.3,Up to Date,408
2025-10-07,M03,551,19.8,Night,OP14,75.9,Overdue,581
2025-07-11,M08,384,14.3,Afternoon,OP10,70.8,Up to Date,392
2025-04-05,M07,438,6.4,Afternoon,OP07,66.5,Up to Date,447
2025-03-26,M07,425,26.8,Morning,OP02,62.1,Up to Date,435
2025-05-28,M06,563,17.9,Night,OP13,70.5,Up to Date,579
2025-02-02,M04,395,2.3,Afternoon,OP06,61.1,Up to Date,403
2025-11-15,M03,273,226.7,Night,OP14,73.8,Overdue,295
2025-05-15,M01,447,15.4,Night,OP11,68.0,Due Soon,458
2025-09-25,M06,512,23.0,Morning,OP05,75.2,Overdue,553
2025-05-22,M06,575,14.7,Morning,OP03,65.8,Up to Date,585
2025-09-23,M02,356,53.8,Night,OP11,63.4,Up to Date,365
2025-03-11,M06,579,7.7,Afternoon,OP09,66.2,Up to Date,600
2025-04-02,M08,374,11.4,Afternoon,OP08,67.6,Up to Date,381
2025-02-20,M08,364,6.6,Afternoon,OP08,66.5,Up to Date,371
2025-01-18,M06,562,27.3,Afternoon,OP08,62.3,Due Soon,570
2025-07-12,M02,431,11.1,Morning,OP01,66.9,Due Soon,437
2025-11-29,M03,502,2.9,Morning,OP05,77.4,Overdue,552
2025-11-05,M04,377,27.3,Afternoon,OP06,65.9,Up to Date,385
2025-03-04,M04,373,41.3,Night,OP12,62.3,Up to Date,379
09/09/2025,M04,396,7.1,Afternoon,OP06,70.4,Due Soon,406
2025-07-24,M03,583,25.9,Night,OP13,71.9,Up to Date,590
2025-07-27,M03 ,578,31.9,Afternoon,OP09,71.3,Up to Date,595
2025-08-13,M02,424,7.6,Morning,OP02,67.4,Due Soon,439
2025-03-03,M05,478,33.7,Afternoon,OP08,63.1,Up to Date,482
2025-08-01,M07,415,19.2,Night,OP11,65.3,Up to Date,421
2025-06-22,M01,312,163.5,Morning,OP01,72.0,In Progress,317
2025-09-22,M02,431,6.9,Afternoon,OP06,62.2,Up to Date,433
2025-05-30,M01,460,13.6,Morning,OP02,70.7,Up to Date,469
2025-03-16,M03,624,7.4,Morning,OP05,65.7,Up to Date,636
2025-06-09,M01,437,1.1,Night,OP11,72.6,Up to Date,452
2025-08-23,M04,416,2.3,Morning,OP01,65.6,Up to Date,426
2025-02-02,M04,,8.0,Morning,OP02,60.4,Up to Date,404
2025-09-20,M01,448,15.5,Afternoon,OP06,71.3,Up to Date,458
2025-12-26,M04,431,3.1,Afternoon,OP07,60.3,Up to Date,442
2025-01-14,M02,386,29.0,Morning,OP01,57.4,Up to Date,398
2025-06-30,M01,458,20.3,Morning,OP02,72.6,Up to Date,463
2025-09-01,M07,430,20.2,Morning,OP02,68.9,Due Soon,440
2025-07-06,M06,569,10.8,Afternoon,OP08,68.2,Up to Date,583
2025-07-21,M03,613,4.1,Afternoon,OP10,0.0,Up to Date,619
02/10/2025,M01,469,9.5,Afternoon,OP07,72.9,Up to Date,477
2025-09-02,M02,430,15.6,Afternoon,OP07,65.9,Up to Date,439
2025-01-25,M07,420,25.0,Afternoon,OP06,58.7,Up to Date,432
2025-06-12,M02,403,6.5,Morning,OP02,66.1,Up to Date,414
2025-06-11,M02 ,272,184.5,Morning,OP02,66.2,In Progress,278
2025-06-12,M07,447,,Afternoon,OP06,69.4,Up to Date,457
2025-10-31,M04,391,10.1,Night,OP11,63.2,Up to Date,404
2025-01-05,M01,442,34.4,Afternoon,OP06,65.4,Up to Date,447
2025-09-02,M05,518,17.6,Morning,OP04,73.2,Overdue,536
2025-03-28,M02,422,11.2,Night,,60.4,Up to Date,434
2025-08-10,M07,432,10.4,Afternoon,OP06,67.7,Up to Date,439
2025-03-11,M07,431,12.7,Morning,OP02,58.8,Up to Date,443
2025-10-05,M05,394,120.2,Night,OP14,70.3,Up to Date,402
2025-08-13,M05,493,26.3,Night,OP15,70.6,Due Soon,500
2025-11-21,M02,409,12.9,Night,OP12,61.5,Up to Date,419
2025-08-02,M03,637,13.1,Afternoon,OP08,73.6,Up to Date,649
2025-05-03,M08,381,3.9,Night,OP14,69.7,Up to Date,387
2025-06-05,M04,398,17.7,Morning,OP02,68.6,Up to Date,403
2025-06-18,M02,403,11.5,Night,OP11,66.7,Up to Date,412
2025-04-25,M02 ,408,8.4,Morning,OP01,61.1,Up to Date,416
2025-09-03,M03,586,13.5,Morning,OP03,72.8,Overdue,606
2025-08-18,M07,428,6.5,Afternoon,OP06,66.4,Up to Date,435
2025-08-03,M01,452,25.0,Morning,OP02,71.2,Up to Date,459
07/06/2025,M06,591,9.7,Morning,OP04,71.1,Up to Date,605
2025-02-05,M05,534,12.4,Morning,OP04,0.0,Up to Date,541
2025-12-10,M05,513,40.1,Morning,OP05,59.2,Due Soon,519
2025-11-14,M08,387,9.3,Afternoon,OP09,67.9,Due Soon,394
2025-04-13,M06,587,18.6,Morning,OP05,70.1,Due Soon,597
2025-05-13,M08,378,17.6,Night,OP13,66.0,Due Soon,385
2025-11-24,M06,375,115.1,Morning,OP04,79.6,Overdue,425
2025-10-09,M07,376,92.8,Afternoon,OP07,65.5,Up to Date,383
2025-02-09,M05,494,6.4,Night,OP14,64.0,Up to Date,506
2025-04-15,M01,447,15.7,Afternoon,OP07,70.3,Due Soon,455
2025-07-14,M07,434,14.9,Afternoon,OP07,67.7,Up to Date,445
2025-04-03,M08,380,5.0,Night,OP14,65.3,Up to Date,386
2025-10-26,M05,489,13.4,Night,OP14,69.7,Overdue,505
2025-05-09,M02,415,3.1,Night,OP12,65.4,Up to Date,421
2025-12-25,M06,236,235.7,Night,OP15,74.5,Overdue,262
2025-10-30,M05,523,25.1,Morning,OP03,67.1,Overdue,544
2025-11-20,M06,315,163.6,Night,OP13,78.5,Overdue,353
2025-10-03,M05,488,7.4,Night,OP15,67.0,up to date,502
2025-04-29,M04,387,14.7,Afternoon,OP06,,Up to Date,397
2025-10-13,M04,389,23.7,Morning,OP02,67.6,Due Soon,399
2025-09-22,M02,405,16.6,MORNING,OP02,65.6,Up to Date,413
2025-01-25,M08,375,7.0,Night,OP13,63.4,Up to Date,390
2025-01-04,M05,505,14.6,Night,OP14,60.4,Up to Date,517
2025-11-02,M03,374,152.4,Morning,OP03,79.5,Overdue,410
2025-03-17,M02,444,5.0,Afternoon,OP07,59.5,Up to Date,449
2025-07-06,M06,630,2.5,Morning,OP03,69.2,Up to Date,645
2025-10-19,M01,434,10.5,Night,OP11,65.4,Due Soon,444
2025-10-19,M03,501,31.1,Afternoon,OP08,76.1,Overdue,542
2025-10-05,M06,390,126.6,Night,OP13,74.7,Overdue,420
2025-09-14,M01,458,12.5,Night,OP11,69.8,Due Soon,468
2025-06-09,M05,478,15.8,Night,OP13,70.0,Up to Date,489
2025-09-18,M08,399,0.9,Morning,OP05,64.4,Due Soon,405
2025-05-28,M02,420,4.4,Night,OP12,66.9,Up to Date,427
2025-01-11,M02,416,23.4,Morning,OP01,56.2,Up to Date,424
2025-01-14,M06,612,7.0,Afternoon,OP08,65.8,Due Soon,625
2025-11-03,M02,415,5.6,Afternoon,OP06,61.4,Up to Date,426
2025-07-15,M06,394,168.8,Afternoon,OP10,73.8,Due Soon,403
2025-11-15,M06,233,252.7,Morning,OP03,75.9,Overdue,260
2025-05-22,M05,474,29.0,Afternoon,OP08,72.1,Up to Date,487
2025-04-09,M04,377,25.6,MORNING,OP02,65.1,Up to Date,385
2025-03-20,M05,475,44.5,Afternoon,OP10,62.9,Up to Date,487
2025-08-08,M06,567,8.6,Night,OP15,73.9,Overdue,585
2025-08-05,M02,418,23.0,Night,OP11,65.4,Up to Date,425
2025-10-06,M03,565,1.4,Afternoon,OP08,75.2,Overdue,598
2025-07-08,M07,415,2.3,Night,OP11,70.6,Up to Date,425
2025-02-07,M03,578,15.6,Night,OP14,64.1,Due Soon,590
2025-09-09,M05,441,59.5,Morning,OP04,72.0,Overdue,458
25/09/2025,M01,469,5.9,Morning,OP02,68.8,Up to Date,476
2025-03-10,M06,592,3.6,night,OP13,65.1,Up to Date,607
2025-09-17,M06,536,16.4,Afternoon,OP09,76.3,Overdue,567
2025-08-20,M08,367,26.6,Morning,OP05,70.4,Up to Date,372
2025-01-30,M06,601,9.5,Night,OP13,60.4,Up to Date,612
2025-04-04,M03,578,21.3,Afternoon,OP08,68.2,Due Soon,589
2025-04-01,M03,570,24.7,Night,OP14,65.7,Up to Date,586
2025-11-03,M03,515,3.2,Night,OP15,76.0,Overdue,561
2025-01-05,M05,506,9.3,Morning,OP03,65.3,Up to Date,513
2025-03-07,M05,488,14.6,Morning,OP05,62.2,Up to Date,498
2025-07-21,M05,495,14.7,Afternoon,OP08,67.3,Up to Date,506
2025-09-15,M02,405,10.8,Night,OP11,64.3,Up to Date,419
2025-02-14,M08,375,12.9,Afternoon,OP08,63.4,Up to Date,383
2025-02-12,M03,542,37.9,Night,OP15,65.4,Up to Date,546
2025-11-03,M03,251,256.3,Afternoon,OP08,75.9,Overdue,274
2025-06-29,M07,457,14.8,Morning,OP02,67.9,Due Soon,461
2025-03-27,M08,376,34.2,Morning,OP04,65.6,Up to Date,379
2025-02-13,M02,415,7.6,Morning,OP02,56.6,Up to Date,424
2025-01-10,M06,541,38.5,Afternoon,OP08,65.6,Up to Date,550
2025-02-27,M05,501,17.9,Afternoon,OP09,64.2,Up to Date,514
2025-02-14,M06,579,13.0,Night,OP14,64.3,Up to Date,586
2025-09-16,M04,388,15.2,Night,OP11,61.4,Up to Date,395
2025-12-14,M04,403,5.9,Afternoon,OP07,63.5,Due Soon,408
28/07/2025,M04,391,18.0,Afternoon,OP06,71.6,Up to Date,400
2025-11-14,M06,169,316.5,Night,OP14,78.6,Overdue,187
2025-08-06,M01,463,8.9,Afternoon,OP07,70.4,Up to Date,471
2025-09-27,M01,468,6.9,Afternoon,OP06,69.1,Up to Date,474
2025-07-04,M07,412,24.6,Morning,OP02,67.9,Up to Date,421
2025-10-12,M07,438,6.8,Afternoon,OP07,66.0,Up to Date,444
2025-10-14,M04,396,16.5,Afternoon,OP06,70.4,Up to Date,403
2025-03-01,M04,396,6.5,Morning,OP01,59.8,Up to Date,406
2025-11-26,M08,381,10.3,Morning,OP03,64.4,Up to Date,387
2025-02-23,M02,373,36.3,Night,OP11,57.2,Up to Date,380
2025-02-28,M01,447,28.1,Afternoon,OP07,65.2,up to date,451
2025-12-16,M07,406,27.0,Afternoon,OP06,60.2,Up to Date,416
2025-05-15,M03,595,22.6,Afternoon,OP08,70.8,Up to Date,610
2025-07-03,M01,456,11.8,Morning,OP02,73.2,Up to Date,465
2025-08-12,M01,446,16.2,Night,OP12,69.4,Up to Date,453
2025-09-14,M08,380,26.2,Morning,OP04,69.5,Due Soon,388
2025-04-11,M02,413,26.2,Night,OP11,62.1,Up to Date,420
2025-11-08,M06,469,4.5,Night,OP14,76.0,Overdue,521
2025-03-08,M04 ,404,2.6,Morning,OP01,61.1,Up to Date,416
2025-09-23,M03,97,395.4,Night,OP15,71.1,Overdue,103
2025-07-11,M05,497,6.7,Night,OP13,67.6,Due Soon,505
2025-02-05,M03,608,8.2,Night,OP14,63.9,Due Soon,621
2025-11-26,M07,425,17.7,Morning,OP01,62.8,Due Soon,434
2025-11-15,M07,425,9.8,Morning,OP01,63.3,Up to Date,435
2025-02-06,M02,,2.1,Afternoon,OP06,58.2,Up to Date,433
2025-05-23,M02,438,3.3,MORNING,OP01,,Up to Date,447
2025-02-24,M05,487,39.5,Morning,OP05,62.8,Up to Date,498
2025-11-11,M07,419,30.5,Afternoon,OP07,66.7,Up to Date,428
2025-02-22,M05,478,29.7,Afternoon,OP08,66.6,Up to Date,493
2025-08-25,M02,423,4.0,Morning,OP02,69.0,up to date,433
2025-06-30,M04,413,9.9,Night,OP11,69.3,Up to Date,422
05/05/2025,M06,604,0.0,Morning,OP03,62.4,Up to Date,618
2025-12-21,M04,401,1.9,Afternoon,OP07,59.6,Up to Date,409
2025-03-23,M06,566,25.6,Night,OP13,61.3,Up to Date,578
2025-02-27,M07,398,45.7,Afternoon,OP06,61.3,Due Soon,411
2025-10-10,M01,445,23.3,Night,OP11,63.8,Up to Date,454
2025-10-27,M06,58,423.9,Morning,OP05,78.8,Overdue,65
2025-05-19,M02,428,5.5,Night,OP12,66.4,Up to Date,435
2025-08-15,M02,418,0.9,Afternoon,OP07,68.9,Up to Date,427
2025-12-07,M01,446,27.7,Afternoon,OP06,60.9,Up to Date,455
2025-03-11,M03,590,44.5,Morning,OP05,68.4,Up to Date,597
22/08/2025,M04,409,5.0,Afternoon,OP06,68.3,Up to Date,418
2025-07-21,M01,330,142.8,Morning,OP01,66.6,In Progress,333
2025-07-04,M04,384,17.9,Night,OP11,66.1,Up to Date,394
2025-08-24,M05,519,30.4,Morning,OP04,71.4,Overdue,528
2025-08-03,M02,387,20.4,Night,OP12,64.7,Up to Date,396
2025-12-04,M02,426,9.9,Night,OP12,59.2,Up to Date,431
2025-06-19,M02,417,3.9,Morning,OP02,64.5,Up to Date,423
2025-06-14,M08,383,3.6,Morning,OP04,71.0,Due Soon,394
2025-02-21,M07,440,11.3,Afternoon,OP07,66.1,Up to Date,448
2025-04-12,M07,454,8.9,Night,OP11,,Up to Date,464
2025-09-12,M04,405,7.7,Night,OP12,64.9,Up to Date,409
2025-02-05,M02,433,8.9,Morning,OP01,55.6,Up to Date,443
2025-07-07,M06,606,10.2,Afternoon,OP10,72.4,Up to Date,620
2025-05-16,M02,424,8.6,Afternoon,OP07,69.2,Up to Date,431
2025-05-24,M08,357,21.7,Night,OP14,67.1,Up to Date,364
2025-03-18,M05,507,11.6,Morning,OP03,62.1,Up to Date,526
2025-02-21,m01,437,17.6,Night,OP12,61.3,Up to Date,447
2025-10-23,M07,425,5.8,afternoon,OP07,,Up to Date,434
2025-05-30,M03,602,18.9,Morning,OP05,75.5,Up to Date,611
2025-07-28,M08,380,8.8,Morning,OP04,69.2,Up to Date,389
2025-10-04,M06,535,13.9,Night,OP13,75.6,Overdue,578
2025-02-09,M01,290,178.5,Morning,OP01,62.7,Up to Date,294
2025-04-14,M08,355,41.7,Afternoon,OP08,67.6,Due Soon,364
2025-08-26,M05,456,,Night,OP15,72.8,Overdue,470
2025-02-12,M01,459,4.6,Morning,OP01,59.6,Up to Date,468
2025-08-29,M06,578,1.5,Morning,OP05,75.1,Overdue,600
2025-10-11,M04,408,8.1,Night,OP12,67.8,Due Soon,415
2025-04-02,M05,488,14.5,Night,OP13,64.5,Up to Date,498
2025-03-07,M02,430,8.6,Afternoon,OP07,62.0,Up to Date,440
2025-02-07,M05,491,1.3,Night,OP14,63.7,Up to Date,498
2025-03-11,M05,514,8.9,Morning,OP03,64.3,Up to Date,526
2025-06-14,M02,392,32.5,Afternoon,OP07,70.2,Up to Date,398
2025-07-02,M03,599,10.3,Night,OP14,70.8,Up to Date,611
2025-01-31,M02,420,13.8,Night,OP12,56.4,Up to Date,427
2025-06-26,M08,367,15.2,Night,OP15,68.8,Up to Date,372
2025-08-11,M01,471,16.3,Morning,OP02,68.1,Up to Date,482
2025-08-20,M02,411,24.4,Afternoon,OP06,68.3,Up to Date,420
2025-11-17,M04,417,1.9,Morning,OP01,63.2,Up to Date,424
2025-07-28,M06,566,18.4,Afternoon,OP10,72.4,Overdue,580
2025-03-14,M08,393,1.6,Morning,OP04,63.0,Due Soon,399
2025-02-08,M05,501,8.4,Night,OP13,61.9,Up to Date,511
2025-06-25,M07,438,16.1,Night,OP12,68.5,Up to Date,447
2025-01-22,M02,430,10.2,Morning,OP02,59.7,Up to Date,433
2025-03-26,M02,418,18.0,Afternoon,OP06,62.0,Up to Date,428
2025-07-22,M07,430,14.1,Afternoon,OP07,68.4,Up to Date,436
2025-04-19,M05,522,9.7,Morning,OP05,65.0,Up to Date,537
2025-12-02,M05,516,7.8,Night,OP13,66.3,Up to Date,525
2025-03-12,M03,602,9.4,Morning,OP04,62.0,Up to Date,620
2025-05-09,M07,446,15.7,Morning,OP01,66.9,Up to Date,453
2025-08-20,M06,545,12.0,Night,OP15,72.5,Overdue,570
2025-10-31,M07,443,5.3,Night,OP11,64.8,Up to Date,454
2025-07-05,M01,444,20.4,Night,OP11,68.4,Up to Date,452
2025-08-27,M03,608,7.7,Morning,OP04,72.5,Overdue,633
2025-05-24,M04,386,17.1,Morning,OP01,62.5,Up to Date,394
2025-12-23,M05,508,4.1,Morning,OP05,63.4,Overdue,520
2025-06-05,M05,495,8.7,Night,OP13,68.6,Up to Date,510
2025-12-21,M06,186,296.5,Night,OP14,76.9,Overdue,207
2025-03-12,M03,331,232.7,Afternoon,OP10,66.1,Up to Date,336
2025-08-20,M05,510,7.3,Afternoon,OP09,72.9,Overdue,519
2025-11-19,M04,384,11.0,Morning,OP02,63.7,Up to Date,391
2025-10-29,M06 ,506,4.4,Morning,OP05,76.2,Overdue,553
2025-05-20,M08,357,43.0,Morning,OP03,70.6,Up to Date,366
2025-11-02,M04,418,3.7,Afternoon,OP06,65.3,Up to Date,423
2025-03-01,M02,397,29.7,Morning,OP02,61.6,up to date,407
2025-05-02,M06,582,6.1,Night,OP14,61.0,Up to Date,590
2025-07-23,M01,441,28.9,Night,OP11,67.3,Up to Date,451
2025-05-18,M03,542,39.2,Night,OP15,68.1,Up to Date,553
2025-08-10,M05,499,16.2,Night,OP14,71.5,Due Soon,507
2025-07-13,M03,621,3.2,Night,OP13,70.9,Up to Date,637
2025-05-03,M07,428,16.8,Night,OP12,64.0,Due Soon,439
30/01/2025,M04,406,7.3,Night,OP12,57.5,Up to Date,410
2025-06-05,M03,613,14.5,Afternoon,OP10,71.1,Due Soon,624
2025-07-01,M04,400,15.2,Morning,OP02,68.8,Up to Date,410
2025-05-13,M08,387,8.0,Afternoon,OP09,69.9,Due Soon,395
2025-06-06,M07,440,1.8,Morning,OP02,67.0,Up to Date,444
2025-07-24,M03,630,10.9,Afternoon,OP08,73.4,Up to Date,639
2025-03-01,M01,306,,Afternoon,OP06,63.2,Up to Date,310
2025-03-30,M05,465,11.0,Night,OP15,63.4,Up to Date,475
2025-08-06,M06,551,5.9,Afternoon,OP08,75.0,Overdue,568
2025-12-21,M06,494,13.8,Morning,OP03,77.5,Overdue,556
2025-11-28,M06,449,3.6,Night,OP14,78.6,Overdue,508
2025-11-15,M03,183,299.6,Afternoon,OP10,82.0,Overdue,205
2025-05-17,M03,616,4.8,Afternoon,OP10,68.1,Up to Date,632
2025-02-15,M08,352,18.4,Night,OP13,67.5,Up to Date,360
2025-09-19,M04,378,25.5,Night,OP11,68.0,Up to Date,388
2025-07-17,M02,412,1.9, Night ,OP11,69.6,Up to Date,417
2025-09-06,M01,451,16.0,Afternoon,OP07,70.6,Up to Date,465
2025-05-12,M01,436,18.6,Night,OP11,69.9,Up to Date,446
2025-08-02,M04,402,20.3,Morning,OP01,,Up to Date,408
2025-08-05,M02,413,4.3,Afternoon,OP07,63.4,Up to Date,422
2025-02-16,M02,412,7.4,Afternoon,OP07,62.2,Up to Date,420
2025-07-16,M03,552,51.5,Morning,OP04,72.7,Up to Date,566
2025-11-20,M07,423,26.3,Night,OP12,61.3,Up to Date,429
2025-12-25,M05,507,0.8,Night,OP13,,Overdue,522
2025-04-03,M01,442,22.3,Morning,OP02,65.8,Up to Date,452
2025-08-14,M08,366,7.4,Afternoon,OP09,75.1,Due Soon,377
2025-04-12,M01,465,9.6,Morning,OP02,62.1,Up to Date,475
2025-09-15,M01,450,28.9,Night,OP11,65.6,Due Soon,454
2025-10-05,M08,351,17.2,Afternoon,OP08,68.2,Up to Date,361
2025-12-22,M05,490,13.0,Night,OP13,65.3,Overdue,503
2025-02-04,M03,602,17.9,Night,OP14,63.4,Due Soon,611
2025-01-19,M02,412,25.1,Morning,OP01,58.1,Up to Date,416
2025-10-01,M08,388,3.1,Morning,OP05,69.6,Up to Date,393
2025-05-03,M04,386,13.6,Morning,OP02,62.9,Up to Date,394
2025-04-07,M02,391,22.2,Morning,OP01,61.8,Up to Date,399
09/09/2025,M04,400,6.4,Night,OP12,,Due Soon,412
2025-06-14,M07,431,7.0,Afternoon,OP06,,Up to Date,441
2025-10-28,M05 ,484,8.8,Morning,OP03,66.5,Overdue,498
2025-02-13,M01,462,12.3,Night,OP12,63.2,Up to Date,475
2025-08-10,M05,484,40.1,Morning,OP04,66.8,Due Soon,494
2025-05-21,M07,419,31.5,Morning,OP02,64.9,Up to Date,426
2025-07-08,M08,387,4.0,Afternoon,OP08,75.1,Up to Date,392
2025-12-08,M07,416,27.9,Morning,OP01,60.4,Up to Date,426
26/03/2025,M08,386,12.7,Morning,OP05,63.9,Up to Date,394
2025-03-20,M06,586,27.9,Afternoon,OP09,67.1,Up to Date,596
2025-08-30,M04,384,10.1,Night,OP12,,Up to Date,391
2025-10-26,M05,495,18.8,Afternoon,OP09,69.3,Overdue,506
2025-03-06,M03,626,3.5,Afternoon,OP10,67.1,Due Soon,639
2025-03-09,M02,405,2.0,night,OP11,61.1,Up to Date,417
2025-01-12,M07,425,5.3,Night,OP12,64.9,Up to Date,431
2025-05-12,M05,481,21.4,Night,OP13,67.4,Due Soon,490
2025-05-20,M05,521,18.3,Afternoon,OP09,73.1,Up to Date,534
2025-12-29,M-06,448,30.3,Night,OP13,76.9,Overdue,501
2025-12-15,M07,435,19.3,Afternoon,OP06,,Up to Date,440
2025-09-30,m01,468,8.0,Afternoon,OP07,67.2,Up to Date,477
2025-04-06,M06,566,30.3,Morning,OP04,64.7,Up to Date,570
2025-03-16,M07,436,9.6,Afternoon,OP06,62.7,Up to Date,446
2025-05-12,M01,460,5.8,Afternoon,OP07,71.3,Up to Date,473
2025-09-11,M06,552,8.2,Morning,OP03,,Overdue,587
2025-06-02,M06,588,12.5,Morning,OP03,65.4,Up to Date,597
2025-02-14,M08,384,11.8,Morning,OP04,65.2,Up to Date,387
06/06/2025,M04,412,3.5,Afternoon,OP06,68.5,Up to Date,419
2025-05-12,M07,422,18.3,Morning,OP02,65.1,Up to Date,434
2025-11-05,M08,391,1.7,Afternoon,OP08,67.6,Up to Date,399
2025-11-19,M08,364,9.5,Night,OP15,64.0,Due Soon,374
2025-02-07,M07,430,12.9,Afternoon,OP06,61.6,Up to Date,440
2025-01-30,M04,393,7.6,Morning,OP02,61.8,Up to Date,401
2025-04-21,M07,434,9.6,Afternoon,OP06,65.5,Up to Date,441
2025-11-04,M05,498,8.5,Afternoon,OP09,64.9,Overdue,519
2025-03-20,M04,396,18.4,Afternoon,OP07,62.9,Up to Date,404
2025-06-25,M07,433,7.6,Afternoon,OP06,68.6,Up to Date,443
2025-01-18,M08,368,25.4,Morning,OP04,62.2,Up to Date,374
16/05/2025,M01,440,18.7,Afternoon,OP06,70.8,Due Soon,450
2025-10-06,M04,374,41.8,Night,OP12,67.6,Due Soon,377
2025-06-03,M02,413,11.5,Afternoon,OP06,65.3,Up to Date,422
2025-09-21,M06,516,21.4,Night,OP13,77.2,Overdue,550
2025-02-06,M04,398,10.3,Afternoon,OP07,58.7,Up to Date,405
2025-01-11,M07,436,13.9,Night,OP11,60.8,Up to Date,447
2025-03-24,M02,412,17.5,Morning,OP02,59.8,Up to Date,423
2025-10-20,M01,481,11.7,Morning,OP01,65.5,Due Soon,489
2025-05-01,M06,555,8.5,Night,OP15,67.4,Up to Date,574
2025-10-11,M01,458,5.2,Afternoon,OP06,,Up to Date,470
2025-10-10,M06,259,238.1,Night,OP14,76.4,Overdue,279
2025-02-28,M03,623,10.0,Morning,OP05,62.3,Up to Date,637
23/10/2025,M03,547,7.7,MORNING,OP05,77.7,Overdue,597
2025-09-01,M03,608,3.6,Afternoon,,73.5,Overdue,627
2025-04-28,M06,581,23.7,Night,OP14,65.1,Up to Date,594
2025-05-05,M01,448,9.1,Night,OP12,65.8,Up to Date,454
2025-01-03,M08,366,10.0,Morning,OP04,63.6,Up to Date,374
2025-07-09,M05,479,,Morning,,72.5,Due Soon,490
15/09/2025,M05,518,2.9,Night,OP13,70.3,Up to Date,525
2025-04-25,M05,511,3.7,Afternoon,OP08,69.7,Up to Date,525
2025-03-12,M05,502,19.1,Afternoon,OP10,66.0,Due Soon,511
2025-10-16,M02,420,17.2,Afternoon,OP07,66.5,Up to Date,431
25/08/2025,M01,471,2.9,Morning,OP01,66.8,Up to Date,476
2025-01-17,M06,573,13.0,Night,OP15,60.1,Due Soon,587
2025-07-23,M08,385,15.6,Morning,OP05,69.5,Up to Date,399
2025-08-09,M06,575,10.0,Afternoon,OP08,71.7,Overdue,588
2025-02-11,M06,603,9.4,Morning,OP04,60.7,Up to Date,615
2025-12-30,M05,519,19.3,Morning,OP05,65.9,Overdue,534
2025-03-23,M06,596,5.7,Afternoon,OP08,66.3,Up to Date,608
2025-04-02,M03,630,7.9,Night,OP13,66.2,Up to Date,647
2025-10-20,M02,422,2.1,Morning,OP02,62.9,Up to Date,434
2025-09-18,M05,499,6.1,Afternoon,OP08,66.7,Up to Date,511
2025-04-28,M04,368,30.9,Morning,OP02,66.1,Up to Date,371
2025-08-22,M03,624,7.9,Morning,OP05,72.2,Overdue,639
2025-05-12,M08,393,22.5,Morning,OP05,68.2,Due Soon,399
2025-01-14,M08,357,6.1,Night,OP14,64.5,Up to Date,368
2025-09-04,M04,372,21.0,Morning,OP01,70.7,Up to Date,381
2025-05-07,M01,464,22.8,Night,OP12,68.5,Up to Date,472
2025-04-21,M06,585,12.2,Night,OP14,65.1,Up to Date,597
2025-11-17,M04,402,6.7,Night,OP11,65.0,Up to Date,412
2025-03-10,M04,394,9.6,Afternoon,OP06,62.4,Up to Date,400
2025-06-08,M07,438,4.3,Morning,OP02,68.7,Up to Date,447
2025-11-07,M03,349,174.9,Afternoon,OP09,75.9,Overdue,381
2025-05-31,M08,383,3.2,Night,OP13,69.5,Up to Date,391
2025-02-22,M06,557,32.8,Morning,OP04,63.9,Up to Date,572
2025-10-31,M08,285,122.5,Afternoon,OP10,67.6,Up to Date,292
2025-12-23,M04,392,22.1,Morning,OP01,63.0,Up to Date,397
2025-02-26,M04,411,5.0,Afternoon,OP06,64.9,Up to Date,416
2025-04-30,M06,578,4.5,Afternoon,OP10,69.0,Up to Date,589
2025-08-14,M03,583,9.5,Night,OP14,71.9,Due Soon,596
2025-09-07,M05 ,346,137.1,Afternoon,OP08,73.2,Overdue,359
2025-07-08,M05,501,11.6,Morning,OP04,68.9,Due Soon,511
2025-06-04,M04,380,29.9,Afternoon,OP07,68.2,Up to Date,386
2025-06-04,M02,434,1.4,Afternoon,OP07,64.5,Up to Date,446
2025-02-07,M03,625,10.1,Afternoon,OP08,64.1,Due Soon,630
2025-06-16,M01,389,85.2,Afternoon,OP06,69.5,Due Soon,397
2025-12-15,M06,251,231.6,Morning,OP03,78.4,Overdue,281
2025-05-26,M05,506,6.0,Morning,OP04,69.4,Up to Date,516
2025-10-24,M01,451,5.3,Night,OP11,64.8,Up to Date,457
2025-06-21,M04,401,5.2,Night,OP12,69.1,Up to Date,408
2025-12-03,M06,398,68.8,Morning,OP03,,Overdue,444
20/01/2025,M02,418,10.3,Morning,OP02,56.6,Up to Date,426
2025-09-04,M03,584,4.4,Night,OP15,72.8,Overdue,605
2025-07-25,M01,428,42.0,Morning,OP01,69.6,Up to Date,436
2025-01-23,M02,426,13.6,Afternoon,OP06,59.3,Up to Date,428
2025-02-14,M02,408,19.3,Afternoon,OP06,60.9,Up to Date,416
2025-11-04,M05,507,9.2,Morning,OP05,65.6,Overdue,524
2025-10-01,M04,400,11.7,Afternoon,OP07,64.6,Up to Date,404
2025-09-03,M08,368,13.6,Night,OP14,70.8,Up to Date,373
2025-04-01,M02,427,13.6,Afternoon,OP06,65.2,Up to Date,431
2025-05-25,M03,627,7.1,Morning,OP05,68.1,Up to Date,646
2025-06-15,M08,369,18.6,Night,OP13,71.0,Due Soon,374
2025-09-01,M08,374,5.0,Morning,,69.6,up to date,384
2025-06-12,M03,611,15.6,Morning,OP04,70.6,Up to Date,622
2025-08-16,M08,393,12.8,Morning,OP03,68.7,Due Soon,398
2025-10-18,M01,451,4.1,Afternoon,OP06,64.9,Due Soon,461
2025-12-23,M07,418,26.6,Afternoon,OP07,61.1,Due Soon,422
2025-07-18,M01,463,10.3,Afternoon,OP07,70.6,Due Soon,471
2025-02-16,M07,412,0.8,Night,OP11,60.2,Up to Date,423
2025-05-23,M03,591,16.9,Morning,OP04,68.3,Up to Date,605
2025-01-13,M02,410,16.4,Afternoon,OP07,61.3,Up to Date,419
2025-04-18,M04,415,2.1,Morning,OP02,64.6,Up to Date,418
2025-03-16,M02,422,12.0,Night,OP11,59.2,Up to Date,428
2025-07-11,M04,405,19.4,Morning,OP02,68.7,Due Soon,411
2025-01-24,M06,569,22.0,Night,OP15,61.9,Up to Date,578
2025-05-03,M08,394,4.7,Morning,OP03,66.5,Up to Date,398
2025-11-28,M04,415,6.1,Morning,OP02,61.8,Up to Date,428
2025-01-14,M07,432,20.1,Night,OP12,60.2,Up to Date,440
2025-05-02,M03,621,3.5,Afternoon,OP09,67.7,Due Soon,637
2025-08-04,M04,371,6.9,Night,OP11,70.7,Up to Date,380
2025-08-29,M06,415,135.0,Night,OP13,75.3,Overdue,434
2025-01-03,M05,458,12.7,Night,OP14,60.1,Up to Date,467
2025-04-21,M03,611,16.7,Afternoon,OP10,67.7,Up to Date,626
2025-02-12,M08,385,19.8,Afternoon,OP09,62.7,Up to Date,389
2025-10-20,M07,415,30.9,Night,OP12,63.9,Up to Date,421
2025-03-05,M02,387,9.8,Night,OP11,58.0,Up to Date,399
2025-01-01,M02,429,2.8,Night,OP12,60.7,Up to Date,441
2025-01-20,M07,431,7.7,Night,OP12,58.7,Up to Date,438
2025-04-06,M03,616,14.2,Night,OP13,65.9,Due Soon,628
2025-05-09,M01,452,17.8,Morning,OP02,64.0,Up to Date,461
2025-02-02,M02,307,147.4,Night,OP12,58.5,Up to Date,312
2025-02-04,M06,,38.0,Night,OP13,,Up to Date,565
2025-08-13,M04,396,9.6,Night,OP11,68.7,Due Soon,402
2025-06-19,M03,613,37.5,Morning,OP05,70.9,Up to Date,623
2025-09-07,M08,379,13.1,Afternoon,OP10,72.1,Up to Date,387
2025-03-27,M05,492,30.8,Night,OP13,64.5,Up to Date,502
2025-08-17,M04,415,5.8,Morning,OP01,74.6,Up to Date,427
2025-11-27,M02,410,17.8,Afternoon,OP06,63.9,Up to Date,414
2025-02-01,M02,401,20.2,Afternoon,OP06,57.2,Up to Date,413
2025-06-05,M01,470,3.5,Afternoon,OP06,71.3,Up to Date,481
2025-12-04,M02,409,10.3,Morning,OP01,57.7,Up to Date,415
2025-06-20,M01,446,10.7,Afternoon,OP06,71.3,Due Soon,457
2025-10-18,M08,358,20.1,Afternoon,OP08,67.1,Due Soon,365
2025-05-11,M03,619,4.5,Morning,OP03,68.9,Up to Date,638
2025-06-24,M06,597,8.2,Night,OP13,71.9,Up to Date,608
2025-11-14,M01,430,3.9,Night,OP12,67.9,Up to Date,438
2025-12-19,M05,480,28.0,Afternoon,OP08,63.8,Overdue,492
2025-12-17,M08,382,16.8,Morning,OP05,66.5,Due Soon,388
2025-02-05,M04,401,6.1,Afternoon,OP06,61.8,Up to Date,410
2025-10-12,M04,382,3.6,Afternoon,OP07,68.3,Due Soon,389
2025-09-26,M08,375,10.5,night,OP13,65.5,Up to Date,381
2025-09-24,M01,440,26.5,Afternoon,OP07,70.9,Up to Date,450
2025-12-17,M01,435,15.4,Morning,OP02,66.5,Due Soon,442
2025-12-11,M02,415,11.6,Afternoon,OP06,63.1,Due Soon,428
2025-07-27,M07,415,38.6,Afternoon,OP07,68.9,Due Soon,422
2025-03-29,M06,540,,Night,OP15,67.3,Up to Date,555
2025-01-05,M04,403,7.2,Afternoon,OP07,60.3,Up to Date,407
2025-08-03,M04,388,14.7,Night,OP11,67.1,Up to Date,395
2025-12-23,M07,,9.0,morning,OP01,61.0,Due Soon,453
2025-08-05,M01,455,15.5,Night,OP11,70.5,Up to Date,465
2025-09-05,M06,432,86.6,Night,OP14,73.1,Overdue,456
2025-07-26,M06,612,9.7,Morning,OP05,69.3,Overdue,622
2025-08-30,M01,465,15.6,Afternoon,OP07,72.1,Up to Date,473
2025-04-18,M08,380,7.9,Night,OP14,65.7,Up to Date,390
2025-10-17,M03,495,11.8,Night,OP13,77.0,Overdue,537
2025-12-31,M04,389,12.4,Night,OP12,59.5,Up to Date,399
2025-06-29,M05,459,30.8,Night,OP15,67.0,Up to Date,465
2025-10-17,M07,448,2.4,Morning,OP02,67.2,Up to Date,458
2025-04-23,M08,382,16.3,Afternoon,OP08,69.7,Up to Date,386
2025-07-25,M07,440,6.4,Afternoon,OP06,68.9,Due Soon,449
2025-12-27,M04,391,12.6,Morning,OP01,62.2,Up to Date,398
2025-01-01,M06,623,5.6,Morning,OP03,61.9,Up to Date,630
2025-01-15,M01,480,9.1,Morning,OP01,63.4,Due Soon,491
2025-09-03,M06,532,20.7,Night,OP13,73.2,Overdue,556
2025-03-02,M01,427,7.3,Morning,OP02,64.7,Up to Date,435
2025-11-21,M08,353,49.0,afternoon,OP09,,Up to Date,360
2025-04-15,M07,469,7.6,Afternoon,OP07,64.4,Up to Date,478
2025-10-03,M06,339,174.8,Afternoon,OP10,78.4,Overdue,369
2025-02-16,M01,460,13.2,Afternoon,OP07,62.4,Due Soon,472
2025-07-27,M08,392,14.0,Afternoon,OP09,74.3,Up to Date,399
2025-12-11,M04,403,4.4,Night,OP12,,Due Soon,410
2025-08-06,M02,414,17.9,Afternoon,OP07,67.3,Up to Date,425
2025-11-09,M01,447,13.1,Night,OP11,67.2,Up to Date,457
2025-08-20,M04,392,8.1,Morning,OP02,66.9,Up to Date,405
2025-11-13,M06,453,24.8,Night,OP15,78.5,Overdue,505
2025-05-16,M03,613,21.2,Morning,OP05,73.1,Up to Date,631
2025-02-27,M06,610,10.7,Morning,OP03,61.4,Up to Date,617
2025-07-21,M01,442,13.3,Night,OP11,67.0,Up to Date,451
2025-07-19,M01,443,19.9,Afternoon,OP06,72.1,Due Soon,451
2025-07-05,M02,418,12.1,Morning,OP01,65.6,Up to Date,428
2025-05-30,M05,496,2.9,Night,OP13,68.1,Up to Date,512
2025-06-30,M07,321,129.9,Morning,OP01,69.3,in progress,328
2025-10-17,M05,522,4.4,Afternoon,OP09,67.3,Overdue,537
2025-05-11,M01,468,7.7,Night,OP12,69.9,Up to Date,470
2025-10-06,M07,454,5.3,night,OP12,66.7,Up to Date,465
2025-07-18,M08,372,14.6,Morning,OP04,68.6,Up to Date,381
2025-08-04,M08,374,7.1,Night,OP15,70.4,Up to Date,381
2025-01-31,M02,378,44.3,Morning,OP02,57.2,Up to Date,389
2025-08-29,M02,382,54.5,Morning,OP02,63.2,Up to Date,388
2025-09-30,M04,397,10.5,Night,OP12,65.3,Up to Date,407
2025-02-10,M04,414,3.4,Night,OP12,59.8,Due Soon,422
2025-05-23,M01,454,12.6,Afternoon,OP06,,Up to Date,462
2025-09-01,M03,565,26.7,Night,OP14,73.1,Overdue,581
2025-12-09,M04,385,14.1,Night,OP11,62.5,Up to Date,393
2025-05-26,M02,401,9.6,Afternoon,OP06,67.4,Up to Date,413
2025-06-19,M08,375,15.1,Afternoon,OP08,72.4,Up to Date,385
2025-04-12,M04,402,3.1,Afternoon,OP06,60.5,Up to Date,408
2025-12-18,M02,420,27.4,Afternoon,OP07,61.9,Up to Date,430
2025-03-29,M03,617,11.8,Night,OP13,71.0,Up to Date,633
2025-02-21,M04,384,13.0,Night,OP11,60.1,Up to Date,393
2025-09-03,M06,545,13.9,Morning,OP03,74.8,Overdue,578
2025-06-04,M08,346,21.3,Night,OP15,68.6,Up to Date,352
2025-07-27,M06,555,37.0,Night,OP13,72.8,Overdue,572
2025-03-14,M07,440,3.6,Night,OP12,65.8,Up to Date,442
2025-11-02,M08,374,9.8,Night,OP14,64.7,Up to Date,380
2025-10-22,M04,377,38.6,Morning,OP01,62.5,Up to Date,387
2025-01-24,M03,594,9.3,Morning,OP04,65.2,Up to Date,609
2025-04-07,M05,,25.6,Afternoon,OP10,66.6,Up to Date,528
2025-08-10,M08,228,200.2,AFTERNOON,OP10,73.1,Up to Date,232
2025-11-09,M08,387,10.7,Afternoon,OP10,67.2,Up to Date,395
2025-12-07,M02,431,10.9,Night,OP12,61.8,Up to Date,438
2025-06-04,M07,433,7.1,Morning,OP02,69.6,Up to Date,444
2025-08-03,M05,504,19.9,Afternoon,OP09,70.1,Up to Date,512
2025-04-08,M08,404,1.0,Morning,OP03,63.8,Up to Date,413
2025-06-05,M04,362,49.9,Night,OP11,68.6,Up to Date,371
2025-08-11,M03,605,20.4,Morning,OP03,70.0,Due Soon,617
2025-02-09,M06,601,3.0,Morning,OP05,64.6,Up to Date,617
2025-11-28,M08,380,4.2,Morning,OP04,63.6,Up to Date,391
2025-08-29,M04 ,395,17.2,Afternoon,OP07,70.0,Up to Date,403
2025-04-04,M07,433,15.1,Night,OP12,63.4,Up to Date,443
2025-01-28,M03,581,8.6,Morning,,64.6,Up to Date,589
2025-11-16,M07,422,9.9,Night,OP12,64.2,Up to Date,434
2025-06-21,M05,509,12.8,Morning,OP04,72.4,Up to Date,521
2025-05-22,M01,434,14.0,Night,OP11,68.0,Up to Date,443
2025-04-27,M08,382,14.5,Morning,,66.8,Up to Date,389
2025-08-01,M01,458,11.5,Morning,OP01,71.5,Up to Date,473
2025-02-27,M06,564,25.8,Night,OP14,63.7,Up to Date,576
2025-09-04,M02,409,33.2,Afternoon,OP06,67.1,Up to Date,412
06/01/2025,M06,559,22.6,Night,OP13,62.0,Up to Date,571
2025-12-16,M04,376,11.0,Night,OP11,61.3,Up to Date,384
2025-06-08,M06,577,8.2,Night,OP15,73.5,Up to Date,586
2025-12-09,M02,409,10.2,Morning,OP02,59.1,Up to Date,418
2025-07-15,M07,422,35.8,Night,OP12,68.7,Up to Date,434
2025-04-21,M08,382,6.2,Morning,OP05,63.9,Up to Date,386
11/11/2025,M07,437,14.0,Night,OP11,62.6,Up to Date,444
2025-02-20,M03,629,5.3,Morning,OP05,61.9,Up to Date,643
2025-11-11,M07,427,7.6,Morning,OP02,60.2,Up to Date,436
2025-10-02,M01,459,3.1,Night,OP11,68.0,Up to Date,471
2025-01-26,M07,436,10.9,Night,OP12,60.0,Due Soon,446
2025-09-04,M03,603,11.5,Morning,OP04,74.1,Overdue,626
2025-01-14,M02,406,14.5,Night,OP12,58.7,Up to Date,420
2025-02-10,M04,379,9.6,Morning,OP01,62.0,Due Soon,390
2025-11-06,M07,443,10.4,Afternoon,OP06,66.9,Up to Date,451
2025-02-02,M01,442,25.7,Night,OP12,58.5,Up to Date,453
2025-02-14,M04,395,7.8,Night,OP12,58.3,Due Soon,407
2025-06-28,M02,426,18.3,Afternoon,OP07,66.8,Up to Date,434
2025-09-20,M01,466,4.9,Morning,OP01,70.7,Up to Date,479
2025-04-04,M08,389,,Afternoon,OP10,67.5,Up to Date,395
2025-12-04,M02,404,20.3,Afternoon,OP06,59.8,Up to Date,411
2025-02-23,M04,367,28.2,Morning,OP02,61.7,Up to Date,375
2025-10-05,M04,408,7.4,Afternoon,OP06,67.1,Up to Date,413
2025-11-15,M06,287,205.3,Afternoon,OP10,79.7,Overdue,320
2025-05-04,M04,379,33.6,Morning,OP01,66.6,Up to Date,385
2025-04-21,M01,452,8.1,Morning,OP01,66.3,Up to Date,463
2025-05-26,M08,359,17.7,Night,OP13,70.4,Up to Date,368
2025-06-07,M06,555,41.2,Afternoon,OP09,70.5,Up to Date,569
2025-05-09,M07,418,11.3,Night,OP11,66.3,Up to Date,429
2025-11-22,M04,400,15.6,Night,OP11,60.6,Up to Date,406
2025-06-18,M08,291,131.6,Morning,OP05,72.1,In Progress,297
2025-06-21,M05,515,1.7,Night,OP13,71.8,Up to Date,526
2025-07-23,M01,461,18.6,Morning,OP01,71.0,Up to Date,466
2025-12-19,m01,463,6.0,Morning,OP02,64.2,Due Soon,474
2025-05-29,M01,438,24.0,Morning,OP02,70.2,Up to Date,441
2025-07-19,M06,603,2.2,Morning,OP04,71.3,Due Soon,614
2025-02-09,M07,421,14.4,Afternoon,OP06,60.7,Up to Date,431
2025-01-21,M07,440,4.0,Morning,OP02,61.4,Up to Date,445
2025-02-28,M07,425,20.5,Morning,OP01,61.6,Due Soon,434
2025-01-09,M07,451,8.8,Afternoon,OP06,63.8,up to date,460
2025-07-26,M08,363,18.0,Night,OP15,71.4,Up to Date,369
2025-01-08,M03,607,11.3,Morning,OP04,60.8,Up to Date,620
2025-02-27,M04,395,3.9,Afternoon,OP07,63.6,Up to Date,402
2025-02-06,M07,442,11.7,Afternoon,OP07,62.1,Up to Date,454
2025-07-23,M06,588,4.0,Night,OP14,71.2,Due Soon,598
2025-12-28,M06,435,27.0,Night,OP13,78.6,Overdue,489
2025-12-21,M05,518,0.5,Afternoon,OP09,66.6,Overdue,530
2025-03-30,M04,364,48.8,Night,OP11,64.2,Up to Date,375
2025-07-07,M01,420,46.3,Night,OP11,72.0,Up to Date,429
2025-03-12,m01,443,15.5,Night,OP11,,Up to Date,454
2025-03-28,M05,515,11.0,Morning,OP03,62.8,Up to Date,518
2025-08-25,M04,388,14.9,Afternoon,OP07,69.0,Up to Date,396
2025-09-25,M05,512,14.0,Afternoon,OP09,67.8,Up to Date,525
2025-06-19,M07,444,6.3,Morning,OP01,67.3,Up to Date,453
2025-01-28,M01,453,13.9,Night,OP12,65.7,Up to Date,457
2025-09-26,M07,450,8.1,Afternoon,OP06,69.5,Up to Date,458
2025-03-25,M08,387,14.7,Morning,OP05,62.8,Up to Date,392
2025-08-27,M02,389,12.5,Afternoon,OP07,64.9,Up to Date,398
2025-04-03,M07,434,16.6,Morning,OP01,62.3,Up to Date,441
2025-05-03,M02,430,6.2,Night,OP11,62.1,Up to Date,439
2025-11-10,M02,408,10.4,Night,OP12,62.2,Due Soon,415
2025-04-24,M01,463,10.3,Night,OP12,67.2,Up to Date,473
2025-08-20,M05,465,15.6,Night,OP15,69.9,Overdue,483
2025-01-26,M04,399,16.7,Morning,OP01,62.8,Up to Date,405
2025-05-31,M07,413,13.4,Afternoon,OP07,67.4,Due Soon,426
2025-07-29,M08,361,8.3,Night,OP15,70.5,Up to Date,373
2025-12-23,M02,393,17.3,Night,OP11,60.2,Up to Date,402
2025-09-11,M02,403,13.6,Afternoon,OP07,68.0,Due Soon,407
2025-01-06,M03,641,8.3,Morning,OP05,63.7,Up to Date,651
2025-08-18,M05,468,7.5,Night,OP14,70.5,Due Soon,479
2025-01-28,M08,292,100.1,Afternoon,OP09,65.1,Up to Date,295
2025-02-06,M05,504,27.3,Morning,OP04,56.2,Up to Date,509
2025-01-08,M05,502,6.6,Afternoon,OP10,64.3,Up to Date,514
2025-07-07,M05,519,3.2,Afternoon,OP09,70.2,Due Soon,526
2025-06-26,M04,395,26.0,Morning,OP01,67.6,Up to Date,400
2025-12-24,M06,465,12.7,Afternoon,OP09,80.9,Overdue,525
2025-09-28,M05,482,16.5,Afternoon,OP09,73.7,Up to Date,497
2025-10-24,M04,389,11.7,Night,OP11,66.6,Up to Date,399
2025-10-28,M01,434,34.9,Morning,OP01,67.0,Up to Date,445
2025-03-02,M04,372,30.1,Afternoon,OP06,62.3,Up to Date,380
2025-09-29,M01,450,11.4,MORNING,OP02,66.7,Up to Date,461
2025-07-14,M06,578,5.2,Afternoon,OP10,71.3,Up to Date,591
2025-10-22,M05,475,21.9,Night,OP14,67.5,Overdue,481
2025-07-24,M02,443,3.3,Morning,OP01,66.5,Up to Date,449
2025-02-03,M06,602,6.4,Morning,OP03,61.8,Up to Date,617
2025-04-15,M04,382,11.8,Night,OP11,63.8,Up to Date,387
2025-02-18,M03,586,5.7,Afternoon,OP10,64.4,Up to Date,599
2025-12-23,M08,348,27.7,Night,OP14,63.1,Up to Date,356
2025-08-13,M07,501.4,5.4,Afternoon,OP06,68.4,Up to Date,436
2025-05-04,M02,380,15.1,Night,OP12,62.2,Up to Date,389
2025-09-19,M02,401,24.5,Afternoon,OP06,63.9,Up to Date,412
2025-11-29,M04,389,6.2,Night,OP11,62.1,Up to Date,396
2025-12-07,M02,422,6.3,Afternoon,OP07,62.6,Up to Date,430
2025-07-19,M01,458,16.7,Night,OP11,67.7,Due Soon,470
2025-04-15,M05,490,18.5,Afternoon,OP09,68.4,Due Soon,506
2025-05-07,M08,389,12.2,Afternoon,OP09,69.1,Up to Date,394
2025-08-23,M02,408,28.2,Morning,OP02,63.3,Up to Date,412
09/10/2025,M07,434,11.2,Night,OP12,61.7,Up to Date,442
2025-02-04,M01,473,13.6,Afternoon,OP07,62.1,Up to Date,480
2025-10-17,M04,396,6.9,Morning,OP01,65.7,Up to Date,404
2025-03-10,M03,439,156.3,Morning,OP04,61.0,In Progress,445
2025-08-29,M04,383,20.9,Night,OP12,69.6,Up to Date,391
2025-06-10,M-06,600,7.0,Morning,OP05,70.7,Up to Date,614
2025-11-18,M01,457,17.0,Night,OP11,62.3,Due Soon,470
2025-09-19,M07,427,12.3,Night,OP11,65.5,Up to Date,434
2025-02-12,M04,380,19.5,Night,OP11,63.6,Due Soon,389
2025-06-30,M02,384,55.7,Morning,OP02,70.2,Up to Date,390
2025-04-26,M07,441,13.7,Night,OP12,,Up to Date,449
2025-11-18,M02,419,5.1,Afternoon,OP06,62.2,Up to Date,431
2025-03-05,M03,653,7.1,Morning,OP05,64.6,Due Soon,661
2025-02-16,M04,399,10.9,Night,,60.2,Up to Date,406
2025-10-24,M04,286,136.5,Afternoon,OP07,65.8,Up to Date,294
2025-01-22,M05,518,10.6,Morning,OP05,61.2,Up to Date,532
2025-09-18,M-05,510,9.9,Morning,OP05,67.8,Up to Date,523
2025-05-29,M04,382,14.7,Night,OP12,67.9,Up to Date,393
2025-09-13,M07,422,23.3,Night,OP12,68.2,Up to Date,429
2025-07-28,M08,376,14.4,Afternoon,OP09,73.7,Up to Date,387
2025-07-30,M07,437,1.6,Afternoon,OP07,69.7,Due Soon,443
2025-10-02,M02,406,19.4,Afternoon,OP06,,Up to Date,417
2025-07-08,M06,578,9.3,Morning,OP03,69.7,Up to Date,590
2025-03-23,M04,389,4.2,Night,OP11,60.0,Up to Date,396
2025-02-09,M04,397,7.3,Morning,OP01,62.0,Up to Date,401
2025-11-13,M03,423,86.5,Morning,OP05,79.4,Overdue,467
2025-03-20,M08,374,12.8,Night,OP13,65.4,Up to Date,379
2025-04-08,M02,416,20.9,Afternoon,OP07,62.3,Up to Date,428
2025-03-20,M01,460,9.3,Afternoon,OP07,65.8,Up to Date,467
2025-12-04,M06,198,281.5,Afternoon,OP10,79.0,Overdue,222
2025-12-31,M02,381,31.0,Night,OP11,60.2,Up to Date,391
2025-10-02,M05,505,3.0,Morning,OP05,67.8,Up to Date,514
2025-12-11,M08,328,63.2,Night,OP13,60.5,Up to Date,337
2025-02-26,M03,454,129.8,Morning,OP05,60.9,up to date,462
2025-09-18,M07,432,13.0,Afternoon,OP07,69.2,Up to Date,439
2025-08-26,M02,407,7.9,Afternoon,OP06,64.5,Up to Date,415
2025-07-18,M02,400,30.3,Night,OP12,63.9,Up to Date,412
2025-05-09,M08,394,13.2,Morning,OP05,71.0,Up to Date,404
2025-07-12,M04,402,17.0,Morning,OP01,66.8,Due Soon,411
2025-08-10,M03,614,16.6,Afternoon,OP09,72.9,Due Soon,633
2025-10-27,M02,400,28.9,Morning,OP02,60.8,Up to Date,405
2025-09-03,M02,354,74.3,Night,OP11,67.9,Up to Date,361
2025-03-04,M01,459,2.0,Afternoon,OP06,66.4,Up to Date,469
2025-02-10,M03,586,31.4,Night,OP13,64.0,Up to Date,600
2025-10-21,M08,373,5.5,Morning,OP03,67.4,Up to Date,383
2025-06-27,M07,408,15.7,Afternoon,OP06,71.4,Up to Date,415
2025-12-12,M06,451,19.5,Night,OP15,75.3,Overdue,505
2025-08-09,M01,433,19.5,Morning,OP01,,Up to Date,444
2025-07-20,M03,605,28.5,Morning,OP04,73.7,Up to Date,613
2025-12-23,M03,496,8.7,Afternoon,OP10,79.7,Overdue,565
2025-11-17,M05,492,15.2,Night,OP13,63.3,Up to Date,500
2025-04-08,M05,496,2.6,Night,OP14,66.6,Up to Date,507
2025-06-18,M07,449,5.3,Morning,OP02,65.8,Up to Date,457
2025-02-11,M04,400,4.0,Afternoon,OP07,65.5,Due Soon,409
2025-11-12,M08,380,3.8,Afternoon,OP09,65.8,Up to Date,387
2025-11-05,M01,455,8.2,Night,OP12,69.2,Up to Date,466
2025-03-07,M08,361,21.1,Morning,OP04,62.9,Up to Date,370
2025-12-16,M03,481,9.8,Morning,OP04,78.4,Overdue,541
2025-08-28,M08,379,21.4,Morning,OP04,69.1,Up to Date,390
2025-02-22,M05,472,24.0,Night,OP14,61.9,Up to Date,478
2025-05-03,M01,452,16.3,Morning,OP02,63.8,Up to Date,463
2025-10-10,M05,513,11.5,Afternoon,OP10,69.3,Due Soon,523
07/03/2025,M03,585,7.7,Night,OP15,62.6,Due Soon,597
2025-08-03,M06,571,21.0,Morning,OP03,72.9,Overdue,591
2025-04-09,M06,594,11.5,Night,OP13,64.0,Up to Date,606
2025-05-06,M08,394,2.7,Morning,OP04,66.1,Up to Date,400
2025-11-02,M04,385,17.5,Morning,OP01,64.4,Up to Date,394
2025-05-20,M03,590,11.7,Afternoon,OP08,71.7,Up to Date,601
2025-12-08,M02,427,7.9,Afternoon,OP06,62.8,Up to Date,435
2025-10-04,M03,527,15.0,Morning,OP03,77.9,Overdue,565
2025-04-14,M08,355,12.4,Night,OP15,65.5,Due Soon,360
2025-07-27,M06,614,1.7,Morning,OP04,70.8,Overdue,628
2025-04-24,M08,400,2.5,Afternoon,OP09,67.7,Up to Date,405
2025-04-25,M02,395,27.3,Night,OP11,63.6,Up to Date,403
2025-01-07,M07,428,8.8,Afternoon,OP06,61.7,Up to Date,436
2025-07-21,M04,404,8.0,Morning,OP02,69.4,Up to Date,412
2025-09-15,M01,451,6.2,Afternoon,OP06,71.1,Due Soon,459
2025-09-06,M06,252,255.1,Afternoon,,73.0,Overdue,267
2025-07-21,M04,384,2.6,Afternoon,OP07,72.3,Up to Date,397
2025-11-05,M03,391,120.6,Afternoon,OP08,77.5,Overdue,429
2025-10-13,M08,382,3.3,Night,OP15,66.4,Up to Date,392
2025-12-10,M04,385,18.3,Night,OP12,63.6,Due Soon,390
2025-04-10,M01,458,10.7,Afternoon,OP06,63.7,Up to Date,467
2025-04-22,M02,425,10.2,Afternoon,OP06,62.4,Up to Date,432
2025-09-29,M08,368,34.0,Morning,OP05,67.7,Up to Date,377
2025-06-02,M07,456,7.7,Morning,OP01,68.0,Due Soon,465
2025-02-01,M04,399,8.8,Morning,OP01,58.1,Up to Date,401
2025-03-18,M07,425,19.2,Afternoon,OP06,,Up to Date,429
2025-05-13,M05,504,7.6,Night,OP13,67.1,Due Soon,514
2025-03-10,M02,418,13.2,Morning,OP02,54.7,Up to Date,422
2025-03-03,M03,661,2.5,Morning,OP03,64.9,Up to Date,677
2025-01-19,m04,380,19.1,Afternoon,OP07,64.4,Up to Date,385
2025-01-26,M05,494,9.4,Night,OP13,60.2,Up to Date,506
2025-10-14,M05,512,9.3,Morning,OP04,65.3,Due Soon,528
2025-08-18,M05,510,11.9,Afternoon,OP08,70.7,Due Soon,521
2025-02-20,M05,522,10.3,Afternoon,OP10,69.6,Up to Date,529
2025-10-25,M04,395,4.9,Afternoon,OP06,65.2,Up to Date,404
2025-06-24,M07,462,11.3,Morning,OP02,63.1,Up to Date,470
2025-03-29,M05,506,17.7,Afternoon,OP10,71.1,Up to Date,517
2025-01-06,M01,413,38.2,MORNING,OP02,60.3,Up to Date,423
2025-01-31,M06,581,25.9,Morning,OP04,64.3,Up to Date,594
2025-10-15,M05,519,0.7,Night,OP13,,Due Soon,529
2025-07-15,M05,330,178.6,Morning,OP05,70.3,In Progress,340
2025-01-16,M07,440,16.4,Morning,OP02,60.8,Up to Date,452
2025-12-30,M01,439,5.4,Afternoon,OP06,64.2,Up to Date,451
2025-10-27,M05,513,3.4,Night,OP15,67.2,Overdue,528
17/01/2025,M01,460,15.4,Night,OP11,63.0,Due Soon,469
2025-11-27,M06,84,392.5,Night,OP15,79.1,Overdue,96
2025-10-27,M08,356,30.1,Night,OP14,65.6,Up to Date,361
2025-10-23,M03,395,133.7,Afternoon,OP10,77.5,Overdue,433
2025-07-05,M07,449,15.2,Morning,OP01,64.8,Up to Date,454
2025-12-08,M06,253,232.5,Morning,OP04,75.2,Overdue,283
2025-07-20,M08,372,22.7,Night,OP13,72.0,Up to Date,379
2025-05-13,M01,451,25.9,Night,OP12,67.1,Due Soon,460
2025-07-17,M03,562,33.4,Afternoon,OP08,71.3,Up to Date,578
2025-03-08,M05,510,5.8,Morning,OP03,,Up to Date,520
23/09/2025,M07,428,0.9,Afternoon,OP07,65.4,Up to Date,439
2025-04-26,M08,388,12.2,Morning,OP04,64.9,Up to Date,396
2025-02-23,M01,334,140.1,Night,OP12,,Up to Date,344
2025-04-03,M02,402,17.5,Night,OP12,61.8,Up to Date,406
2025-05-30,M03,607,10.9,Afternoon,OP10,69.8,Up to Date,617
2025-03-03,M08,384,25.8,Night,OP13,64.9,Up to Date,390
2025-06-24,M06,584,15.9,Afternoon,OP09,70.2,Up to Date,602
2025-11-12,M08,320,83.2,Night,OP13,64.3,Up to Date,331
2025-05-09,M06,548,32.8,Night,OP14,69.7,Up to Date,560
2025-03-08,M08,367,7.3,NIGHT,OP14,64.5,Due Soon,373
2025-06-16,M07,426,7.9,Night,OP11,71.0,Up to Date,437
2025-12-16,M02,419,5.9,Night,OP11,56.4,Up to Date,425
2025-08-28,M08,372,14.6,Afternoon,OP08,72.9,Up to Date,382
2025-10-08,M02,422,7.5,Night,OP11,62.9,Up to Date,428
2025-02-18,M04,393,25.8,Night,OP11,60.1,Up to Date,400
2025-12-13,M02,437,4.9,Afternoon,OP06,61.8,Due Soon,443
2025-01-27,M02,414,29.9,Morning,OP02,59.7,Up to Date,419
2025-10-19,M02,416,5.1,Afternoon,OP07,65.8,Up to Date,423
2025-07-20,M01,477,7.3,Afternoon,OP07,74.7,Due Soon,490
2025-11-22,M07,439,11.8,Morning,OP02,64.4,Due Soon,452
2025-01-16,M04,276,175.2,Morning,OP01,60.3,In Progress,280
2025-11-29,M06,263,217.6,afternoon,OP09,79.4,Overdue,293
2025-12-16,M07,459,2.4,Morning,OP01,61.2,Up to Date,463
2025-12-09,M05,547,3.0,Morning,OP03,63.0,Due Soon,559
2025-06-24,M05,468,33.9,Night,OP13,69.8,Up to Date,481
2025-04-18,M-01,474,8.3, Night ,OP11,64.3,Up to Date,480
2025-05-18,M07,434,,Night,OP11,64.7,Up to Date,445
2025-05-07,M07,434,13.9,Night,OP12,68.4,Up to Date,443
2025-10-27,M06,437,64.5,Afternoon,OP08,77.8,Overdue,479
2025-01-24,M02,417,13.8,Afternoon,OP07,59.4,Up to Date,426
2025-12-07,M07,446,8.5,Morning,OP01,61.8,Up to Date,454
2025-04-24,M07,445,32.0,Afternoon,OP06,,Up to Date,453
2025-08-19,M04,299,127.4,Morning,OP02,68.2,up to date,306
2025-04-25,M01,458,11.8,Morning,OP01,67.6,Up to Date,468
2025-12-01,M08,382,12.8,Afternoon,OP10,62.0,Up to Date,389
2025-03-31,M07,445,8.4,Morning,OP02,61.7,Due Soon,455
2025-09-08,M06,535,7.7,Afternoon,OP08,74.3,Overdue,564
2025-03-22,M02,433,11.4,Afternoon,OP06,60.6,Up to Date,442
2025-05-28,m06,620,5.5,Morning,OP05,,Up to Date,632
2025-02-26,M08,413,2.8,Morning,OP04,63.0,Up to Date,420
2025-07-29,M01,464,4.6,Night,OP12,71.1,Up to Date,472
2025-09-03,M03,586,36.0,Afternoon,OP10,74.4,Overdue,608
2025-12-07,M05,460,32.3,Afternoon,OP10,61.5,Due Soon,470
2025-06-30,M05,526,4.9,Morning,OP04,69.2,Up to Date,538
2025-12-27,M08,389,2.3,Afternoon,OP09,66.6,Up to Date,396
2025-01-11,M08,391,3.2,Morning,OP05,62.5,Up to Date,396
2025-09-07,M06,554,1.8,Afternoon,OP10,76.7,Overdue,589
2025-12-19,M04,386,12.3,Morning,OP02,59.6,Up to Date,394
2025-09-05,M04,402,2.0, Morning ,OP01,64.1,Up to Date,413
2025-02-28,M05,492,5.7,Night,OP15,65.0,Up to Date,504
2025-05-29,M02,436,6.5,Afternoon,OP06,66.4,Up to Date,446
2025-11-14,M04,381,21.2,Afternoon,OP06,64.4,Due Soon,387
2025-05-14,M01,446,19.3,Afternoon,OP07,71.5,Due Soon,452
2025-02-26,M05,522,15.7,Morning,OP05,65.0,Up to Date,531
2025-11-25,M06,379,74.3,Afternoon,OP08,81.6,Overdue,431
2025-06-18,M02,409,12.6,Morning,OP01,64.6,Up to Date,421
2025-03-12,M04,398,6.7,Night,OP11,64.0,Due Soon,403
2025-07-23,M08,375,23.0,Night,OP13,71.1,Up to Date,387
2025-02-08,M05,520,6.7,Morning,OP03,60.9,Up to Date,534
2025-11-03,M06,407,78.9,Night,OP14,79.7,Overdue,453
2025-10-25,M05,482,12.7,Afternoon,OP10,68.6,Overdue,494
2025-03-04,M01,462,5.5,Night,OP12,,Up to Date,471
2025-07-28,M07,437,15.3,Night,OP11,66.8,Due Soon,443
2025-10-18,M03,363,171.4,Afternoon,OP10,78.6,Overdue,395
2025-02-05,M01,481,13.7,Afternoon,OP07,63.8,Up to Date,485
2025-12-19,M08,376,13.5,Night,OP13,63.7,Due Soon,381
2025-06-24,M01,448,21.6,Afternoon,OP06,72.6,Up to Date,455
2025-01-25,M05,441,91.4,Morning,OP03,65.7,Up to Date,450
2025-03-01,M07,329,121.3,Morning,OP01,60.9,Due Soon,336
2025-12-25,M03,288,203.1,Morning,OP03,80.3,Overdue,323
2025-01-17,M01,383,91.5,Morning,,63.2,Due Soon,395
2025-07-29,M02,418,13.6,Morning,OP02,66.2,Up to Date,430
2025-12-23,M04,413,4.9,Afternoon,OP07,63.6,Up to Date,422
2025-01-26,M03,560,,Night,OP15,62.7,Up to Date,571
2025-01-16,M02,384,31.7,Morning,OP01,54.5,Up to Date,389
2025-04-25,M06,611,5.9,Afternoon,OP10,68.7,Up to Date,621
2025-02-23,M08,388,6.7,Morning,OP04,62.6,Up to Date,397
2025-08-29,M04,394,10.8,Morning,OP01,68.6,Up to Date,404
2025-01-17,M04,397,8.2,Morning,OP02,63.1,Up to Date,407
2025-12-19,M05,475,14.7,Night,OP15,61.0,Overdue,485
2025-03-06,M08,359,27.0,Night,OP15,64.7,Up to Date,370
2025-05-08,M05,536,2.2,Morning,OP05,65.6,Up to Date,547
2025-09-23,M01,452,7.2,Night,OP11,70.9,Up to Date,457
2025-02-18,M05,524,11.7,Afternoon,OP09,66.7,Up to Date,535
2025-08-26,M01,470,21.7,Afternoon,OP07,70.0,Up to Date,481
2025-06-02,M08,365,13.1,Morning,OP03,71.3,Up to Date,377
2025-10-11,M04,385,17.5,Afternoon,OP06,67.2,Due Soon,394
2025-05-13,M03,621,11.9,Afternoon,OP09,67.7,Up to Date,628
2025-06-24,M03,622,1.3,Night,OP14,70.6,Up to Date,635
2025-08-07,M08,362,20.4,Night,OP15,70.9,Up to Date,366
2025-06-06,M05,497,35.4,Morning,OP05,69.9,Up to Date,501
2025-09-03,M02,396,11.8,Morning,OP01,63.5,Up to Date,405
2025-05-07,M05,499,10.5,AFTERNOON,OP09,66.4,Up to Date,507
2025-09-09,M06,543,8.0,Afternoon,,74.7,Overdue,575
2025-08-14,M06,542,9.0,Night,OP15,73.5,Overdue,566
2025-01-09,M02,436,2.1,Night,OP12,57.1,Up to Date,445
2025-12-23,M01,478,4.8,Morning,OP01,61.1,Up to Date,482
2025-07-06,M06,564,6.5,Night,OP14,75.5,Up to Date,584
2025-11-14,M05,472,20.4,Night,OP14,64.5,Up to Date,477
2025-10-09,M01,470,1.3,Afternoon,OP06,,Up to Date,481
2025-02-04,M05,512,8.9,Afternoon,OP10,,Up to Date,518
2025-09-27,M01,471,6.3,Morning,OP01,65.5,Up to Date,481
2025-09-29,M03,529,47.0,Morning,OP04,76.5,Overdue,556
2025-04-23,M05,477,23.3,Night,OP15,65.7,Up to Date,489
2025-02-18,M01,,2.7,Morning,OP01,63.9,Due Soon,468
2025-12-15,M07,432,26.5,Morning,OP01,59.6,Up to Date,444
2025-05-03,M05,488,19.5,Morning,OP05,64.8,Up to Date,495
2025-01-07,M02,424,3.1,Night,OP12,56.7,Up to Date,433
2025-01-28,M08,358,34.6,Morning,OP04,61.3,Up to Date,368
2025-08-28,M03,604,6.2,Afternoon,OP10,72.6,Overdue,626
2025-06-09,M02,393,22.6,Afternoon,OP06,68.0,Due Soon,400
2025-05-25,M01,468,3.1,Afternoon,OP07,70.1,Up to Date,475
2025-09-05,M04,388,10.2,Night,OP11,69.9,Up to Date,393
2025-06-11,M06,602,9.6,Afternoon,OP09,69.8,Up to Date,611
2025-11-29,M01,444,26.5,Night,OP11,59.8,Up to Date,450
2025-02-10,m02,437,1.1,Night,OP12,59.8,Up to Date,442
2025-01-24,M07,443,16.3,Night,OP11,63.1,Up to Date,449
2025-05-10,M08,402,4.6,Morning,OP05,68.7,Up to Date,410
2025-03-28,M01,464,6.6,Night,OP12,62.3,Up to Date,473
2025-02-21,M04,386,5.6,Morning,OP01,60.4,Up to Date,397
2025-09-20,M08,381,12.5,Afternoon,OP08,68.2,Up to Date,387
2025-01-16,M03,591,20.2,Night,OP13,63.2,Up to Date,603
2025-01-02,M06,589,2.8,Night,OP14,57.2,Up to Date,598
2025-12-26,M07,427,2.6,Night,OP11,63.2,Due Soon,438
2025-10-09,M04,397,14.3,Morning,OP02,64.1,Due Soon,404
2025-04-15,M03,593,5.8,Night,OP15,65.0,Up to Date,599
07/11/2025,M03,495,11.2,Night,OP15,78.0,Overdue,544
2025-12-28,M05,515,7.2,Morning,OP04,63.4,Overdue,533
2025-05-13,M05,525,8.9,Morning,OP05,68.2,Due Soon,535
2025-09-22,M04,384,21.3,Morning,OP02,65.8,Up to Date,393
2025-07-17,M02,289,156.4,Afternoon,OP06,67.7,Up to Date,298
2025-03-16,M02,406,8.7,Afternoon,OP06,59.0,Up to Date,416
2025-05-24,M04,388,22.6,Night,OP12,68.0,Up to Date,399
2025-10-24,M03,507,21.0,Afternoon,OP10,79.2,Overdue,554
07/08/2025,M07,451,13.4,Afternoon,OP06,68.4,Up to Date,457
2025-07-18,M05,467,38.1,Morning,OP04,71.7,Up to Date,482
2025-12-24,M04,390,13.7,Night,OP12,62.5,Up to Date,395
2025-12-19,M06,472,1.2,Morning,OP05,77.7,Overdue,533
2025-03-15,M01,447,14.1,Night,OP12,63.5,Up to Date,457
2025-04-12,M02,376,40.5,Morning,OP02,56.9,Up to Date,381
2025-05-20,M04,398,7.9,Night,OP12,67.4,Up to Date,406
2025-06-08,M04,403,1.7,Morning,OP01,70.0,Due Soon,411
2025-06-14,M03,605,21.0,Night,OP13,69.6,Up to Date,617
2025-03-13,M02,422,10.7,Night,OP12,62.6,Up to Date,430
2025-11-03,M04,391,28.1,Afternoon,OP06,64.8,Up to Date,402
2025-09-25,M04,387,22.6,Afternoon,OP07,69.3,Up to Date,392
2025-06-11,M04,394,19.3,Morning,OP02,65.4,Due Soon,403
2025-12-16,M01,477,9.4,Morning,OP02,63.7,Up to Date,488
2025-04-27,M05,517,12.6,Afternoon,OP10,71.4,Up to Date,526
2025-01-28,M06,615,1.8,Afternoon,OP09,62.0,Up to Date,623
2025-11-02,M05,515,6.2,Afternoon,OP10,69.8,Overdue,524
2025-12-26,M06,240,252.6,Afternoon,OP10,76.1,Overdue,266
2025-01-20,M06,587,2.6,Night,OP13,63.5,Due Soon,595
2025-06-23,M07,433,3.1,Afternoon,OP07,69.9,Up to Date,439
2025-09-23,M02,426,12.7,Morning,OP02,67.0,Up to Date,434
2025-04-17,M01,458,13.2,Afternoon,OP07,68.3,Due Soon,469
2025-11-17,M02,410,23.4,Morning,OP01,61.3,Up to Date,413
2025-09-06,M07,439,14.2,Afternoon,OP06,68.0,Up to Date,449
2025-03-14,M04,375,6.8,Morning,OP01,64.2,Due Soon,381
2025-04-28,M04,401,13.6,Afternoon,OP06,63.7,Up to Date,406
2025-01-02,M03,610,5.4,Morning,OP05,64.3,Up to Date,621
2025-08-10,M07,424,21.4,Night,OP12,66.1,Up to Date,430
2025-10-08,M03,125,377.2,Morning,,72.6,Overdue,132
2025-08-16,M05,493,16.5,Night,OP14,70.7,Due Soon,502
2025-01-30,M05,496,11.7,Night,OP13,61.6,Up to Date,505
2025-05-01,M05,524,14.8,Afternoon,OP09,68.2,Up to Date,534
2025-03-23,M02,419,9.0,Afternoon,OP07,59.5,Up to Date,428
2025-12-01,M05,495,21.6,Night,OP13,62.2,Up to Date,504
2025-07-30,M02,399,37.8,Afternoon,OP07,66.8,Up to Date,405
2025-09-01,M04,351,73.6,Afternoon,OP07,69.2,Up to Date,355
2025-01-07,M06,581,29.6,Night,OP13,62.6,Up to Date,592
2025-10-15,M02,441,3.7,Morning,OP02,60.1,Up to Date,446
2025-06-22,M02,416,5.0,Morning,OP02,66.5,Up to Date,426
2025-01-04,M06,581,27.2,Afternoon,OP10,65.2,Up to Date,590
2025-11-12,M04,411,2.4,Morning,OP01,64.7,Due Soon,418
2025-03-22,M03,600,6.6, Night ,OP15,66.7,Up to Date,614
2025-06-15,M08,380,14.5,Afternoon,OP08,69.9,Due Soon,387
2025-02-01,M08,365,10.4,Night,OP13,63.4,Up to Date,374
2025-01-26,M02,416,14.2,Night,OP12,60.8,Up to Date,424
2025-06-07,M02,410,4.5,Night,OP12,65.2,Up to Date,422
2025-03-05,M02,410,7.9,Afternoon,OP07,60.6,Up to Date,420
2025-06-19,M03,601,4.5,Afternoon,OP10,70.5,Up to Date,614
2025-01-05,M05,535,7.4,Afternoon,OP09,65.9,Up to Date,545
2025-06-05,M03,590,5.4,Night,OP15,70.5,Due Soon,605
2025-09-04,M07,434,9.9, Morning ,OP02,69.6,Up to Date,444
21/07/2025,M08,372,20.0,Night,OP15,71.0,Up to Date,381
2025-03-11,M01,456,7.1,Afternoon,OP07,63.6,Up to Date,464
2025-10-12,M01,452,9.1,Morning,OP01,65.8,Up to Date,461
2025-01-12,M02,433,9.3,Morning,OP01,61.2,Up to Date,438
2025-07-09,M06,620,1.1,Night,OP14,69.5,Up to Date,630
17/02/2025,M01,460,3.4,Night,OP12,62.7,Due Soon,474
2025-08-04,M04,363,53.7,Morning,OP02,68.4,Up to Date,366
2025-09-04,M07,453,5.2,Afternoon,OP07,71.9,Up to Date,458
2025-08-22,M07,432,12.4,Afternoon,OP07,67.5,Up to Date,443
2025-06-05,M05,536,8.8,Afternoon,OP09,73.9,Up to Date,547
2025-05-15,M01,462,5.0,Morning,OP02,66.4,Due Soon,470
2025-11-21,M03,527,19.3,Morning,OP04,76.4,Overdue,574
2025-02-27,M03,598,33.9,Morning,OP04,61.9,Up to Date,615
2025-04-05,M04,378,9.1,Afternoon,OP06,63.2,Up to Date,387
08/09/2025,M01,477,4.3,Afternoon,OP07,73.4,Up to Date,488
2025-01-23,M02,402,20.1,Morning,OP01,60.6,Up to Date,408
2025-01-15,M08,363,18.3,Afternoon,OP08,63.1,Up to Date,370
2025-03-18,M08,375,18.3,Morning,OP05,65.3,Up to Date,383
2025-06-20,M07,435,13.8,Night,OP12,69.0,Up to Date,445
2025-12-03,M02,414,21.8,Afternoon,OP07,59.9,Up to Date,419
14/10/2025,M03,524,10.3,Night,OP13,75.1,Overdue,566
2025-08-04,M02,407,10.6,Night,OP12,69.4,Up to Date,414
14/10/2025,M02,284,162.4,Morning,OP01,60.6,In Progress,290
2025-11-10,M02,413,11.1,Afternoon,OP07,63.8,Due Soon,423
2025-12-14,M08,376,5.2,Night,OP13,63.8,up to date,382
2025-11-15,M02,427,5.0,Afternoon,OP07,61.5,Up to Date,434
2025-02-01,M01,434,24.2,Afternoon,OP06,62.6,Up to Date,442
23/09/2025,M07,431,3.5,Night,OP11,67.1,Up to Date,444
2025-08-10,M06,570,7.4,Afternoon,OP09,72.5,Overdue,592
2025-11-02,M05,502,14.7,Morning,OP05,71.1,Overdue,515
2025-06-25,M08,376,7.6,Night,OP14,71.2,Up to Date,383
2025-10-07,M08,334,55.8,Night,OP14,67.3,Up to Date,342
2025-01-11,M02,399,7.7,Night,OP11,,Up to Date,407
2025-01-09,M01,464,11.1,Night,OP11,58.2,Due Soon,471
2025-10-26,M06,227,259.0,Afternoon,OP09,78.8,Overdue,250
2025-10-20,M02,419,8.5,Night,OP12,60.7,Up to Date,425
2025-05-24,M04,368,40.0,Afternoon,OP07,68.3,Up to Date,376
2025-01-07,M03,653,10.5,Morning,OP05,66.9,Up to Date,663
2025-10-03,M08,389,11.7,Afternoon,OP09,67.0,Up to Date,397
2025-08-23,M05,473,26.3,Afternoon,OP08,72.5,Overdue,483
2025-09-16,M08,388,4.0,Afternoon,OP08,70.7,Due Soon,399
2025-06-07,M04,408,7.5,Morning,OP01,67.1,Up to Date,415
2025-11-29,M02,427,13.4,Afternoon,OP07,60.0,Up to Date,435
2025-12-19,M07,428,6.0,Night,OP12,61.5,Up to Date,437
2025-07-30,M03,588,4.1,Afternoon,OP08,71.7,Up to Date,601
2025-11-18,M05,521,14.6,Morning,OP04,60.8,Up to Date,530
2025-07-08,M02,438,10.4,Night,OP12,67.9,Due Soon,445
13/07/2025,M04,390,6.8,Afternoon,OP06,71.5,Due Soon,394
2025-01-22,M07,441,16.1,Morning,OP02,61.0,Up to Date,454
2025-04-08,M03,574,11.3,Afternoon,OP09,66.3,Up to Date,591
2025-01-21,M02,402,52.0,Morning,OP02,58.3,Up to Date,410
2025-03-04,M02,423,9.6,Afternoon,OP07,61.1,Up to Date,435
2025-10-25,M06,496,8.8,Night,OP14,78.3,Overdue,546
2025-07-18,M01,460,12.2,Morning,OP01,67.7,Due Soon,471
2025-10-15,M06,302,190.0,Night,OP15,77.9,Overdue,332
2025-11-03,M02,407,36.3,Morning,OP01,0.0,Up to Date,415
2025-04-06,M04,411,5.3,Afternoon,OP07,68.6,Up to Date,413
2025-01-03,M02,431,18.4,Night,OP12,60.5,Up to Date,439
2025-08-22,M06,561,7.3,Night,OP15,72.4,Overdue,587
2025-01-27,M07,514.05,13.9,Night,OP11,59.4,Due Soon,447
2025-01-22,M02,420,5.5,Night,,56.5,Up to Date,429
23/02/2025,M03,563,23.4,Night,OP13,64.3,Up to Date,582
2025-12-12,M04,401,3.6,night,OP12,60.9,Due Soon,410
2025-03-10,M08,365,35.7,Morning,OP04,64.6,Due Soon,370
2025-02-09,M01,466,7.3,Afternoon,OP07,66.6,Up to Date,471
2025-03-03,M07,291,163.0,Morning,OP02,62.1,In Progress,296
2025-05-19,M03,605,1.7,Afternoon,OP10,72.4,Up to Date,622
2025-04-16,M04,390,12.4,Morning,OP02,67.4,Up to Date,400
2025-03-13,M03,624,8.7,Morning,OP03,63.4,Up to Date,634
2025-11-10,M06,466,32.0,Afternoon,OP09,77.2,Overdue,519
2025-09-16,M08,345,23.8,Night,OP15,67.0,Due Soon,353
2025-04-13,M07,418,13.5,Afternoon,OP07,62.8,Up to Date,432
2025-11-10,M07,452,7.2,Afternoon,OP07,66.0,Up to Date,461
2025-12-30,M08,365,53.2,Afternoon,OP10,61.8,Up to Date,372
2025-06-23,M04,407,10.3, Morning ,OP02,66.4,Up to Date,413
2025-11-20,M07,429,8.9,Morning,OP02,62.6,Up to Date,440
2025-06-27,M06,573,34.6,Night,OP15,71.1,Up to Date,584
2025-07-28,M01,455,24.3,Night,OP12,69.3,Up to Date,462
2025-10-26,M03,268,242.2,Morning,OP04,75.3,Overdue,289
2025-04-05,M04,399,3.5,Night,OP12,63.8,Up to Date,412
2025-09-01,M06,500,19.1,Night,OP15,73.6,Overdue,524
2025-07-28,M03,564,34.0,Morning,OP03,74.1,Up to Date,574
2025-06-12,M04,409,21.8,Afternoon,OP07,67.0,Due Soon,417
2025-05-28,M03,561,26.8,Night,OP14,70.0,Up to Date,568
2025-03-09,M07,432,12.5,Afternoon,OP07,64.3,Up to Date,435
2025-07-10,M04,384,6.9,Morning,OP01,64.3,Due Soon,395
2025-04-01,M06,620,7.2,Morning,OP05,66.1,Up to Date,630
2025-06-13,M06,571,4.5,Night,OP14,72.7,Due Soon,582
2025-04-25,M07,434,20.5,Night,OP12,65.6,Up to Date,442
2025-05-04,M07,453,2.9,Afternoon,OP06,66.7,Due Soon,462
2025-05-23,M05,505,6.6,Night,OP14,64.8,Up to Date,513
2025-01-13,M05,398,108.8,Night,OP15,63.1,Up to Date,407
2025-08-17,M03,579,14.7,Night,OP15,68.2,Overdue,594
2025-04-18,M05,505,10.9,Night,OP13,65.9,Up to Date,512
2025-03-06,M03,612,5.5,Night,OP15,66.7,Due Soon,618
2025-05-02,M02,413,14.1,Afternoon,OP07,62.6,Up to Date,422
2025-01-20,M06,583,24.2,Afternoon,OP09,65.8,Due Soon,591
2025-04-09,M06,579,9.7,Morning,OP05,64.2,Up to Date,590
2025-03-16,M06,591,29.5,Morning,OP05,63.6,Up to Date,605
2025-10-01,M06,500,19.8,Night,OP15,77.1,Overdue,539
2025-12-06,M04,349,48.1,Morning,OP01,60.7,Up to Date,358
2025-06-23,M08,361,23.0,Afternoon,OP08,71.9,Up to Date,367
2025-02-12,M05,503,14.5,Morning,OP04,62.3,Up to Date,512
05/06/2025,M04,389,21.1,Afternoon,OP07,68.4,Up to Date,399
2025-07-09,M02,425,8.5,Morning,OP01,69.6,Due Soon,435
2025-04-03,M08,386,7.5,Morning,OP05,67.6,Up to Date,396
2025-09-12,M07,439,13.7,Night,OP12,64.0,Up to Date,451
2025-02-19,M03,610,21.8,Afternoon,OP08,65.2,Up to Date,626
2025-01-09,M03,575,37.7,Night,OP13,62.8,Up to Date,591
2025-06-27,M05,533,11.6,Morning,OP03,68.0,Up to Date,545
2025-05-02,M01,451,17.8,Afternoon,OP07,68.3,Up to Date,463
2025-05-19,M01,377,93.2,Night,OP11,67.0,Due Soon,384
2025-11-01,M02,421,11.7,Morning,OP01,63.0,Up to Date,427
2025-09-20,M03,531,29.9,Night,OP15,76.4,Overdue,558
2025-02-01,M05,498,7.8,Night,OP15,63.1,Up to Date,504
23/12/2025,M08,371,9.7,Morning,OP05,60.0,Up to Date,378
2025-06-07,M07,441,11.2,Afternoon,OP07,69.1,Up to Date,455
2025-03-06,M08,375,10.0,Afternoon,OP10,66.5,Up to Date,386
2025-08-13,M06,552,12.1,AFTERNOON,OP09,76.8,Overdue,578
2025-04-28,M08,358,34.1,Morning,OP05,67.0,Up to Date,365
2025-08-26,M02,404,13.7,Night,OP12,67.6,Up to Date,414
2025-12-01,M02,427,16.9,Afternoon,OP07,60.0,Up to Date,435
2025-09-13,M03,545,17.9,Night,OP15,70.5,Overdue,574
2025-06-21,M08,384,1.0,Morning,OP03,68.9,Up to Date,396
2025-08-09,M03,615,6.7,Afternoon,OP08,69.8,Due Soon,625
2025-11-28,M03,431,73.7,Night,OP13,76.8,Overdue,477
2025-11-13,M06,339,119.4, Afternoon ,OP08,78.3,Overdue,377
2025-08-04,M01,474,6.6,Morning,OP02,,Up to Date,478
2025-07-02,M-01,470,1.4,Night,OP12,71.6,Up to Date,478
2025-02-24,M07,427,12.6,Morning,OP02,61.7,Up to Date,442
2025-01-20,M03,599,17.0,Night,OP14,63.5,Up to Date,615
2025-05-24,M08,358,16.4,Afternoon,OP09,68.1,Up to Date,368
2025-08-12,M07,430,24.4,Morning,OP02,67.9,Up to Date,436
2025-01-03,M07,438,10.1,Night,OP12,60.0,Up to Date,444
2025-07-24,M08,373,7.3,Night,OP14,70.1,Up to Date,381
2025-11-09,M02,404,19.4,Morning,OP02,59.7,Due Soon,409
2025-01-28,M02,422,3.3,Afternoon,OP07,62.3,Up to Date,431
2025-04-19,M05,519,6.7,Night,OP13,65.1,Up to Date,529
2025-10-13,M01,455,13.8,Afternoon,OP06,68.4,Due Soon,464
2025-08-08,M07,440,6.8,Afternoon,OP06,70.5,Up to Date,447
2025-08-30,M04,397,17.1,Afternoon,OP06,69.7,Up to Date,402
2025-04-04,M08,324,55.8,Night,OP14,66.0,Up to Date,329
2025-05-08,M02,431,15.8,Morning,OP02,63.1,Up to Date,443
2025-06-03,M04,425,3.5,Afternoon,OP07,66.1,Up to Date,433
2025-05-25,M08,392,14.3,Night,OP13,72.3,Up to Date,397
2025-12-12,M03,498,,Night,OP15,75.6,Overdue,552
2025-06-14,M04,382,20.6,Afternoon,OP06,71.2,Due Soon,391
2025-08-02,M01,448,26.2,Afternoon,OP07,70.6,Up to Date,457
2025-09-24,M05,472,9.3,Night,OP15,68.7,Up to Date,488
2025-09-11,M03,567,9.5,Night,OP14,74.1,Overdue,594
2025-08-30,M03,559,37.2,Night,OP15,76.2,Overdue,580
26/02/2025,M02,425,4.6,Morning,OP02,60.3,Up to Date,433
2025-11-09,M06,454,6.4,Night,OP15,76.1,Overdue,501
2025-02-04,M04,410,3.4,Night,OP12,58.9,Up to Date,420
2025-02-21,M04,393,5.4,Afternoon,OP06,64.8,Up to Date,407
2025-04-08,M03,622,18.1,Morning,OP03,65.7,Up to Date,639
2025-05-24,M06,584,10.3,Afternoon,OP08,69.0,Up to Date,595
2025-12-03,M04,397,17.4,Afternoon,OP06,64.2,Up to Date,407
2025-07-10,M04,380,19.0,Afternoon,OP07,68.1,Due Soon,391
2025-05-27,M07,458,3.2,Morning,OP02,66.6,Up to Date,462
2025-01-01,M05,521,19.8,Morning,OP03,63.1,Up to Date,532
2025-05-21,M04,375,11.0,Night,OP11,68.3,Up to Date,380
2025-05-28,M01,444,16.7,Night,OP12,68.3,Up to Date,455
11/05/2025,M06,561,25.0,Afternoon,OP10,69.6,Up to Date,574
2025-01-26,M06,,5.3,Morning,OP04,60.7,Up to Date,624
2025-07-06,M07,418,10.4,Afternoon,OP06,72.0,Up to Date,427
2025-05-12,M07,448,6.2,Afternoon,OP06,68.7,Up to Date,456
2025-10-18,M07,441,2.8,Morning,,64.5,Up to Date,451
2025-04-11,M02,428,6.9,Morning,OP02,63.4,Up to Date,432
2025-02-03,M08,403,5.0,Morning,OP03,66.0,Up to Date,411
2025-03-29,M01,456,16.8,Night,OP12,67.1,Up to Date,470
2025-09-06,M02,389,21.1,Afternoon,,70.9,Up to Date,394
2025-12-09,M06,191,279.9,Night,OP15,77.8,Overdue,212
2025-07-28,M02,411,15.8,Afternoon,OP06,67.0,Up to Date,416
2025-10-18,M07,428,17.3,afternoon,OP06,68.8,Up to Date,432
2025-12-21,M02,412,23.3,Night,OP12,56.7,Up to Date,422
2025-07-23,M06,611,5.4,Afternoon,OP10,71.8,Due Soon,625
2025-08-04,M02,430,2.5,Afternoon,OP07,65.9,Up to Date,439
2025-10-06,M02,421,7.1,Morning,OP02,62.8,Up to Date,430
2025-06-01,M08,349,26.2,Night,OP15,68.1,Up to Date,356
2025-08-17,M03,626,3.4,Morning,OP04,70.4,Overdue,654
2025-03-17,M07,339,115.2,Night,OP11,62.6,Up to Date,344
2025-05-03,M03,615,2.1,Morning,OP03,70.6,Due Soon,625
2025-08-05,M03,594,8.6,Afternoon,OP10,71.9,Due Soon,609
2025-09-22,M05,500,17.0,Morning,OP05,66.0,Up to Date,513
2025-01-01,M03,616,9.2,Morning,OP04,66.5,Up to Date,626
2025-04-24,M05,505,11.4,Night,OP13,65.9,Up to Date,515
08/01/2025,M08,387,17.3,Afternoon,OP10,60.1,Up to Date,399
2025-07-16,M01,432,19.8,Night,OP11,72.0,Up to Date,437
2025-03-06,M06,599,13.6,Afternoon,OP10,61.9,Up to Date,613
2025-04-13,M03,580,38.4,Afternoon,OP10,68.2,Up to Date,591
2025-10-23,M01,461,9.3,Morning,OP02,66.8,Up to Date,476
2025-02-16,M08,397,19.8,Morning,OP04,64.9,Up to Date,409
2025-02-17,M02,427,2.0,Morning,OP02,55.8,Up to Date,436
2025-12-11,M05,520,5.3,Morning,OP03,65.7,Due Soon,530
2025-01-24,M03,612,10.1,Afternoon,OP08,64.0,Up to Date,629
2025-07-01,M01,445,15.5,Morning,OP01,72.8,Up to Date,456
2025-01-02,M02,404,24.9,Night,OP11,60.8,Up to Date,410
2025-08-10,M02,385,38.9,Afternoon,OP06,68.9,Due Soon,395
2025-07-22,M06,575,0.9,Night,OP15,73.5,Due Soon,594
2025-10-11,M08,378,15.0,Morning,OP03,67.7,Up to Date,388
2025-07-04,M08,375,14.5,Night,OP15,69.5,Up to Date,381
2025-08-09,M06,554,12.1, Morning ,OP05,72.8,Overdue,572
2025-03-02,M07,470,2.0,Morning,OP02,61.4,Due Soon,474
2025-05-11,M04,399,11.2,Night,OP11,66.3,Due Soon,404
2025-09-18,M03,551,15.6,Night,OP13,76.8,Overdue,575
2025-06-04,M06,552,36.6,Morning,OP03,67.7,Up to Date,563
2025-03-20,M02,398,17.1,Night,OP11,63.5,Due Soon,408
2025-05-28,M07,454,2.5,Afternoon,OP06,73.4,Up to Date,463
2025-01-09,M01,459,11.3,Afternoon,OP06,64.5,Due Soon,470
2025-03-14,M04,388,6.5,Night,OP11,62.8,Due Soon,394
2025-08-14,M08,351,41.5,Morning,OP04,69.8,Due Soon,355
2025-07-06,M03,634,9.4,Morning,OP05,71.1,Due Soon,646
2025-05-04,M06,593,9.3,Afternoon,OP08,67.8,Up to Date,605
2025-06-28,M06,609,7.4,Morning,OP04,67.0,Up to Date,624
2025-09-08,M02,398,11.6,Morning,OP01,65.9,Up to Date,408
2025-11-09,M03,514,25.0,Morning,OP03,76.5,Overdue,561
2025-10-19,M05,499,11.0,Afternoon,OP08,70.0,Overdue,508
2025-09-28,M02,355,66.8,Morning,OP01,63.0,Up to Date,365
2025-10-15,M08,395,3.0,Afternoon,OP09,68.6,Due Soon,400
2025-09-07,M05,471,12.8,Night,OP14,71.8,Overdue,483
2025-12-09,M07,440,7.7,Night,OP11,60.4,Up to Date,453
2025-11-07,M04,368,28.6,Night,OP12,60.6,Up to Date,379
2025-01-04,M06,578,5.6,Night,OP13,62.5,Up to Date,587
2025-10-27,M07,444,1.4,Morning,OP01,66.5,Due Soon,455
2025-10-12,M03,530,32.7,Night,OP13,75.2,Overdue,567
2025-01-19,M07,399,27.2,Morning,OP01,61.6,Up to Date,413
2025-03-04,M05,486,21.2,Morning,OP03,62.7,Up to Date,489
2025-11-04,M04,415,14.8,Afternoon,OP07,65.2,Up to Date,419
17/02/2025,M08,372,13.7,Night,OP13,58.0,Up to Date,379
2025-10-07,m02,401,21.8,Afternoon,OP07,63.2,Up to Date,409
2025-07-14,M04,407,5.4,Night,OP12,67.7,Due Soon,415
2025-06-22,M01,412,66.6,Afternoon,OP07,73.3,Up to Date,423
2025-11-28,M07,270,197.6,Morning,OP01,63.7,In Progress,274
12/09/2025,M07,448,17.6,Afternoon,OP06,69.4,Up to Date,456
2025-07-13,M07,408,44.6,Night,OP11,65.1,Up to Date,415
2025-12-11,M03,367,132.3,Afternoon,OP09,83.1,Overdue,410
2025-06-16,M08,385,,Afternoon,OP09,72.1,Due Soon,394
2025-03-17,M04,397,7.2,Morning,OP01,60.9,Up to Date,404
2025-08-05,M01,453,19.2,Afternoon,OP07,72.9,Up to Date,462
2025-11-25,M07,330,138.1,Afternoon,OP06,64.8,Due Soon,333
2025-02-04,M02,310,125.2,Morning,OP02,55.6,Up to Date,318
2025-07-30,M04,390,16.2,Night,OP11,68.3,Up to Date,402
2025-04-08,M01,453,10.1,Night,OP11,66.2,Up to Date,459
2025-12-09,M03,472,7.5,Afternoon,OP10,82.4,Overdue,536
2025-02-14,M05,471,5.5,Night,OP14,65.6,due soon,482
2025-06-29,M03,599,,Afternoon,OP08,74.5,Up to Date,610
2025-12-13,M04,399,12.8,Afternoon,OP07,61.9,Due Soon,409
14/08/2025,M05,498,1.8,Morning,OP05,72.0,Due Soon,508
2025-03-18,M05,495,11.6,Afternoon,OP08,63.6,Up to Date,508
2025-09-10,M02,433,5.0,Night,OP12,64.1,Due Soon,444
2025-09-10,M05,449,34.6,Afternoon,OP08,74.0,Overdue,464
2025-12-21,M01,451,12.7,Night,OP12,66.0,Up to Date,461
2025-12-17,M05,481,20.5,Night,OP14,63.9,Overdue,495
2025-11-24,M05,499,16.9,Morning,OP03,65.2,Up to Date,513
2025-09-25,M01,457,1.7,Afternoon,OP07,69.2,Up to Date,467
2025-06-01,M05,512,5.0,Night,OP13,70.8,Up to Date,516
2025-07-07,M04,375,43.3,Morning,OP02,69.9,Up to Date,380
2025-07-16,M03,613,6.0,Afternoon,OP08,70.6,Up to Date,626
2025-09-02,M04,390,13.7,Night,OP11,65.3,Up to Date,393
2025-10-29,M04,359,33.7,Night,OP12,65.8,Up to Date,365
2025-09-20,M02,435,2.3,Afternoon,OP07,63.9,Up to Date,438
2025-06-16,M04,405,6.5,Morning,OP02,65.8,Up to Date,413
2025-05-15,M07,430,17.8,Night,OP12,67.0,Up to Date,442
2025-11-21,M03,488,16.8,Afternoon,OP08,78.3,Overdue,543
2025-03-19,M08,369,10.6,Night,OP14,63.9,Up to Date,377
2025-05-29,M04,391,12.7,Morning,OP01,62.4,Up to Date,398
2025-03-07,M06,586,11.2,Afternoon,OP10,63.0,Up to Date,594
2025-06-17,M07,415,23.3,Night,OP11,66.6,Up to Date,424
2025-03-24,M04,399,15.7,Night,OP11,63.4,Up to Date,408
2025-04-13,M01,447,20.6,Night,OP11,62.9,Due Soon,455
2025-02-28,M04,406,9.4,Night,OP11,61.4,Up to Date,413
2025-05-14,M03,615,11.8,Night,OP13,67.3,Up to Date,626
2025-06-15,M01,459,6.2,Afternoon,OP07,74.1,Due Soon,468
2025-04-07,M01,435,14.6,Night,OP11,67.4,Up to Date,443
2025-04-29,M07,425,8.4,Night,OP12,65.5,Due Soon,432
2025-04-16,M04,400,15.3,Afternoon,OP07,68.3,Up to Date,409
2025-08-21,M01,439,14.9,Night,OP12,67.7,Up to Date,448
2025-05-25,M05,478,6.4,Afternoon,OP08,70.0,Up to Date,487
2025-11-26,M05,482,18.0,Night,OP15,64.3,Up to Date,496
2025-09-14,M04,383,39.1,Night,OP11,64.9,Up to Date,391
2025-12-24,M07,448,,Afternoon,OP06,62.6,Due Soon,460
2025-08-22,M04,403,14.6,Night,OP12,64.4,Up to Date,412
2025-12-11,M08,379,18.4,Morning,OP04,65.4,Up to Date,386
2025-12-10,M03,496,31.7,Afternoon,OP09,80.5,Overdue,557
2025-10-27,M03,537,8.4,Morning,OP04,78.2,Overdue,587
2025-11-08,M02,396,27.6,Night,OP11,62.1,Due Soon,403
2025-03-12,M06,550,24.7,Night,OP14,66.9,Up to Date,562
2025-08-27,M08,383,12.5,Morning,OP05,70.0,Up to Date,392
2025-09-12,M05,508,4.6, Night ,OP14,68.3,up to date,515
2025-04-07,M07,428,10.4,Afternoon,OP06,,Up to Date,437
2025-02-06,M02,416,2.7,Night,OP11,60.1,Up to Date,427
2025-10-10,M08,360,11.2,Night,OP14,68.9,Up to Date,362
2025-04-09,M05,499,1440.0,Afternoon,OP10,67.9,Due Soon,512
2025-09-05,M01,419,42.9,Night,OP11,68.0,Up to Date,430
2025-02-23,M03,575,44.3,Afternoon,OP09,67.4,Up to Date,587
2025-09-16,M06,527,21.5,Night,OP13,76.3,Overdue,562
2025-10-02,M02,395,19.3,Morning,OP02,63.2,Up to Date,405
2025-04-24,M03,611,4.1,Afternoon,OP10,70.5,Up to Date,622
2025-12-02,M04,381,20.0,Night,OP12,61.6,Up to Date,388
2025-06-18,M03,601,7.0,Night,OP13,73.3,Up to Date,612
2025-09-28,M03,581,14.9,Afternoon,OP09,75.1,Overdue,613
2025-08-17,M04,390,15.7,Afternoon,OP06,71.3,Up to Date,398
2025-07-29,M02,415,9.0,Night,OP11,65.8,Up to Date,419
2025-07-21,M07,453,13.6,Morning,OP01,69.6,Up to Date,461
2025-12-07,M04,419,1.6,Afternoon,OP07,65.3,Up to Date,427
2025-10-02,M08,384,10.7,Afternoon,OP09,70.0,Up to Date,392
12/12/2025,M01,437,13.1,Night,OP12,65.7,Up to Date,447
2025-02-25,M07,346,105.8,Night,OP12,,Due Soon,349
2025-04-23,M06,536,61.6,Night,OP13,66.2,Up to Date,548
2025-08-23,M04,374,19.8,Night,OP12,70.4,Up to Date,378
2025-07-10,M03,421,150.6,Morning,OP03,73.0,In Progress,430
2025-07-30,M03,573,19.3,Night,OP15,71.3,Up to Date,579
2025-05-14,M07,416,35.4,Night,OP12,65.9,Up to Date,425
2025-03-26,M06,590,,Night,OP14,64.4,Up to Date,605
2025-10-11,M02,428,1.9,Afternoon,OP06,64.7,Due Soon,433
2025-12-24,M02,421,8.9,Night,OP11,60.9,Up to Date,426
2025-01-11,M03,618,20.3,Morning,OP05,63.1,Up to Date,627
2025-05-08,M03,595,12.9,Night,OP15,70.5,Up to Date,602
2025-12-07,M08,375,3.4,Night,OP15,64.7,Up to Date,381
2025-10-10,M03,461,95.2,Afternoon,OP10,74.6,Overdue,490
2025-10-26,M05,501,12.8,Morning,OP04,69.8,Overdue,510
2025-10-22,M02,415,13.7,Afternoon,OP06,63.0,Up to Date,425
2025-05-01,M07,433,11.7,Afternoon,OP07,65.5,Due Soon,444
2025-11-25,M03,464,23.3,Night,OP13,81.6,Overdue,520
2025-08-26,M06,521,8.6,Afternoon,OP08,73.0,Overdue,550
2025-08-21,M03,622,14.2,Afternoon,OP10,74.0,Overdue,635
2025-09-29,M-05,516,2.7,Morning,OP04,67.4,Up to Date,523
2025-08-01,M06,580,5.4,Afternoon,OP10,74.1,Overdue,600
2025-04-13,M08,370,17.7,Night,OP14,65.7,Due Soon,377
2025-09-27,M06,523,7.5,Afternoon,OP10,76.4,Overdue,562
2025-11-10,M07,451,10.0,Night,OP12,57.5,Up to Date,455
2025-04-03,M04,391,4.6,Afternoon,OP06,63.7,Up to Date,402
2025-10-11,M06,519,9.7,Afternoon,OP10,80.8,Overdue,569
2025-10-29,M02,420,2.4,Night,OP11,63.2,Up to Date,431
2025-01-03,M01,429,20.3,Morning,OP01,64.6,Up to Date,439
2025-02-17,M04,402,13.5,Night,OP11,58.5,Up to Date,408
2025-10-03,M01,474,8.6,Afternoon,OP07,67.4,Up to Date,478
2025-01-24,M04,390,9.7,Night,OP11,60.7,Up to Date,396
2025-02-23,M07,447,19.9,Afternoon,OP07,60.1,Up to Date,458
2025-09-13,M05,523,11.9,Morning,OP03,70.5,Up to Date,541
2025-02-27,M05,493,9.9, Night ,OP14,,Up to Date,508
2025-06-09,M04,397,9.9,Morning,OP01,,Due Soon,405
2025-12-29,M02,415,13.2,Night,OP12,59.3,Up to Date,423
2025-08-14,M04,403,13.8,Night,OP12,69.2,Due Soon,412
2025-04-11,M05,482,28.7,Afternoon,OP10,67.5,Due Soon,491
2025-12-03,M03,464,34.6,Morning,OP03,79.0,Overdue,514
2025-03-24,M01,441,22.4,Night,OP12,64.3,Up to Date,449
2025-02-06,M03,578,27.7,Morning,OP03,68.0,Due Soon,594
2025-10-28,M04,415,17.9,Morning,OP02,63.5,Up to Date,420
2025-03-12,M01,455,,Morning,OP01,65.9,Up to Date,470
2025-04-10,M08,388,7.0,Afternoon,OP09,67.8,Due Soon,401
2025-10-20,M04,372,17.1,Night,OP11,67.7,Up to Date,380
2025-05-16,M08,386,7.6,Night,OP14,65.7,Due Soon,393
2025-07-19,M08,387,6.3,Afternoon,OP09,77.8,Up to Date,397
2025-12-11,M05,481,5.8,Night,OP13,61.7,Due Soon,492
2025-11-21,M05,509,3.5,Morning,OP05,62.6,Up to Date,516
2025-10-19,M06,491,16.5,Night,OP14,77.2,Overdue,538
12/03/2025,M08,391,20.9,Morning,OP04,63.5,Due Soon,399
2025-07-18,M05,507,16.4,Afternoon,OP10,72.1,Up to Date,513
2025-08-16,M01,464,11.8,Night,OP11,69.8,Due Soon,474
2025-04-30,M05,515,13.4,Afternoon,OP10,68.4,Up to Date,520
2025-06-28,M01,456,14.8,Morning,OP01,69.3,Up to Date,466
2025-03-06,M04,395,1.8,Morning,OP01,60.7,Up to Date,402
2025-07-01,M02,430,7.9,Afternoon,OP07,69.0,Up to Date,440
2025-12-15,M05,485,0.7,Night,OP15,63.1,Due Soon,499
2025-11-30,M08,389,10.2,Morning,OP05,63.8,Up to Date,399
2025-12-21,M03,495,12.7,Morning,OP03,78.1,Overdue,550
2025-10-15,M03,36,450.0,Morning,OP04,74.6,Overdue,39
2025-11-26,M05,510,,Morning,OP04,64.0,Up to Date,519
2025-06-18,M07,426,8.5,Night,OP12,65.1,Up to Date,435
2025-11-16,M03,402,118.2,Afternoon,OP10,78.3,Overdue,443
2025-09-24,M06,528,5.2,Afternoon,OP09,77.6,Overdue,572
2025-12-01,M01,450,18.2,Night,OP12,61.6,Up to Date,460
2025-08-06,M07,441,7.0,Night,OP11,69.8,Up to Date,447
2025-10-04,m07,439,8.8,Night,OP11,64.3,Up to Date,448
2025-03-08,M08,375,8.9,Morning,OP04,63.7,Due Soon,385
2025-10-05,M07,430,7.1,Night,OP11,63.4,Up to Date,437
2025-08-14,M08,378,3.5,Night,OP13,71.5,Due Soon,382
2025-04-11,M03,477,118.5,Morning,OP04,65.6,Up to Date,483
2025-07-31,M02,425,12.4,Morning,OP02,64.8,up to date,431
2025-02-03,M07,423,1.2,Night,OP12,60.1,Up to Date,433
2025-06-16,M02,431,3.0,Morning,OP01,70.2,Up to Date,436
2025-04-17,M06,609,13.2,Night,OP13,63.6,Up to Date,618
2025-05-11,M01,433,10.2,Morning,OP01,67.9,Up to Date,442
2025-03-18,M02,407,23.3,Afternoon,OP07,59.5,Due Soon,416
2025-11-21,M07,433,11.9,Morning,OP01,,Up to Date,438
2025-08-12,M05,506,7.1,Afternoon,OP09,69.6,Due Soon,513
2025-05-05,M07,442,16.6,Afternoon,OP07,67.5,Up to Date,454
2025-09-22,M04,399,11.7,Afternoon,OP07,69.4,Up to Date,407
2025-01-29,M06,616,6.6,Morning,OP05,62.2,Up to Date,625
2025-03-13,M07,443,10.1,Afternoon,OP06,68.6,Up to Date,450
2025-02-15,M01,436,26.1,Morning,OP02,62.8,Up to Date,443
2025-04-23,M06,566,16.3,Afternoon,OP09,67.0,Up to Date,577
2025-01-04,M06,557,19.8,Morning,OP03,62.1,Up to Date,570
2025-06-13,M07,442,15.4,Morning,OP02,67.7,Up to Date,449
2025-12-22,M01,454,5.2,Night,OP12,63.1,Up to Date,465
2025-01-14,M04,384,9.3,Afternoon,OP06,62.1,Up to Date,391
2025-07-08,M03,615,5.5,Morning,OP03,71.1,due soon,627
2025-07-17,M08,269,154.5,Morning,OP05,70.1,In Progress,274
2025-01-29,M03,581,39.7,Morning,OP04,66.5,Up to Date,597
2025-06-01,M04,390,4.1,Night,OP12,65.0,Up to Date,401
2025-04-11,M04,378,29.9,Afternoon,OP06,65.5,Due Soon,386
2025-01-24,M02,416,18.8,Night,OP12,54.1,Up to Date,420
2025-05-12,M06,581,25.3,Afternoon,OP09,72.2,Due Soon,594
2025-10-06,M08,377,7.6,Night,OP13,65.3,Up to Date,382
2025-05-13,M06,643,1.6,Morning,OP03,66.2,Due Soon,653
2025-06-20,M07,452,7.6,Morning,OP01,68.2,Up to Date,461
2025-09-05,M05,454,22.5,Afternoon,OP10,74.0,Overdue,477
2025-10-28,M04,375,25.4,Night,OP11,62.1,Up to Date,388
2025-06-27,M07,443,5.3,Morning,OP02,69.5,Up to Date,448
2025-11-30,M03,284,199.3,Night,OP15,76.1,Overdue,315
2025-10-15,M08,392,13.8,Morning,OP03,67.4,Due Soon,400
2025-11-18,M06,484,5.0,Afternoon,OP09,80.0,Overdue,551
2025-11-16,M04,391,14.8,Night,OP11,60.8,up to date,400
2025-09-24,M02,,9.6,Night,OP12,63.6,Up to Date,409
2025-08-15,M05,476,18.1,Night,OP15,72.7,Due Soon,484
2025-12-08,M01,434,10.2,Morning,OP01,62.2,Up to Date,446
2025-12-15,M04,389,13.9,Morning,OP01,65.0,Due Soon,398
2025-10-19,M07,416,5.0,Night,OP11,66.2,Up to Date,425
2025-01-20,M08,356,6.1,Night,OP15,62.5,Up to Date,366
2025-02-08,M05,496,8.6,Afternoon,OP08,60.9,Up to Date,505
2025-03-22,M05,488,12.5,Night,OP14,64.9,Up to Date,498
2025-04-06,M06,583,8.9,Night,OP14,64.1,Up to Date,594
2025-05-13,M02,404,29.6,Afternoon,OP06,66.2,Due Soon,412
2025-07-07,M03,575,28.7, Night ,OP15,71.1,Due Soon,586
2025-04-14,M06,577,9.0,Night,OP15,67.1,Due Soon,586
2025-09-09,M07,439,18.3,Morning,OP01,66.5,Up to Date,448
2025-08-19,M05,487,27.1,Afternoon,,70.9,Due Soon,498
2025-03-24,M01,440,15.0,Morning,OP01,63.2,Up to Date,449
2025-05-03,M07,442,10.6,Morning,OP02,60.3,Due Soon,451
2025-12-30,M03,488,11.9,Night,OP14,78.7,Overdue,540
2025-05-05,M08,390,14.6,Morning,OP03,,Up to Date,393
2025-06-08,M06,600,16.5,Morning,OP05,72.3,Up to Date,613
2025-09-10,M07,448,27.4,Afternoon,OP07,70.7,Up to Date,452
2025-08-20,M08,371,7.9,Night,OP15,69.2,Up to Date,376
2025-03-28,M04,412,8.6,Night,OP12,62.8,Up to Date,419
2025-10-07,M05,538,16.9,Morning,OP04,70.5,Due Soon,546
2025-06-21,M07,433,13.0,Morning,OP02,67.4,Up to Date,439
2025-07-07,M05,502,6.1,Morning,OP03,68.7,Due Soon,516
2025-08-18,M06,541,13.7,Night,OP13,75.1,Overdue,572
2025-10-10,M03,193,312.6,Night,OP13,76.1,Overdue,206
2025-06-11,M01,417,42.6,morning,OP02,68.7,Up to Date,425
2025-09-05,M07,417,7.0,Afternoon,OP07,68.0,Up to Date,424
2025-02-04,M03,582,21.6,Morning,OP03,64.4,Due Soon,598
2025-09-29,M04,393,0.7,Night,OP11,65.1,Up to Date,396
2025-10-28,M07,438,7.3,Night,OP11,66.5,Up to Date,449
2025-03-30,M04,385,21.6,Afternoon,OP07,62.7,Up to Date,395
2025-02-09,M04,398,15.5,Afternoon,OP06,65.1,Up to Date,403
2025-11-17,M06,408,,Morning,OP04,76.6,Overdue,455
2025-07-31,M05,513,5.7,Night,OP14,68.7,Up to Date,521
2025-11-04,M06,367,116.7,Night,OP15,78.7,Overdue,405
2025-08-01,M04,396,13.1,Afternoon,OP07,71.0,Up to Date,404
2025-12-21,M08,398,18.3,Morning,OP03,61.9,Up to Date,405
2025-08-15,M05,509,9.3,Afternoon,OP08,999.0,Due Soon,519
2025-10-31,M01,471,8.7,Afternoon,OP06,,Up to Date,483
2025-03-10,M07,403,22.3,Afternoon,OP06,60.6,Up to Date,411
2025-12-04,M08,419,6.9,Morning,OP04,63.4,Up to Date,426
2025-07-09,M02,389,14.3,Afternoon,OP07,70.3,Due Soon,400
2025-11-10,M05,466,,Afternoon,OP10,65.1,Up to Date,476
2025-10-12,M06,497,14.8,Afternoon,OP08,78.8,Overdue,545
2025-11-23,M04,392,18.2,Morning,OP02,63.0,up to date,402
2025-11-03,M01,447,15.3,Morning,OP02,64.9,Up to Date,456
2025-10-13,M03,305,217.3,Night,,74.6,Overdue,322
2025-09-23,M08,365,14.0,Morning,OP05,70.0,Up to Date,374
2025-05-23,M01,424,19.2,Morning,OP02,67.4,Up to Date,432
2025-03-18,M04,396,2.0,Night,OP12,61.0,Up to Date,402
2025-06-26,M04,380,41.0,Night,OP12,66.1,Up to Date,386
2025-02-05,M06,607,3.4,Night,OP14,61.0,Up to Date,621
2025-10-05,M07,452,17.2,Afternoon,OP06,64.2,Up to Date,458
2025-07-19,M05,534,10.2,Morning,OP05,72.7,Up to Date,544
2025-03-21,M01,462,6.0,Afternoon,OP07,66.2,Up to Date,476
2025-08-24,M01,476,5.5,Morning,OP01,69.4,Up to Date,490
2025-10-01,M05,481,15.0,Night,OP14,70.3,Up to Date,494
01/10/2025,M02,392,17.9,Morning,OP02,60.7,Up to Date,403
2025-12-28,M08,356,44.1,Night,OP15,61.7,Up to Date,362
2025-10-18,M08,387,5.2,Night,OP13,64.5,Due Soon,396
2025-03-05,M03,630,9.3,Afternoon,OP10,65.4,Due Soon,646
2025-10-12,M02,406,13.0,Afternoon,OP07,64.1,Due Soon,412
2025-08-06,M03,611,14.1,Afternoon,OP09,74.2,Due Soon,627
2025-08-18,M01,457,9.4,Afternoon,OP07,71.9,Due Soon,462
2025-04-13,M02,423,4.9,Night,OP11,62.4,Up to Date,429
2025-03-01,M06,602,12.9,Morning,OP04,62.9,Up to Date,616
2025-08-07,M01,440,8.0,Afternoon,OP06,72.2,Up to Date,446
2025-10-31,M07,435,6.7,Afternoon,OP07,63.0,Up to Date,445
2025-03-06,M03,610,17.5,Morning,OP04,65.6,Due Soon,625
29/07/2025,M07,446,15.7,Morning,OP02,64.8,Due Soon,455
2025-12-18,M07,429,8.6,Morning,OP02,63.0,Up to Date,438
2025-01-09,M07,454,3.8,Night,OP11,60.5,Up to Date,465
2025-05-25,M03,584,16.1,Night,OP15,70.7,Up to Date,602
2025-07-31,M04,412,6.7,Night,OP12,70.1,Up to Date,419
2025-10-31,M01,435,16.3,Night,OP11,66.5,Up to Date,443
2025-04-14,M02,397,29.4,Morning,OP01,66.2,Up to Date,408
2025-01-18,M06,567,10.3,Morning,OP03,62.2,Due Soon,584
2025-09-24,M08,373,13.6,Afternoon,OP08,72.0,Up to Date,379
2025-03-16,M03,642,8.5,Afternoon,OP10,66.5,Up to Date,655
2025-07-02,M05,480,14.4,Afternoon,OP08,73.4,Up to Date,489
2025-09-12,M03,570,14.5,Night,OP15,74.4,Overdue,589
2025-07-31,M02,306,133.6,Night,OP11,70.2,Up to Date,312
2025-09-17,M03,554,8.2,Night,OP13,73.1,Overdue,580
2025-04-02,M08,349,13.3,Night,OP15,68.5,Up to Date,355
2025-09-23,M04,390,7.3,Morning,OP01,62.6,Up to Date,398
2025-09-06,M03,554,19.6,Night,OP14,67.9,Overdue,577
2025-02-02,M05,370,132.1,Night,OP13,61.0,Up to Date,381
2025-04-11,M08,394,11.7,Morning,OP05,71.7,Due Soon,405
2025-05-27,M03,598,24.8,Morning,OP03,69.5,Up to Date,607
2025-12-09,M03,502,24.3,Morning,OP04,79.5,Overdue,566
2025-10-31,M03,523,13.5,Night,OP14,77.6,Overdue,569
2025-08-31,M05,491,11.0,Night,OP13,,Overdue,503
2025-01-07,M01,445,18.9,Afternoon,OP06,64.5,Up to Date,456
2025-10-20,M06,323,170.6,Night,OP15,76.9,Overdue,350
05/02/2025,M04,398,19.3,Morning,OP02,58.2,Up to Date,403
2025-03-16,M01,460,14.3,Night,OP11,63.6,Due Soon,465
2025-01-31,M06,573,18.4,Afternoon,OP10,64.3,Up to Date,588
2025-01-09,M07,416,12.2,Morning,OP02,58.7,Up to Date,425
2025-08-21,M08,344,31.0,Night,OP15,69.6,Up to Date,353
2025-04-19,M01,447,16.6,Morning,OP02,67.6,Up to Date,457
2025-08-25,M02,417,8.9,Night,OP12,64.0,Up to Date,423
2025-10-04,M07,432,8.4,Morning,OP01,65.3,Up to Date,441
2025-08-01,M03,580,14.2,Afternoon,OP08,71.9,Up to Date,590
2025-10-15,M04,386,13.7,Afternoon,OP06,67.5,Up to Date,396
2025-03-29,M08,405,3.6,Morning,OP03,64.9,Up to Date,407
2025-05-21,M03,630,1.6,Morning,OP05,70.5,Up to Date,653
2025-12-29,M08,405,9.5,Afternoon,OP09,63.6,Up to Date,410
2025-07-04,M04,387,27.2,Afternoon,OP06,70.0,Up to Date,394
2025-12-01,M04,383,19.0,Night,OP11,60.2,Up to Date,388
2025-10-10,M06,351,166.6,Morning,OP03,75.8,Overdue,385
2025-11-01,M04,393,26.4,Morning,OP02,64.4,Up to Date,398
2025-12-03,M03,386,123.8,Afternoon,OP08,80.4,Overdue,434
2025-09-20,M01,461,7.6,Night,OP11,71.3,Up to Date,466
2025-03-30,M02,418,6.0,Morning,OP02,62.3,Up to Date,424
2025-02-24,M05,468,30.1,Night,OP14,64.2,Up to Date,483
2025-01-22,M04,380,42.2,Morning,OP02,59.5,Up to Date,384
2025-06-04,M04,386,10.3,Night,OP11,67.7,Up to Date,396
2025-01-20,M04,400,13.6,Night,OP12,62.6,Up to Date,406
2025-12-17,M08,370,9.3,Night,OP13,62.5,Due Soon,378
2025-09-27,M05,512,10.2,Night,OP14,67.9,Up to Date,517
2025-03-12,M07,442,2.0,Morning,OP02,58.4,Up to Date,451
2025-05-13,m03,632,10.6,Morning,OP05,71.2,Up to Date,643
2025-12-06,M01,445,11.9,Afternoon,OP06,67.1,Up to Date,458
2025-09-21,M06,527,7.1,Afternoon,OP09,76.8,Overdue,570
2025-08-26,M07,448,8.1,Afternoon,OP06,66.9,Due Soon,455
2025-05-07,M01,458,8.4,Morning,OP02,71.7,Up to Date,469
2025-04-29,M02,420,22.0, Morning ,OP01,61.8,up to date,428
2025-03-16,M05,519,8.3,Morning,OP05,59.8,Up to Date,528
2025-02-13,M05,481,18.3,Night,OP13,65.7,Due Soon,494
2025-04-28,M06,583,16.2,Afternoon,OP10,66.6,Up to Date,591
2025-09-07,M01,448,13.9,Afternoon,OP06,74.9,Up to Date,458
2025-01-04,M07,428,17.3,Night,OP12,60.9,Up to Date,433
2025-02-16,M05,496,6.9,Night,OP15,61.7,Up to Date,510
2025-06-17,M07,415,23.3,Night,OP11,66.6,Up to Date,424
2025-03-28,M08,379,19.4,Morning,OP05,68.0,Up to Date,389
2025-12-03,M06,468,2.0,night,OP14,75.8,Overdue,519
2025-03-15,M06,617,3.8,Morning,OP03,61.8,Up to Date,630
2025-10-21,M06,325,185.3,Morning,OP05,,Overdue,349
2025-09-13,M04,382,5.5,Morning,OP01,68.0,Up to Date,390
05/05/2025,M08,375,5.8,Afternoon,OP10,69.0,Up to Date,383
2025-02-10,M03,648,9.7,Morning,OP04,61.4,Up to Date,659
2025-10-04,M01,455,3.9,Afternoon,OP06,66.3,Up to Date,466
2025-03-10,M03,594,2.9,Afternoon,OP09,67.3,Up to Date,610
2025-06-09,M01,449,11.5,Afternoon,OP06,71.0,Up to Date,457
12/06/2025,M05,499,28.4,Afternoon,OP08,70.8,Up to Date,507
2025-03-01,M06,592,10.2,Afternoon,OP08,64.6,Up to Date,606
2025-05-12,M04 ,395,9.5,Afternoon,OP07,69.0,Due Soon,406
2025-06-18,M07,396,66.3,Afternoon,OP07,,Up to Date,398
2025-03-23,M03,576,12.6,Night,OP15,65.8,Up to Date,592
2025-03-29,M03,549,33.3,Afternoon,OP08,66.7,Up to Date,562
21/06/2025,M06,569,15.9,Night,OP14,70.3,Up to Date,587
2025-01-12,M03,611,8.3,Morning,OP03,65.7,Up to Date,626
2025-02-13,M01,444,22.6,Afternoon,OP07,64.5,Up to Date,454
2025-06-17,M05,507,5.9,Night,OP14,68.3,Up to Date,522
2025-07-16,M02,406,16.4,Night,OP11,69.1,Up to Date,413
2025-02-08,M01,473,5.0,Afternoon,OP07,63.9,Up to Date,482
2025-06-21,M06,609,4.0,Morning,OP04,69.2,Up to Date,622
2025-12-19,M03,490,18.1,Morning,OP04,78.3,Overdue,550
2025-05-23,M07,409,36.5,Morning,OP02,66.7,Up to Date,419
2025-04-19,M02,419,13.8,Morning,OP02,61.7,Up to Date,426
2025-06-06,M03,583,26.1,Night,OP15,70.3,Due Soon,591
2025-04-20,M02,415,9.7,Night,OP11,63.3,Up to Date,423
2025-10-06,M07,453,10.2,Afternoon,OP07,68.6,Up to Date,460
2025-05-20,M01,466,7.6,Morning,OP02,65.9,Due Soon,477
2025-11-19,M05,499,11.3,Night,OP13,61.7,Up to Date,508
2025-02-07,M04,390,17.2,Morning,OP02,61.5,Up to Date,397
2025-03-31,M07,428,8.4,Afternoon,OP07,64.1,Due Soon,434
2025-11-01,M08,375,3.5,Afternoon,OP08,69.8,Up to Date,381
2025-01-07,M02,402,26.2,Afternoon,OP07,61.5,Up to Date,411
2025-06-17,M05,504,24.0,Afternoon,OP09,70.2,Up to Date,512
2025-12-02,M07,437,19.6,Afternoon,OP07,62.4,Up to Date,443
2025-04-13,M04,397,10.6,Afternoon,OP06,65.5,Up to Date,405
2025-12-04,M01,461,9.6,Morning,OP01,64.7,Up to Date,471
2025-01-19,M08,367,22.5,Afternoon,OP10,63.3,Up to Date,377
2025-09-07,M06,493,27.3,Night,OP15,70.7,Overdue,526
2025-04-27,M08,366,22.3,Afternoon,OP09,70.7,Up to Date,374
2025-04-05,M02,308,136.6,Morning,OP02,61.2,Up to Date,313
2025-06-30,M07,417,15.4,Afternoon,OP07,72.3,Up to Date,428
2025-04-02,M01,459,10.2,Afternoon,OP06,67.1,Up to Date,466
2025-01-28,M01,414,41.0,Afternoon,OP07,60.9,Up to Date,423
2025-09-06,M07,444,12.9,Morning,OP02,69.7,Up to Date,454
2025-10-11,M08,346,11.1,Night,OP15,69.0,Up to Date,352
2025-04-25,M04,396,5.6,Afternoon,OP07,66.6,Up to Date,410
2025-10-22,M08,381,14.2,Morning,OP04,64.5,Up to Date,391
2025-07-06,M03,641,7.0,Night,OP13,69.5,Due Soon,652
2025-11-29,m03,424,70.6,Afternoon,OP10,82.4,Overdue,481
2025-06-11,M08,379,13.5,Afternoon,OP08,68.4,Up to Date,392
2025-04-07,M08,364,29.6,Morning,OP05,67.5,Up to Date,374
2025-07-28,M01,444,21.2,Afternoon,OP07,73.2,Up to Date,456
2025-07-06,M08,379,15.4,Morning,OP04,66.9,Up to Date,386
2025-09-01,M05,489,9.3,Morning,OP03,68.3,Overdue,505
2025-09-02,M08,377,17.7,Afternoon,OP08,71.5,Up to Date,384
2025-04-29,m04,469.2,12.0,Morning,OP01,,Up to Date,408
2025-03-02,M06,609,2.3,Afternoon,OP08,65.6,Up to Date,618
2025-12-20,M02,392,18.7,Night,OP11,59.7,Up to Date,395
2025-08-24,M07,436,11.0,Morning,OP02,66.9,up to date,443
2025-08-31,M01,455,9.5,Morning,OP01,66.8,Up to Date,461
2025-08-08,M02,414,18.5,Morning,OP01,66.8,Due Soon,421
2025-08-11,M02,419,19.5,Afternoon,OP06,68.1,Due Soon,425
2025-04-22,M06,577,6.5,Morning,OP05,66.8,Up to Date,591
2025-11-13,M02,426,7.3,Afternoon,OP06,58.2,Due Soon,436
2025-05-14,M-03,607,19.1,Afternoon,OP08,70.3,Up to Date,617
2025-09-09,M08,391,6.1,Morning,OP03,65.0,Up to Date,398
2025-03-19,M03,627,7.0,Night,OP13,63.5,Up to Date,640
2025-11-29,M05,526,13.2,Morning,OP03,62.4,up to date,531
2025-01-05,M01,455,14.1,morning,OP01,65.6,Up to Date,466
2025-07-28,M05,483,15.8,Night,OP13,68.2,Up to Date,500
2025-04-26,M08,368,41.2,Afternoon,OP10,67.4,Up to Date,376
2025-01-21,M04,371,30.1,Afternoon,OP07,61.4,Up to Date,383
2025-06-28,M07,421,19.6,Morning,OP01,72.7,Due Soon,433
2025-04-12,M05,537,4.0,Morning,OP03,68.9,Due Soon,545
2025-11-30,M01,441,28.9,Morning,OP01,63.3,Up to Date,449
2025-04-13,M01,442,35.2,Afternoon,OP06,69.3,Due Soon,452
2025-11-19,M01,461,6.2,Night,OP11,66.2,Due Soon,468
2025-12-03,M08,382,6.6,Night,OP14,64.6,Up to Date,389
2025-01-01,M07,278,171.7,Morning,OP01,59.4,In Progress,284
2025-05-11,M03,591,20.5,Night,OP15,67.1,Up to Date,603
2025-12-18,M01,444,9.7,Afternoon,OP06,63.1,Due Soon,454
2025-11-08,M08,373,8.9,Night,OP14,65.1,Up to Date,379
2025-02-04,M01,438,16.1,Night,OP12,63.4,Up to Date,446
2025-07-16,M06,579,13.9,Morning,OP04,71.2,Due Soon,592
2025-10-17,M01,461,8.2,Night,OP11,68.3,Due Soon,471
2025-12-09,M05,490,19.7,Afternoon,OP08,64.5,Due Soon,497
2025-06-17,M01,462,10.0,Afternoon,OP07,74.7,Due Soon,470
2025-05-31,M06,566,44.6,Morning,OP03,68.2,Up to Date,576
2025-03-14,M01,463,21.0,Afternoon,OP06,66.7,Up to Date,474
2025-07-08,M05,514,7.9,Afternoon,OP10,73.0,Due Soon,521
2025-01-18,M01,456,7.6,Morning,OP02,61.5,Due Soon,468
2025-10-22,M07,445,11.0,Morning,OP02,66.0,Up to Date,452
2025-04-22,M07,439,4.6,Morning,OP02,63.3,Up to Date,449
2025-07-27,M07,440,2.1,Night,OP12,64.9,Due Soon,453
2025-06-25,M06,596,12.3,Morning,OP05,69.7,Up to Date,605
2025-03-09,M04,415,8.4,Morning,OP01,64.4,Up to Date,423
2025-03-29,M08,371,15.9,Night,,65.1,Up to Date,382
2025-02-24,M07,460,6.9,Night,OP11,58.7,Up to Date,472
2025-04-18,M08,403,8.4,Afternoon,OP09,71.4,Up to Date,411
2025-05-17,M03,527,66.6,Night,OP15,68.1,Up to Date,535
2025-01-25,M07,414,18.9,Night,OP11,60.6,Up to Date,424
2025-12-16,M05,510,10.8,Morning,OP04,61.8,Overdue,526
2025-10-09,M04,401,14.1,Night,OP12,65.6,Due Soon,412
2025-03-13,M08,393,4.7,Afternoon,OP08,63.3,Due Soon,398
2025-05-16,M04,367,11.0,Afternoon,OP07,63.9,up to date,376
2025-01-30,M07,396,24.6,Night,OP11,60.5,Due Soon,404
2025-07-24,M03,600,32.2,Morning,OP05,72.4,Up to Date,614
2025-08-01,M03,637,6.5,Morning,OP05,73.3,up to date,654
2025-09-30,M01,478,7.6,Night,OP12,64.8,Up to Date,485
2025-04-07,M05,484,11.9,Night,OP15,62.0,Up to Date,495
2025-02-17,M08,380,16.3,Morning,OP03,64.4,Up to Date,389
2025-12-20,M07,428,5.1,Night,OP12,61.8,Up to Date,433
2025-01-03,M03,597,28.5,Morning,OP05,65.1,Up to Date,613
2025-04-29,M08,369,18.0,Afternoon,,67.8,Up to Date,379
2025-12-26,M05,509,6.7,Morning,OP05,63.7,Overdue,525
2025-07-03,M01,445,20.4,Night,OP11,70.0,Up to Date,452
2025-05-10,M01,462,13.8,Afternoon,OP06,70.4,Up to Date,469
2025-11-17,M04,407,1.7,Afternoon,OP06,65.2,Up to Date,419
2025-11-07,M01,436,12.0,Night,OP12,66.1,Up to Date,448
2025-06-10,M02,417,2.4,Afternoon,OP06,63.7,Due Soon,431
2025-01-23,M07,455,5.5,Afternoon,OP07,60.3,Up to Date,466
2025-06-15,M01,432,23.7,Night,OP12,67.8,Due Soon,442
2025-04-10,M05,523,8.9,Morning,OP03,67.3,Due Soon,525
2025-03-13,M06,577,13.5,Morning,OP05,67.0,Up to Date,595
28/03/2025,M03,620,5.6,Afternoon,OP10,,Up to Date,631
2025-08-25,M03,590,11.7,Night,OP13,74.3,Overdue,606
2025-11-14,M03,505,15.9,Night,OP14,76.2,Overdue,547
2025-02-08,M01,477,2.6,Morning,OP01,58.8,Up to Date,490
2025-08-05,M06,611,3.1,Afternoon,OP08,68.8,Overdue,630
2025-07-15,M08,375,4.4,Afternoon,OP10,72.9,Due Soon,382
2025-02-01,M02,412,4.0,Morning,OP01,60.6,Up to Date,423
2025-03-05,M05,502,9.1,Afternoon,OP08,65.8,Up to Date,513
2025-02-04,m07,438,10.2,Night,OP11,56.9,Up to Date,447
2025-04-26,M04,400,6.0,Morning,OP02,63.0,Up to Date,406
2025-02-07,M08,366,15.7,Afternoon,OP09,65.5,Due Soon,375
2025-09-22,M07,416,22.9,Afternoon,OP07,67.7,Up to Date,423
2025-05-29,M01,,8.3,Afternoon,OP07,73.8,Up to Date,457
2025-10-14,M01,458,5.5,Night,OP12,68.4,Due Soon,466
2025-01-13,M06,552,12.1,Night,OP15,60.5,Up to Date,563
2025-08-29,M02,416,2.6,Afternoon,,66.2,Up to Date,424
2025-04-21,M02,420,15.3,Afternoon,OP07,63.9,Up to Date,434
2025-01-11,M08,375,3.3, Night ,OP13,61.2,Up to Date,386
2025-09-11,M08,353,,Afternoon,OP08,73.4,Up to Date,362
2025-09-24,M03,558,18.1,Night,OP14,74.8,Overdue,591
2025-10-16,M04,393,11.9,Afternoon,OP06,66.4,Up to Date,399
2025-04-01,m06,637,1.2,Afternoon,OP09,65.7,Up to Date,648
2025-03-22,M02,413,9.4,Night,OP12,61.3,Up to Date,424
2025-09-03,M01,475,14.7,Afternoon,OP06,71.3,Up to Date,486
2025-08-17,M02,414,4.7,Afternoon,OP07,69.2,Up to Date,422
2025-11-07,M05,470,17.6,Afternoon,OP08,70.7,Overdue,491
2025-06-17,M07,443,11.4,Morning,OP02,66.3,Up to Date,452
2025-05-04,M08,394,23.4,Morning,OP05,63.4,Up to Date,406
2025-05-02,M01,472,4.2,Night,OP11,70.1,Up to Date,480
2025-07-01,M04,399,1.8,Night,OP11,68.3,Up to Date,405
2025-11-28,M07,426,18.5,Night,OP11,65.5,Up to Date,432
2025-04-25,M05,479,34.4,Morning,OP04,64.8,Up to Date,490
2025-07-23,M03,488,104.9,Afternoon,,77.3,Up to Date,503
2025-06-02,M05,465,26.5,Night,OP14,70.3,Up to Date,473
2025-10-06,M01,452,11.4,Night,OP12,66.2,Up to Date,463
2025-03-31,M06,616,9.6,Afternoon,OP08,64.1,Up to Date,618
2025-09-12,M01,447,23.0,Night,OP12,67.5,Up to Date,457
2025-03-26,M01,457,7.0,Afternoon,OP06,65.9,Up to Date,465
2025-12-21,M06,497,2.3,Afternoon,OP08,78.3,Overdue,552
2025-08-30,M08,380,27.3,Morning,OP05,68.1,Up to Date,388
2025-03-27,M02,430,7.8,Night,OP12,61.7,Up to Date,436
2025-06-11,M06,607,7.5,Morning,OP05,69.1,Up to Date,618
2025-01-10,M08,354,3.3,Night,OP15,61.3,Up to Date,362
2025-10-05,M02,411,20.7,Morning,OP02,63.9,Up to Date,418
2025-03-22,M07,456,3.9,Afternoon,OP06,61.6,Up to Date,463
2025-04-29,M04,386,28.6,Night,OP12,65.5,Up to Date,394
2025-07-04,M02,412,1.8,Afternoon,OP06,65.5,Up to Date,425
2025-10-14,M02,413,12.5,Night,OP12,59.7,Up to Date,419
2025-04-08,M06,561,13.8,Night,OP15,63.0,Up to Date,566
27/11/2025,M04,364,26.6,Night,OP12,61.7,Up to Date,373
2025-01-29,M07,427,9.5,Night,OP11,60.1,Due Soon,437
2025-04-19,m03,606,5.0,afternoon,OP09,67.4,Up to Date,619
2025-08-31,M03,634,2.2,Morning,OP03,70.8,Overdue,653
2025-05-20,M06,588,19.0,Morning,OP04,69.3,Up to Date,600
2025-02-25,M07,408,44.3,Morning,OP01,62.0,Due Soon,414
2025-12-27,M04,407,,Afternoon,OP06,65.7,Up to Date,419
2025-04-16,M02,414,8.5,Night,OP12,61.4,Due Soon,423
2025-09-15,M07,442,6.6,Night,OP12,67.7,Up to Date,454
2025-02-09,M02,431,16.8,Afternoon,OP07,58.7,Up to Date,441
2025-08-09,M01,443,9.3,Night,OP12,70.7,Up to Date,455
2025-01-17,M05,505,12.4,Afternoon,OP09,64.8,Up to Date,515
2025-02-05,M05,529,4.2,Afternoon,OP09,62.7,Up to Date,537
2025-11-24,M01,464,19.2,Afternoon,OP07,65.8,Up to Date,475
2025-11-17,M02,423,3.9,Afternoon,OP07,61.1,Up to Date,430
2025-04-26,M06,572,12.3,Night,OP13,64.0,Up to Date,584
2025-05-22,M02,408,5.9,Night,OP12,63.0,Up to Date,414
2025-05-23,M05,487,12.6,Afternoon,OP08,69.9,Up to Date,502
2025-02-19,M06,563,13.9,Night,OP15,63.0,Due Soon,574
2025-08-22,M03,578,21.2,Afternoon,OP10,71.1,Overdue,598
2025-10-11,M05,493,7.8,Afternoon,OP09,65.2,Due Soon,504
2025-06-19,M08,369,3.8,Night,OP14,72.9,Up to Date,379
2025-06-11,M02,418,14.8,Night,OP12,65.5,Up to Date,424
2025-01-15,M04,409,5.5,Morning,OP02,60.3,Up to Date,418
2025-07-13,M01,456,3.5,Night,OP12,70.0,Up to Date,464
2025-11-20,M01,468,9.6,Morning,OP01,64.9,Due Soon,480
2025-12-15,M07,461,1440.0,Night,OP11,64.1,Up to Date,471
2025-07-24,M04,381,45.6,Afternoon,OP07,69.1,Up to Date,389
2025-04-17,M06,560,24.4,Afternoon,OP09,67.7,Up to Date,575
2025-10-26,M01,450,17.3,Night,OP11,66.3,Up to Date,456
2025-08-05,M02,336,102.4,Morning,OP02,67.7,Up to Date,348
2025-02-15,M05,524,19.8,Afternoon,OP09,61.2,Up to Date,531
2025-04-02,M03,316,245.3,Morning,OP05,64.9,Up to Date,322
2025-08-23,M02,418,8.8,Night,OP12,64.5,Up to Date,429
2025-12-09,M03,323,154.3,Night,OP14,79.4,overdue,363
2025-04-16,M06,602,9.4,Morning,OP03,64.7,Due Soon,613
2025-05-26,M06,586,11.9,Night,OP13,66.8,Up to Date,597
2025-06-24,M08,374,19.6,Morning,OP03,72.9,Up to Date,381
2025-08-18,M02,399,23.2,Morning,OP01,65.1,Up to Date,406
12/04/2025,M08,370,13.7,Afternoon,OP08,69.8,Due Soon,380
17/04/2025,M05,522,1.8,Morning,OP05,66.9,Up to Date,532
2025-12-01,M05,485,19.3,Afternoon,OP08,65.3,Up to Date,489
2025-11-22,M01,298,174.4,Morning,OP02,65.3,In Progress,301
2025-04-07,M06,620,9.6,Morning,OP03,67.7,Up to Date,627
2025-04-17,M08,267,164.1,Morning,OP03,65.5,In Progress,271
2025-02-06,M06,607,4.4,Afternoon,OP09,62.4,Up to Date,622
2025-05-02,M08,384,21.0,Afternoon,OP09,68.2,Up to Date,390
2025-06-21,M07,443,10.3,Night,OP12,66.9,Up to Date,452
2025-11-24,M01,454,0.5,Morning,OP02,65.1,Up to Date,466
2025-04-19,M06,545,27.8,Night,OP15,66.6,Up to Date,557
2025-11-09,M05,453,14.4,Night,OP13,67.4,Overdue,475
2025-04-24,M06,625,4.6,Morning,OP04,,Up to Date,637
19/11/2025,M01,468,10.5,Afternoon,OP06,69.1,Due Soon,482
2025-07-21,M03,625,10.3,Night,OP15,72.5,Up to Date,638
2025-01-08,M04,370,35.1,Morning,OP02,63.7,Up to Date,379
2025-07-29,M06,590,6.5,Afternoon,OP08,70.4,Overdue,606
2025-07-09,M06,617,4.5,Morning,OP04,68.8,Up to Date,625
2025-08-12,M08,368,2.6,Night,OP15,67.0,Due Soon,379
2025-09-06,M02,408,2.0,Morning,OP01,69.3,Up to Date,415
2025-04-16,M07,435,10.6,Afternoon,OP07,63.2,Up to Date,445
2025-04-12,M04,300,126.4,Morning,OP01,65.3,In Progress,307
2025-11-06,M02,403,30.1,Night,OP11,60.9,Up to Date,414
2025-12-05,M01,411,42.8,Night,OP12,60.9,Up to Date,422
2025-01-29,M03,598,6.3,Night,OP15,65.3,Up to Date,609
2025-06-15,M02,417,18.2,Afternoon,OP06,68.0,Up to Date,430
2025-10-15,M07,439,16.5,Morning,OP01,63.4,Up to Date,445
2025-06-07,M08,357,8.2,Night,OP15,68.3,Up to Date,367
2025-11-17,M03,525,14.9,Morning,OP04,73.5,Overdue,573
2025-07-07,M01,423,22.2,Afternoon,OP06,73.8,Up to Date,435
2025-07-25,M03,401,161.9,Afternoon,OP08,72.6,Up to Date,411
2025-12-12,M07,449,17.7,Afternoon,OP06,60.6,Up to Date,462
2025-10-29,M07,437,9.2,Morning,OP01,65.1,Up to Date,449
2025-03-03,M02,390,17.0,Afternoon,OP07,60.3,Up to Date,402
2025-05-18,M03,621,5.5,Morning,OP03,65.2,Up to Date,634
2025-04-21,M07,413,22.7,Morning,OP01,66.3,Up to Date,425
2025-11-13,M08,381,22.0,Afternoon,OP09,69.6,Up to Date,394
2025-10-15,M02,408,15.1,Night,OP11,62.6,Up to Date,414
2025-01-24,M07,456,4.5,Afternoon,OP07,59.1,Up to Date,458
2025-02-23,M05,524,1.8,Morning,OP04,65.1,Up to Date,539
2025-01-19,M02,408,15.0,Night,OP11,57.9,Up to Date,414
2025-02-08,M08,371,7.7,Afternoon,OP09,61.8,Due Soon,379
2025-12-13,M03,472,5.1,Afternoon,OP08,80.2,Overdue,530
2025-02-17,M07,418,25.8,Night,OP12,63.7,Up to Date,423
2025-07-19,M02,418,4.2,Night,OP11,64.5,Up to Date,423
2025-05-08,M06,588,4.1,Night,OP13,64.9,Up to Date,600
2025-04-12,M05,508,8.1,Afternoon,OP09,65.6,Due Soon,522
2025-04-09,M05,515,3.9,Night,OP14,67.4,Due Soon,522
2025-11-16,M01,472,10.3,Afternoon,OP07,67.9,Due Soon,480
2025-10-22,M03,516,23.3,Afternoon,OP10,75.4,Overdue,558
2025-03-20,M02,414,23.1,Afternoon,OP06,64.6,Due Soon,418
2025-04-22,M04,396,3.6,Night,OP12,63.6,Up to Date,403
2025-12-29,M04,387,14.1,Night,OP12,61.1,Up to Date,396
2025-05-30,M08,384,7.9,Afternoon,OP10,75.1,Up to Date,395
2025-07-29,M03,556,34.9,Night,OP13,68.3,Up to Date,565
2025-12-30,M04,406,3.9,Afternoon,OP07,60.4,Up to Date,415
2025-10-11,M07,410,22.4,Morning,OP01,65.0,Up to Date,420
2025-10-12,M07,426,22.7,Morning,OP01,66.4,Up to Date,430
2025-06-10,M07,433,6.1,Night,OP12,67.9,Up to Date,444
2025-08-26,M07,425,8.7,Morning,OP02,66.2,Due Soon,436
2025-03-19,M02,400,5.0,Night,OP11,62.3,Due Soon,414
2025-08-20,M02,424,23.1,Morning,OP01,66.9,Up to Date,433
2025-07-22,M06,577,16.5,Morning,OP05,71.5,Due Soon,589
2025-01-24,M01,424,40.5,Morning,OP02,61.1,Up to Date,435
2025-03-28,M01,453,14.0,Afternoon,OP07,67.0,Up to Date,466
2025-10-05,M02,434,13.5,Afternoon,OP07,64.3,Up to Date,444
2025-12-22,M-01,453,25.0,Afternoon,OP07,63.6,Up to Date,462
2025-02-08,M02,404,14.3,Night,OP12,58.5,Up to Date,416
2025-03-13,M02,421,7.4,Morning,OP01,57.7,Up to Date,429
2025-07-22,M05,488,27.5,Afternoon,OP10,71.6,Up to Date,496
2025-03-18,M01,466,16.0,Night,OP11,63.2,Due Soon,478
2025-07-14,M05,500,10.3,Night,OP14,69.7,Due Soon,511
2025-11-09,M04,322,95.8,Morning,OP01,64.6,Due Soon,333
2025-04-02,M06 ,577,17.6,Afternoon,OP10,67.1,Up to Date,591
2025-09-26,M01,465,14.5,Afternoon,OP06,72.0,Up to Date,475
2025-08-26,M02,412,16.4,Morning,OP01,66.7,Up to Date,417
2025-11-25,M01,462,7.5, Afternoon ,OP07,64.8,Up to Date,471
2025-02-21,M03,607,15.2,Afternoon,OP09,63.3,Up to Date,618
2025-01-01,M04,346,66.3,Afternoon,OP06,62.9,Up to Date,356
2025-01-10,M01,433,17.9,Night,OP11,59.0,Due Soon,445
2025-07-12,M01,448,10.7,Afternoon,OP06,69.7,Up to Date,461
2025-09-29,M01,420,27.0,Night,OP12,68.5,Up to Date,427
2025-03-13,M08,381,14.6,Morning,OP05,66.8,Due Soon,389
2025-08-16,M06,551,18.2,Morning,OP04,75.8,Overdue,570
2025-05-17,M08,373,12.4,Afternoon,OP10,71.6,Due Soon,379
2025-12-19,M04,392,8.4,Night,OP11,58.6,Up to Date,397
2025-09-14,M01,469,13.0,Afternoon,OP07,72.0,Due Soon,481
2025-03-23,M07,427,20.7,Night,OP12,64.6,Up to Date,438
2025-12-03,M01,477,4.0,Afternoon,OP07,64.2,Up to Date,486
2025-01-18,M01,461,11.0,Afternoon,OP07,62.2,Due Soon,472
2025-07-12,M08,357,18.1,Afternoon,OP10,73.5,Up to Date,364
2025-09-22,M06,542,17.8,Morning,OP03,76.0,Overdue,586
2025-09-27,M07,445,8.3,Morning,OP02,67.6,Up to Date,451
2025-11-25,M01,451,16.6,Night,OP11,63.2,Up to Date,460
2025-05-28,M08,391,9.5,Morning,OP03,72.6,Up to Date,399
2025-07-17,M07,421,18.2,Night,OP12,67.7,Up to Date,429
2025-01-08,M02,405,12.5, Afternoon ,OP06,59.5,Up to Date,413
11/01/2025,M03,609,8.8,Night,OP15,61.8,Up to Date,614
2025-12-20,M05,474,6.8,Afternoon,OP08,67.0,Overdue,490
2025-10-22,M07,422,10.3,Afternoon,OP06,67.0,Up to Date,435
2025-03-30,M06,589,13.6,Morning,OP05,62.5,Up to Date,603
2025-10-04,M05,508,23.8,Morning,OP03,66.1,Up to Date,522
2025-10-02,M07,410,34.5,Morning,OP01,66.5,Up to Date,416
2025-08-02,M05,496,2.8,Afternoon,OP08,74.8,Up to Date,511
2025-02-11,M03,593,13.0,Afternoon,OP08,66.6,Up to Date,608
2025-09-05,M06,536,7.1,Morning,OP05,72.7,Overdue,566
2025-08-24,M04,382,4.5,Morning,OP02,69.4,Up to Date,389
2025-03-19,M03,622,14.2,Morning,OP04,64.3,Up to Date,627
2025-08-31,M03,446,138.7,Afternoon,OP08,74.7,Overdue,462
2025-10-29,M04,385,28.4,Morning,OP02,61.1,Up to Date,396
2025-11-16,M02,376,58.4,Afternoon,OP06,62.2,Up to Date,388
2025-03-07,M03,596,10.7,Afternoon,OP10,66.4,Due Soon,612
2025-08-05,M08 ,373,14.9,Night,OP14,72.7,Up to Date,381
2025-10-22,M03,503,23.4,Night,OP13,77.5,Overdue,542
2025-09-11,M04,262,168.9,Morning,OP01,65.1,In Progress,270
2025-08-02,M04,399,15.7,Afternoon,OP07,68.1,Up to Date,409
2025-09-28,M01,311,162.8,Morning,OP01,67.9,Up to Date,314
2025-04-06,M07,432,15.7,Morning,OP02,63.2,Up to Date,441
2025-06-12,M01,447,6.1,Afternoon,OP07,69.8,Up to Date,455
2025-04-04,M05,508,13.7,Morning,OP04,66.8,Up to Date,517
2025-09-20,M04,390,6.7, Night ,OP12,66.2,Up to Date,399
2025-05-16,M08,360,15.2,Morning,OP05,63.6,Due Soon,364
2025-04-27,M06,463,129.0,Afternoon,OP10,63.8,Up to Date,471
2025-02-24,M02,388,,Night,OP12,57.3,Up to Date,395
2025-06-25,M05,508,0.8,Afternoon,OP08,74.0,Up to Date,517
2025-10-29,M08,367,4.4,Night,OP13,68.1,Up to Date,375
2025-09-16,M05,507,,Night,OP13,69.6,Up to Date,509
2025-03-12,M04,364,40.6,Afternoon,OP06,65.2,Due Soon,371
2025-05-07,M05,485,26.1,Morning,OP05,66.4,Up to Date,494
2025-10-18,M07,363,83.8,Night,OP11,66.8,Up to Date,372
2025-01-02,M08,386,16.1,Morning,OP05,60.9,Up to Date,394
2025-05-23,M02,403,3.3,Night,OP11,65.0,Up to Date,412
2025-01-08,M07,440,10.4,Night,OP11,58.9,Up to Date,451
2025-08-03,M04,399,22.0,Morning,OP01,68.1,Up to Date,409
2025-04-26,M02,435,8.6,morning,OP02,62.8,Up to Date,444
2025-05-08,M08,404,10.5,Afternoon,OP09,70.4,Up to Date,413
2025-12-11,M06,181,303.8,Morning,OP04,78.6,Overdue,203
2025-08-31,M04,394,14.1,Morning,OP01,69.9,Up to Date,400
2025-05-20,M08,356,21.9,Afternoon,OP10,70.3,Up to Date,364
2025-09-23,M06,526,1.6,Morning,OP03,76.3,Overdue,564
2025-08-06,M07,434,7.0,Afternoon,OP07,73.2,Up to Date,446
2025-01-07,M06,573,6.1,Morning,OP04,58.9,Up to Date,590
2025-09-23,M06,491,42.9,Afternoon,OP08,74.2,Overdue,520
2025-03-30,M03,631,7.0,Morning,OP04,66.3,Up to Date,639
17/02/2025,m08,385,13.1,Afternoon,OP09,66.2,Up to Date,391
2025-08-16,M06,561,10.3,Night,OP13,74.1,Overdue,582
2025-07-24,M08,399,13.1,Afternoon,OP09,75.9,Up to Date,408
2025-11-20,M04,404,7.6,Morning,OP02,62.0,Up to Date,412
2025-08-29,M07,426,19.6,Afternoon,OP06,67.8,Due Soon,436
2025-03-01,M03,594,14.9,Night,OP14,61.6,Up to Date,608
2025-08-19,M03,604,3.2,Morning,OP04,71.6,Overdue,628
2025-12-29,M05,471,7.6,Night,OP15,65.6,Overdue,490
08/01/2025,M02,416,8.6,Morning,OP01,56.6,Up to Date,428
2025-05-07,M06,540,33.4,Afternoon,OP08,67.4,Up to Date,554
2025-12-29,M06,479,2.2,Afternoon,OP08,76.6,Overdue,535
2025-07-16,M03,591,12.3,Night,OP14,74.6,Up to Date,602
2025-06-06,M06,587,23.2,Morning,OP04,69.0,Up to Date,596
2025-07-27,M06,594,10.1,Afternoon,OP08,73.9,Overdue,610
2025-07-23,M07 ,450,16.6,Night,OP12,69.5,Up to Date,458
2025-11-26,M06,494,14.8,Morning,OP03,76.1,Overdue,554
2025-05-20,M07,459,3.9,Night,OP12,62.2,Up to Date,467
2025-06-16,M02,390,37.2,Afternoon,OP06,66.6,Up to Date,396
2025-11-08,M-03,496,26.0,Morning,OP05,76.5,Overdue,549
2025-09-22,M08,343,30.0,Night,OP13,69.4,Up to Date,352
2025-07-11,M08,388,6.0,Night,OP15,71.5,Up to Date,394
2025-02-19,M08,371,6.0,Night,OP15,65.3,Up to Date,378
2025-12-26,M07,426,34.5,Morning,OP02,58.7,Due Soon,431
23/01/2025,M04,382,12.4,Afternoon,OP07,59.5,Up to Date,388
2025-01-28,M04,388,11.3,Night,OP12,60.1,Up to Date,401
2025-12-28,M06,292,184.9,Afternoon,OP08,79.3,Overdue,327
2025-02-14,M06,570,23.2,Afternoon,OP10,66.3,Up to Date,580
2025-06-22,M08,364,10.0,Afternoon,OP09,72.7,Up to Date,377
2025-02-18,M03,602,0.7,Night,OP14,66.8,Up to Date,616
2025-09-16,M03,560,19.9,Morning,OP03,72.6,Overdue,591
2025-01-10,M06,593,1.1,Night,OP14,63.2,Up to Date,607
2025-07-31,M04,392,5.8,morning,OP02,71.3,Up to Date,405
2025-12-29,M08,361,37.7,Morning,OP03,61.3,Up to Date,364
2025-03-21,M05,495,10.5,Night,OP14,61.5,Up to Date,513
2025-04-03,M07,441,7.3,Night,OP12,60.5,Up to Date,448
2025-03-30,M01,463,14.9,Night,OP12,65.8,Up to Date,472
2025-05-13,M07,430,16.4,Night,OP12,66.8,Up to Date,441
2025-06-26,M03,579,40.8,Afternoon,OP09,72.9,Up to Date,586
2025-04-17,M05,505,5.9,Afternoon,OP08,66.1,Up to Date,514
2025-09-10,M04,393,9.6,Afternoon,OP07,70.3,due soon,403
2025-12-18,M03,392,113.0,Afternoon,OP09,78.8,Overdue,442
2025-11-09,M04,383,,Night,OP11,61.7,Due Soon,389
2025-06-17,M08,397,8.5,Morning,OP03,72.0,Due Soon,401
2025-11-03,M01,449,8.9,Night,OP12,66.5,Up to Date,457
2025-09-13,M05,501,2.7,Afternoon,OP08,71.4,Up to Date,507
2025-08-22,M05,477,10.5,Morning,OP05,70.2,Overdue,494
2025-10-20,M01,458,2.5,Afternoon,OP07,68.5,Due Soon,468
2025-05-11,M03,619,5.3,Afternoon,OP08,72.8,Up to Date,636
2025-11-20,M07,429,26.5,Afternoon,OP06,64.4,Up to Date,437
2025-07-17,M05,483,26.4,Night,OP13,72.8,Up to Date,486
2025-09-28,M07,435,7.2,Morning,OP02,,Due Soon,451
2025-12-08,M04,389,9.9,Night,OP12,61.4,Up to Date,396
2025-08-29,M02,421,3.0,night,OP11,66.1,Up to Date,430
2025-02-21,M05,507,24.4,Afternoon,OP10,64.6,Up to Date,517
2025-11-16,M07,448,9.3,Morning,OP02,60.4,Up to Date,455
2025-10-30,M05,458,10.6,Afternoon,OP08,65.9,Overdue,473
2025-08-12,M01,446,5.7,Afternoon,OP07,69.5,Up to Date,456
2025-06-19,M06,619,1.5,Night,OP13,70.5,Due Soon,632
2025-04-22,M07,421,31.2,Afternoon,OP07,66.8,Up to Date,428
2025-03-26,M06,568,30.4,Afternoon,OP10,65.5,Up to Date,576
03/07/2025,M05,487,,Afternoon,OP08,72.7,Up to Date,501
2025-06-28,M01,462,7.0,Afternoon,OP07,71.6,Up to Date,474
2025-09-01,M08,360,15.1,Afternoon,OP08,72.6,Up to Date,369
2025-07-16,M04,372,9.8,Night,OP11,67.5,Up to Date,378
2025-06-04,M05,477,,Afternoon,OP10,71.2,Up to Date,488
2025-10-03,M03,389,145.2,Night,OP14,73.6,Overdue,405
2025-09-08,M04,399,14.7,Night,OP12,68.5,Up to Date,412
2025-11-14,M04,395,16.9,Night,OP11,61.1,Due Soon,401
2025-08-31,M08,376,19.3,Morning,OP04,66.6,Up to Date,384
2025-07-01,M03,620,22.3,Morning,OP05,68.0,Up to Date,632
2025-07-01,M02,425,1.4,Morning,OP01,66.5,Up to Date,433
2025-03-13,M02,400,19.9,Afternoon,OP06,62.6,Up to Date,409
2025-06-21,M07,436,10.4,Afternoon,OP07,66.4,Up to Date,443
2025-06-07,M03,646,2.7,Morning,OP05,71.8,Due Soon,660
2025-05-03,M08,380,8.5,Afternoon,OP10,71.0,Up to Date,393
2025-01-19,M01,449,5.8,Night,OP11,63.0,Overdue,461
2025-09-01,M07,418,24.5,Afternoon,OP07,70.9,Due Soon,427
2025-07-31,M01,442,17.6,Afternoon,OP07,71.5,Up to Date,448
2025-11-12,M02,427,13.6,Afternoon,OP07,61.9,Due Soon,436
2025-08-08,M05,500,6.3,Morning,OP03,69.7,Up to Date,520
2025-09-16,M03,564,9.4,Night,OP15,72.3,Overdue,586
2025-02-07,M02,423,3.0,Afternoon,OP07,61.1,Up to Date,431
2025-03-04,M05,491,10.5,Night,OP13,63.5,Up to Date,506
2025-04-03,M03,575,14.1,Night,OP13,68.5,Up to Date,589
2025-12-14,M07,436,23.3,Afternoon,OP06,60.3,Up to Date,441
2025-03-13,M01,432,22.0,Afternoon,OP06,63.1,Up to Date,441
2025-09-20,M08,292,118.9,Morning,OP05,69.3,In Progress,297
2025-09-24,M04,394,7.2,Morning,OP02,64.2,Up to Date,405
2025-01-21,M05,506,11.9,Afternoon,OP09,66.3,Up to Date,518
2025-07-23,M04,393,3.4,Morning,OP02,72.2,Up to Date,402
2025-07-08,M04,383,15.3,Morning,OP02,67.7,Up to Date,394
2025-06-21,M03,575,7.9,Night,OP15,70.7,Up to Date,583
2025-07-06,M08,374,16.3,Afternoon,OP10,72.5,Up to Date,380
2025-05-26,M03,596,20.5,Morning,OP04,71.7,Up to Date,611
2025-07-02,M04,390,18.9,Night,OP11,69.1,Up to Date,400
2025-12-01,M03,300,193.8,Morning,OP04,77.3,Overdue,334
2025-09-15,M08,386,5.4,Morning,OP04,-40.0,Due Soon,395
2025-01-07,M07,437,13.3,Morning,OP01,59.3,Up to Date,449
2025-08-07,M05,476,10.2,Night,OP15,72.5,Up to Date,488
2025-12-07,M02,418,28.6,Morning,OP01,58.7,Up to Date,429
2025-11-20,M08,368,17.8,Afternoon,OP08,65.9,Up to Date,375
2025-04-16,M02,414,26.1,Morning,OP02,63.0,Due Soon,422
2025-03-24,M06,543,33.9,Morning,OP05,66.8,Up to Date,551
2025-08-23,M05,502,17.9,Morning,OP05,70.8,Overdue,519
2025-12-27,M06,415,35.8,Night,OP13,76.2,Overdue,467
2025-02-09,M04,385,12.2,Night,OP12,60.7,Up to Date,393
2025-10-13,M06,444,37.2,Night,OP13,78.1,Overdue,490
2025-01-05,M02,403,18.0,Night,OP12,,Up to Date,413
2025-12-15,M03,208,282.1,Morning,OP05,79.1,Overdue,235
2025-06-11,M05,502,11.5,Afternoon,OP08,,Due Soon,514
2025-10-26,M03,523,13.5,Afternoon,OP10,79.4,Overdue,565
2025-11-26,M04,397,6.8,Morning,OP02,60.9,Up to Date,405
2025-04-12,M07,459,7.9,Morning,OP02,63.4,Up to Date,469
2025-06-07,M01,456,9.0,Morning,OP02,69.6,Up to Date,471
2025-09-18,M06,527,26.2,Morning,,73.5,Overdue,562
2025-02-13,M05,506,18.6,Afternoon,OP09,64.2,Due Soon,518
2025-07-28,M02,400,5.9,Night,OP12,69.7,Up to Date,409
2025-08-22,M04,371,20.0,Morning,OP01,66.5,Up to Date,384
2025-09-08,M08,395,5.0,Morning,OP03,67.4,Up to Date,410
2025-01-02,M07,423,11.7,Night,OP12,62.2,Up to Date,433
2025-04-26,M03,620,20.2,Afternoon,OP10,71.7,Up to Date,633
2025-04-06,M03,602,21.9,Afternoon,OP10,65.8,Due Soon,612
2025-09-10,M04,396,12.7,Night,OP12,70.4,Due Soon,400
2025-06-19,M02,395,27.6,Night,OP12,62.2,Up to Date,403
2025-04-06,M01,461,,Afternoon,OP06,66.7,Up to Date,469
2025-10-13,M07,425,9.8,Morning,OP01,67.9,Up to Date,435
2025-05-29,M07,450,3.2,Afternoon,OP07,70.5,Up to Date,453
30/05/2025,M02,408,3.8,Night,OP11,62.7,Up to Date,419
2025-11-22,M03,482,0.6,Night,OP13,76.2,Overdue,540
2025-08-18,M08,371,4.8,Night,OP13,73.6,Up to Date,378
2025-09-14,M06,517,17.3,Night,OP14,74.3,Overdue,550
2025-06-02,M01,432,31.2,Morning,OP01,70.6,Up to Date,442
2025-11-24,M03,159,330.8,Night,OP13,77.4,Overdue,176
2025-02-26,M08,376,8.2,Afternoon,OP10,63.7,Up to Date,387
2025-01-19,M03,597,17.0,Morning,OP03,63.1,Up to Date,616
2025-11-18,M08,378,4.2,Night,OP15,66.0,Due Soon,386
2025-01-18,M02,421,10.4,Night,OP11,61.6,Up to Date,429
2025-03-17,M08,386,5.5,Night,OP13,63.3,Up to Date,393
2025-02-19,M04,394,11.9,Morning,OP02,64.7,up to date,406
2025-12-13,M05,511,13.2,Morning,OP03,,Due Soon,522
2025-09-11,M02,387,38.9,Morning,OP02,64.6,Due Soon,399
2025-08-31,M08,365,37.2,Afternoon,OP09,69.0,Up to Date,372
2025-05-07,M02,406,18.1,Morning,OP02,63.2,Up to Date,414
2025-11-01,M08,375,3.5,Afternoon,OP08,69.8,Up to Date,381
2025-09-26,M04,392,19.5,Morning,OP01,65.1,Up to Date,395
2025-06-01,M05,507,6.3,Morning,OP03,68.6,Up to Date,520
2025-02-20,M01,455,9.4,Night,OP11,64.2,Up to Date,463
2025-05-07,M04,390,3.2,Morning,OP01,64.0,Due Soon,398
2025-03-23,M07,426,22.3,Afternoon,OP07,63.8,Up to Date,436
2025-10-26,M07,425,12.2,Night,OP12,66.3,Due Soon,431
2025-02-20,M02,422,6.8,Morning,OP02,57.4,Due Soon,430
2025-05-21,M03,608,10.3,Afternoon,OP09,71.0,Up to Date,621
2025-04-04,M03,613,6.9,Morning,OP03,68.1,Due Soon,624
2025-08-05,M07,437,4.2,Afternoon,OP06,,Up to Date,447
2025-10-13,M06,253,240.8,Afternoon,OP09,78.8,Overdue,275
2025-07-18,M08,357,15.8,Night,OP14,68.8,Up to Date,365
2025-07-14,M07,450,2.8,Night,OP12,69.6,Up to Date,456
2025-03-23,M03,596,6.7,Afternoon,OP08,66.2,Up to Date,615
2025-04-25,M05,481,16.8,Night,OP13,63.6,Up to Date,492
2025-12-02,M01,460,4.0,Night,OP12,61.7,Up to Date,469
2025-08-24,M06,526,17.2,Night,OP13,77.5,Overdue,555
2025-02-16,M06,611,14.6,afternoon,OP10,64.3,Due Soon,624
2025-07-02,M04,387,13.7,Afternoon,OP07,69.0,Up to Date,398
2025-12-29,M03,170,320.9,Morning,OP05,77.5,Overdue,190
2025-12-05,M01,450,24.5,Afternoon,OP06,65.0,Up to Date,464
2025-09-23,M02,426,0.9,Afternoon,OP07,65.3,Up to Date,433
2025-10-05,M06,518,14.6,Morning,OP05,75.2,Overdue,562
2025-06-20,M01,468,3.9,Night,OP11,67.9,Due Soon,476
2025-02-05,M01,456,26.9,Morning,OP01,59.0,Up to Date,464
2025-11-23,M01,450,8.1,Night,OP11,67.9,Up to Date,454
2025-02-01,M06,603,12.6,Afternoon,OP10,62.8,Up to Date,623
2025-10-16,M07,436,8.2,Night,OP11,64.2,Up to Date,448
2025-11-25,M04,391,5.4,Night,OP11,60.6,Up to Date,400
2025-09-26,M-01,427,12.5,Morning,OP01,70.5,Up to Date,440
2025-02-24,M04,373,14.3,Afternoon,OP07,63.3,Up to Date,381
2025-09-09,M02,407,3.5,Night,OP11,63.6,Due Soon,413
2025-05-22,m01,443,15.3,Morning,OP01,70.1,Up to Date,451
2025-01-28,M08,358,34.6,Morning,OP04,61.3,Up to Date,368
2025-10-05,M08,381,7.8,Morning,OP04,66.7,Up to Date,390
2025-01-27,M05,515,13.1,Afternoon,OP09,62.3,Up to Date,522
2025-11-11,M03,512,20.8,Afternoon,OP09,77.9,Overdue,562
2025-09-27,M05,513,4.3,Morning,OP04,66.5,Up to Date,527
2025-12-29,M01,455,6.2,Night,OP11,61.7,Up to Date,462
2025-11-19,M06,204,273.2,Night,OP14,79.4,Overdue,228
2025-02-15,M06,562,15.1,Night,OP14,63.9,Due Soon,577
2025-03-05,M01,442,9.5,Night,OP11,61.4,Up to Date,451
2025-06-23,M01,441,20.0,Night,OP12,70.6,Up to Date,452
2025-06-26,M03,591,5.1,Morning,OP05,73.0,Up to Date,607
2025-03-22,M08,369,16.4,Morning,OP03,65.4,Up to Date,376
2025-09-25,M03,570,5.6,Morning,OP05,71.4,Overdue,590
2025-09-01,M01,474,3.1,Night,OP11,66.8,Up to Date,483
2025-09-14,M07,439,7.3,Afternoon,OP06,70.0,Up to Date,447
2025-01-21,M08,383,11.6,Morning,OP04,62.4,Up to Date,395
2025-05-19,M07,403,24.7,Night,OP12,65.7,Up to Date,414
2025-12-20,M08,357,22.4,Night,OP14,64.7,Up to Date,365
2025-02-11,M02,397,28.5,Morning,OP02,59.0,Up to Date,406
2025-03-28,M07,417,17.2,Afternoon,OP06,64.5,Due Soon,424
2025-12-05,M02,424,5.8,Morning,OP02,61.0,Up to Date,431
2025-06-29,M03,583,30.7,Morning,OP05,74.9,Up to Date,599
2025-08-07,M07,443,2.0,Morning,OP01,68.6,Up to Date,451
2025-10-22,M02,401,17.7,Night,OP11,58.5,Up to Date,409
2025-07-01,M03,610,17.8,Afternoon,OP10,69.4,up to date,626
2025-11-06,M01,441,24.6,Afternoon,OP07,67.5,Up to Date,450
2025-03-07,M01,475,3.2,Morning,OP01,65.5,Up to Date,483
2025-10-15,M01,465,3.1,Night,OP12,67.7,Due Soon,478
2025-02-26,M01,150,330.6,Afternoon,OP07,63.0,Up to Date,153
2025-05-19,M01,414,63.1,Morning,OP02,68.8,Due Soon,423
2025-10-27,M03,373,133.9,Afternoon,OP10,77.3,Overdue,409
2025-07-13,M05,491,30.8,Afternoon,OP10,70.4,Due Soon,499
2025-06-05,M08,361,23.6,Morning,OP05,69.2,Up to Date,369
2025-05-10,M02,427,7.9,Afternoon,OP07,66.0,Up to Date,437
2025-06-04,M03,622,2.8,Afternoon,OP10,69.7,Due Soon,631
2025-08-18,M04,401,18.1,Night,OP12,68.2,Up to Date,410
2025-12-06,M05,515,11.7,Morning,OP04,65.7,Due Soon,526
2025-10-28,M08,387,12.0,Morning,OP03,65.0,Up to Date,395
2025-09-26,M07,450,3.4,Morning,OP01,65.8,Up to Date,461
2025-04-29,M02,386,18.2,Night,OP12,63.8,Up to Date,393
2025-05-22,M02,425,8.8,Morning,OP01,63.5,Up to Date,434
2025-06-30,M05,510,15.4,Afternoon,,68.8,Up to Date,524
2025-12-20,M08,230,191.1,Morning,OP03,62.6,In Progress,235
2025-11-14,M03,364,149.1,Afternoon,OP09,79.9,Overdue,404
2025-08-16,M03,624,9.3,Morning,OP04,72.9,Overdue,639
2025-06-29,M07,413,19.4,Afternoon,OP07,71.0,Due Soon,424
2025-05-27,M08,391,7.3,Afternoon,OP08,72.1,Up to Date,400
2025-09-17,M01,487,6.0,Afternoon,OP06,72.2,Due Soon,501
2025-10-13,M01,439,9.5,Night,OP12,68.5,Due Soon,448
2025-01-20,M02,411,24.5,Night,OP11,57.4,Up to Date,421
2025-06-02,M06,513,49.0,Night,OP14,70.9,Up to Date,523
2025-10-29,M01,441,11.6,Night,OP12,65.5,Up to Date,453
2025-07-01,M07,407,30.5,Night,OP11,67.5,Up to Date,421
2025-05-13,M02,407,19.0,Morning,OP01,66.5,Due Soon,419
2025-02-16,M03,635,6.5,Morning,OP05,63.8,Up to Date,647
2025-10-02,M05,487,10.5,Night,OP15,65.8,Up to Date,494
2025-10-07,M07,423,19.2,Morning,OP01,64.9,Up to Date,431
2025-06-22,M03,621,10.5,Morning,OP04,71.0,Up to Date,637
2025-09-30,M05,517,5.8,Morning,OP05,66.5,Up to Date,523
2025-05-11,M05,497,2.3,Night,OP15,66.5,Due Soon,511
2025-07-29,M08,347,41.2,Morning,OP03,71.3,Up to Date,354
2025-11-06,M04,404,3.7,Night,OP12,63.3,Up to Date,415
22/11/2025,M07,452,5.5,Night,OP12,64.0,Due Soon,466
2025-06-24,M05,510,12.9,Afternoon,OP09,70.5,Up to Date,517
2025-05-25,M04,440.45,6.1,Night,OP11,67.9,Up to Date,383
2025-03-29,M04,422,8.6,Afternoon,OP07,62.7,Up to Date,426
2025-03-01,M08,373,9.6,Night,OP15,,Up to Date,379
2025-10-24,M04,401,11.8,Morning,OP01,65.6,Up to Date,410
2025-10-28,M01,489,6.2,Afternoon,OP06,70.0,Up to Date,497
2025-06-10,M05,454,33.5,Night,OP15,67.8,Due Soon,462
2025-11-29,M07,458,1.6,Afternoon,OP06,66.0,Up to Date,468
2025-03-13,M07,424,25.1,Morning,OP01,61.7,Up to Date,434
2025-06-07,M02,416,5.6,Afternoon,OP07,67.7,Up to Date,428
2025-11-24,M07,417,28.9,Morning,OP02,60.7,Due Soon,420
2025-07-29,M04,396,21.5,Afternoon,OP06,70.3,Up to Date,402
2025-08-05,M04,389,8.8,Afternoon,OP07,71.4,Up to Date,397
17/03/2025,M05,494,35.6,Morning,OP05,66.2,Up to Date,503
2025-04-28,M05,496,12.7, Morning ,OP04,66.1,Up to Date,512
2025-04-20,M02,435,10.3,Afternoon,OP06,65.9,Up to Date,448
2025-06-26,M07,413,31.9,Morning,OP01,70.0,Up to Date,421
2025-01-17,M03,571,26.8,Night,OP13,64.7,Up to Date,582
2025-08-02,M05,439,69.1,Night,OP13,67.7,Up to Date,454
2025-10-12,M02,413,17.3,Morning,OP01,62.3,Due Soon,423
2025-03-16,M02,410,10.0,Morning,OP02,59.7,Up to Date,417
2025-05-22,M04,395,25.2,Afternoon,OP07,69.1,Up to Date,404
2025-06-09,M08,257,157.5,Night,OP13,72.1,Up to Date,262
2025-09-21,M03,557,11.5,Afternoon,OP09,78.4,Overdue,588
2025-01-10,M04,399,8.3,Afternoon,OP07,61.1,Up to Date,407
20/10/2025,M02,422,17.6,Afternoon,OP07,63.7,Up to Date,432
2025-07-09,M08,382,21.2,Afternoon,OP09,75.3,Up to Date,394
2025-06-21,M01,465,9.2,Afternoon,OP07,73.7,Due Soon,475
2025-04-14,M07,419,23.1,Night,OP12,62.5,Up to Date,431
2025-08-23,M08,392,2.8,Afternoon,OP10,70.7,Up to Date,400
2025-02-10,M07,449,13.1,Morning,OP02,60.4,Up to Date,462
2025-06-03,M01,469,0.3,Night,OP12,65.4,Up to Date,477
2025-06-23,M07,449,12.7,Morning,OP02,68.9,Up to Date,457
2025-01-24,M06,595,22.2,Afternoon,,63.6,Up to Date,606
2025-06-06,M03,607,18.1,Morning,OP04,68.0,Due Soon,614
2025-07-30,M01,406,,Afternoon,OP06,72.8,Up to Date,414
14/01/2025,M04,399,18.0,Morning,OP01,59.7,Up to Date,406
2025-12-02,M03,514,12.1,Morning,OP03,76.2,Overdue,570
2025-04-15,M06,558,16.3,Night,OP14,66.1,Due Soon,568
2025-09-25,M06,497,33.0,Afternoon,OP08,76.2,Overdue,536
2025-07-22,M08,392,8.9,Night,OP14,70.7,Up to Date,405
2025-04-17,M04,409,14.0,Afternoon,OP07,63.1,Up to Date,415
2025-02-24,M01,420,32.7,Night,OP11,62.8,Up to Date,430
2025-02-12,M07,409,12.7,Morning,OP02,61.7,Up to Date,421
2025-10-17,M02,418,7.1,Morning,OP01,64.2,Up to Date,426
2025-10-31,M08,328,80.8,Morning,OP03,64.6,Up to Date,339
2025-08-04,M07,438,13.6,Morning,OP01,68.5,Up to Date,444
2025-06-07,M05,467,14.2,Night,OP13,70.7,Up to Date,481
2025-05-23,M07,373,86.0,Afternoon,OP06,66.9,Up to Date,380
2025-02-16,M01,448,16.8,Morning,OP01,64.9,Due Soon,455
2025-12-07,M06,469,13.6,Afternoon,OP09,80.0,Overdue,533
2025-02-08,M06,597,7.7,Afternoon,OP10,63.4,Up to Date,606
2025-08-15,M03,612,14.6,MORNING,OP03,72.1,Overdue,623
2025-04-20,M07,437,27.6,Morning,OP02,68.6,Up to Date,445
2025-10-20,M07,420,12.7,Afternoon,OP07,63.8,Up to Date,426
2025-07-31,M04,392,20.9,Afternoon,OP06,69.9,Up to Date,401
2025-02-24,M03,601,30.6,Afternoon,OP09,66.1,Up to Date,613
2025-09-03,M05,468,16.5,Night,OP14,68.8,Overdue,483
2025-02-23,M03,635,5.8,Morning,OP05,64.9,Up to Date,656
2025-09-01,M03,531,42.7,Morning,OP03,72.3,Overdue,557
2025-05-31,M03,593,,Morning,OP04,74.3,Up to Date,606
2025-10-28,M03,531,8.7,Afternoon,OP09,76.6,Overdue,586
2025-01-25,M06,605,14.8,Morning,OP04,59.1,Up to Date,621
2025-08-13,M03,583,28.8,Afternoon,OP08,70.3,Due Soon,594
2025-09-02,M01 ,446,19.0,Morning,OP02,70.9,Up to Date,454
2025-08-05,M04,408,3.9,Night,OP11,69.7,Up to Date,415
2025-02-25,M05,513,3.3,Morning,,61.3,Up to Date,526
2025-11-13,M05,490,19.9,Night,OP14,66.6,Up to Date,500
2025-06-20,M03,651,3.7,Night,OP13,68.9,Up to Date,661
2025-06-27,M01,441,18.8,Afternoon,OP07,70.6,Up to Date,447
2025-03-07,M05,507,5.5,Night,OP13,66.5,Up to Date,518
2025-01-06,M07,409,32.3,Night,OP12,61.9,Up to Date,420
2025-01-21,M06,362,204.9,Morning,OP03,63.0,In Progress,366
2025-04-04,M04,404,14.6,Night,OP12,64.1,Up to Date,411
2025-07-01,M06,567,7.6,Night,OP13,68.8,Up to Date,578
2025-04-28,M07,417,19.9,Night,OP11,63.3,due soon,427
2025-05-07,M02,428,5.6,Afternoon,OP06,62.6,Up to Date,439
2025-08-27,M08,364,22.1,Night,OP13,69.1,Up to Date,371
2025-02-07,M02,402,19.5,Morning,OP01,58.1,Up to Date,404
26/03/2025,M03,532,72.7,Afternoon,OP08,,Up to Date,542
2025-02-06,M04,388,16.4,Night,OP12,59.6,Up to Date,394
2025-05-19,M04,409,0.4,Morning,OP01,66.1,Up to Date,420
2025-08-03,M01,448,13.8,Afternoon,OP06,74.2,Up to Date,457
2025-11-18,M04,,11.9,Night,OP11,62.3,Up to Date,394
2025-10-29,M03,510,11.0,Afternoon,OP10,79.9,Overdue,560
2025-07-19,M04,400,8.5,Morning,OP01,68.1,Up to Date,405
2025-02-25,M05,471,29.7,Afternoon,OP08,63.9,Up to Date,475
2025-10-02,M06,499,1.8,Night,OP13,73.5,Overdue,538
2025-07-22,M02,399,8.0,Afternoon,OP06,68.2,Up to Date,408
2025-09-13,M01,461,6.5,Afternoon,OP06,71.6,Due Soon,473
2025-12-08,M08,349,43.6,Morning,OP03,63.5,Up to Date,356
2025-03-05,M01,450,6.3,Morning,OP02,63.2,Up to Date,457
2025-12-27,M07,426,1.0,Morning,OP02,60.5,Due Soon,436
2025-06-14,M03,623,8.3,Afternoon,OP09,75.9,Up to Date,642
2025-01-02,M01,439,13.1,Afternoon,OP07,60.5,Up to Date,455
2025-08-04,M03,582,23.9,Night,OP15,69.4,Due Soon,593
2025-01-31,M03,606,11.6,Morning,OP04,60.6,Up to Date,624
2025-10-26,M01,457,28.4,Morning,OP02,64.5,Up to Date,469
2025-02-23,M07,445,10.5,Night,OP11,59.0,Up to Date,455
2025-01-05,M02,418,9.1,Morning,OP02,56.6,Up to Date,427
2025-03-03,M02,433,13.1,Morning,OP01,58.3,Up to Date,441
2025-11-30,M06,301,192.1,Morning,OP05,79.1,Overdue,340
2025-09-02,M05,441,56.1,Afternoon,OP10,73.7,Overdue,454
2025-10-09,M06,480,5.1,Night,OP14,76.7,Overdue,517
2025-09-27,M07,414,37.2,Afternoon,OP07,65.8,Up to Date,421
2025-03-24,M05,516,11.7,Afternoon,OP10,68.5,Up to Date,522
2025-09-14,M05,520,19.5,Morning,OP04,69.4,Up to Date,530
2025-01-09,M06,595,11.3,Afternoon,OP09,68.0,Up to Date,607
2025-02-23,M01,451,12.4,Afternoon,OP07,66.5,Up to Date,466
2025-04-09,M02,412,17.6,Afternoon,OP06,60.3,Up to Date,419
2025-12-26,M05,474,24.1,Night,OP13,67.5,Overdue,488
2025-09-07,M02,423,,Afternoon,OP07,66.6,Up to Date,434
2025-06-10,M03,569,26.5,Afternoon,OP10,70.6,Up to Date,583
2025-12-24,M06,363,117.7,Morning,OP05,75.4,Overdue,412
16/03/2025,M08,338,58.3,Night,OP14,65.7,Up to Date,346
2025-12-22,M06,478,11.2,Morning,OP03,75.8,Overdue,539
2025-10-08,M02,448,7.4,Morning,OP02,67.7,Up to Date,456
2025-06-14,M08,366,14.9,Night,OP13,68.2,Due Soon,374
2025-06-13,M03,592,13.6,Afternoon,OP10,73.8,Up to Date,605
2025-11-10,M04,374,16.1,Afternoon,OP06,63.7,Due Soon,382
2025-12-06,M06,476,17.2,Night,OP13,73.7,Overdue,526
2025-01-23,M08,390,16.8,MORNING,OP05,62.8,Up to Date,394
2025-09-19,M07,438,4.7,Afternoon,OP06,66.9,Up to Date,447
2025-12-06,M08,372,14.1,Morning,OP05,64.7,Up to Date,380
2025-05-28,M04,379,16.1,Night,OP11,66.4,Up to Date,387
2025-06-25,M04,369,42.9,Morning,OP01,69.2,Up to Date,375
2025-09-10,M01,470,8.2,Afternoon,OP07,70.8,Up to Date,482
2025-03-10,M04,381,13.2,Morning,OP01,66.0,Up to Date,390
2025-07-11,M02,415,14.8,Morning,OP02,67.6,Due Soon,425
2025-01-25,M02,426,2.8,Night,OP11,59.5,Up to Date,435
2025-01-27,M04,382,13.3,Afternoon,OP07,62.7,Up to Date,393
2025-01-04,M03 ,611,3.8,Night,OP14,66.1,Up to Date,623
2025-02-26,M02,406,11.2,Night,OP12,59.1,Up to Date,419
31/12/2025,M06,345,130.2,Afternoon,OP08,76.7,Overdue,390
2025-03-02,M03,630,12.0,Afternoon,OP09,62.7,Up to Date,642
2025-05-30,M03,569,21.8,Night,OP14,68.9,Up to Date,590
2025-05-24,M07,432,12.9,Afternoon,OP07,69.9,Up to Date,442
2025-05-25,M06,576,8.7,Night,OP13,68.6,Up to Date,587
2025-03-09,M03,615,5.9,Morning,OP03,64.8,Due Soon,626
2025-06-12,M05,514,14.8,Night,OP13,71.4,Up to Date,523
2025-04-21,M05,485,4.6,Night,OP15,63.0,Up to Date,497
2025-12-13,M03,431,93.3,Morning,OP04,78.3,Overdue,482
2025-09-12,M02,403,14.5,Morning,OP01,65.3,Due Soon,412
2025-08-02,M08,376,2.9,Night,OP15,72.1,Up to Date,383
2025-11-02,M04,396,3.1,Night,OP12,66.6,Up to Date,406
2025-06-01,M01,464,17.8,Morning,OP01,69.7,Up to Date,475
2025-06-27,M08,367,24.5,Night,OP13,69.6,Up to Date,374
2025-12-25,M04,387,15.8,morning,OP02,64.6,Up to Date,394
2025-08-22,M05,521,4.0,Afternoon,OP10,73.6,Overdue,530
2025-01-03,M02,426,16.3,Morning,OP02,60.1,Up to Date,438
2025-07-21,M05,490,8.3,Night,OP15,70.8,Up to Date,495
2025-09-29,M07,450,4.2,Afternoon,OP07,69.2,Due Soon,462
2025-10-12,M02,415,15.2,Night,OP12,63.4,Due Soon,424
2025-10-30,M02,408,5.0,Morning,OP02,60.3,Up to Date,416
2025-06-25,M02,394,9.1,Night,OP12,69.1,Up to Date,406
2025-08-14,M04,392,5.5,Afternoon,OP07,69.2,Due Soon,400
2025-03-27,M06,616,7.5,Morning,OP03,62.7,Up to Date,626
2025-01-13,M01,464,11.2,Morning,OP01,65.8,Due Soon,466
2025-04-22,M03,604,10.0,Afternoon,OP10,68.6,Up to Date,623
2025-01-29,M05,492,10.8,Afternoon,OP08,65.1,Up to Date,504
2025-06-17,M08,390,18.2,Afternoon,OP09,74.9,Due Soon,399
2025-10-24,M05,404,112.8,Night,OP13,67.6,Overdue,412
2025-05-12,M03,630,7.3,Morning,OP04,68.8,Up to Date,647
10/02/2025,M08,377,22.1,Morning,OP03,61.1,Due Soon,388
2025-05-22,M06,579,6.9,Afternoon,OP09,67.5,Up to Date,593
2025-01-03,m05,516,14.9,Morning,OP03,58.4,Up to Date,527
2025-06-27,M05,508,12.2,Afternoon,OP09,70.7,Up to Date,521
2025-06-08,M04,404,8.1,Afternoon,OP06,66.0,Due Soon,414
2025-09-23,M05,493,4.2,Night,OP14,70.4,Up to Date,503
2025-04-04,M05,495,17.0,Night,OP14,63.2,Up to Date,506
2025-02-07,M04,372,18.0,Afternoon,OP06,61.3,Up to Date,378
2025-12-22,M07,428,22.8,Night,OP11,61.7,Up to Date,435
2025-08-06,M05,485,14.2,Night,OP13,73.4,Up to Date,493
2025-06-07,M01,447,21.6,Night,OP12,69.1,Up to Date,460
2025-08-21,M03,587,4.0,Night,OP14,68.1,Overdue,606
2025-01-25,M06,577,27.7,Afternoon,OP10,65.7,Up to Date,593
2025-03-19,M03,579,20.0,Afternoon,OP10,69.6,Up to Date,598
2025-03-14,M03,651,2.3,Afternoon,OP09,68.2,Up to Date,661
2025-09-20,M07 ,418,5.0,Night,OP11,66.4,Up to Date,426
2025-08-08,M02,396,29.5,Afternoon,OP06,67.7,Due Soon,404
2025-06-27,M01,461,13.5,Morning,OP01,70.0,Up to Date,467
2025-09-05,M05,462,3.8,Night,OP15,73.3,Overdue,479
2025-09-08,M06,521,11.9,Night,OP15,71.0,Overdue,554
2025-02-14,M05,528,7.3,Afternoon,OP10,66.9,Due Soon,536
2025-02-01,M03,595,32.5,Morning,OP03,61.4,Up to Date,610
2025-06-09,M08,382,5.3,Morning,OP05,64.1,Up to Date,392
2025-01-12,M06,572,30.2,Night,OP14,59.6,Up to Date,583
2025-01-07,M04,411,9.6,Night,OP11,64.0,Up to Date,420
2025-11-27,M07,398,40.2,Morning,OP02,61.1,Due Soon,402
2025-04-22,M08,371,29.3,Night,OP13,67.5,Up to Date,375
31/01/2025,M05,523,4.6,Morning,OP05,61.8,Up to Date,531
2025-05-15,M03,622,12.1,Morning,OP04,73.1,Up to Date,635
2025-10-25,M08,398,9.4,Morning,OP03,65.7,Up to Date,408
2025-08-31,M05,478,20.5,Afternoon,OP09,73.5,Overdue,491
2025-06-18,M05,522,6.9, Night ,OP13,70.6,Up to Date,530
2025-05-23,M08,363,15.9,Night,OP15,70.8,Up to Date,370
2025-10-10,M04,384,18.3,Night,OP11,67.1,Due Soon,390
2025-12-13,M06,311,165.5,Morning,OP05,76.7,Overdue,352
2025-12-11,M05,526,14.2,Afternoon,OP10,,Due Soon,540
2025-01-15,M02,408,29.5,Night,OP12,59.6,Up to Date,416
2025-10-21,M07,448,9.7,Afternoon,OP07,67.5,Up to Date,460
2025-04-19,M02,411,13.4,Afternoon,OP06,61.1,Up to Date,420
2025-02-18,M08,373,15.9,Night,OP13,67.2,Up to Date,379
2025-03-31,M03,598,6.1,Night,OP15,66.2,Up to Date,608
2025-05-16,M07,417,15.1,Night,OP11,65.0,Up to Date,426
2025-12-10,M08,376,23.1,Morning,OP03,63.6,Up to Date,385
2025-06-28,M08,375,3.7,Afternoon,OP10,69.3,Up to Date,385
2025-05-23,M01,439,6.3,Night,OP12,67.7,Up to Date,447
2025-08-28,M04,390,4.8,Night,OP11,69.5,Up to Date,395
2025-01-18,M03,596,15.3,Night,OP15,63.7,Up to Date,603
14/02/2025,M08,359,8.1,Night,OP14,63.6,Up to Date,369
2025-10-24,M03,554,5.4,Night,OP15,77.6,Overdue,594
2025-12-25,M07,429,8.3,Night,OP12,60.9,Due Soon,437
2025-05-29,M03,609,8.5,Night,OP14,67.0,Up to Date,625
2025-12-06,M02,401,34.0,Night,OP11,58.2,Up to Date,411
2025-01-09,M05,431,73.8,Afternoon,OP10,66.5,Up to Date,440
2025-02-16,M07,440,11.7,Afternoon,OP07,63.8,Up to Date,448
2025-05-26,M08,347,5.6,Afternoon,OP08,71.0,Up to Date,351
2025-06-16,M03,614,15.3,Night,OP13,67.2,Up to Date,624
2025-11-22,M03,482,21.6,Morning,OP05,78.2,Overdue,539
2025-07-08,M01,459,8.5,Night,OP12,70.7,Up to Date,470
2025-12-05,M07,430,3.1,Afternoon,OP06,61.5,Up to Date,437
2025-02-23,M02,420,29.3,Afternoon,OP06,61.8,Up to Date,429
2025-01-05,M04,392,17.6,Night,OP11,57.7,Up to Date,405
2025-12-15,M01,449,23.6,Afternoon,OP07,66.0,Up to Date,460
2025-05-29,M08,370,6.1,Night,OP14,69.6,Up to Date,377
2025-06-21,M02,379,36.6,Night,OP11,68.0,Up to Date,389
2025-11-06,M08,400,6.8,Afternoon,OP09,68.7,Up to Date,407
2025-03-11,M04,396,15.1,Afternoon,OP06,64.7,Up to Date,405
2025-05-26,M04,397,8.1,Afternoon,OP07,71.4,Up to Date,403
2025-01-08,M04,407,9.7, Night ,OP12,65.0,Up to Date,417
2025-02-15,M01,464,2.6,Afternoon,OP06,62.9,Up to Date,471
2025-06-26,M05,537,7.9,Morning,OP05,70.9,Up to Date,549
2025-02-11,M05,534,11.6,Morning,OP03,65.1,Up to Date,544
2025-12-30,M04,394,12.7,Night,OP12,59.9,Up to Date,399
2025-09-29,M02,437,4.9,Afternoon,OP07,65.9,Up to Date,443
2025-03-25,M08,381,11.5,Afternoon,OP10,70.6,Up to Date,389
2025-05-31,M03,603,11.5,Afternoon,OP08,72.2,Up to Date,619
2025-08-29,M05,454,50.5,Morning,OP03,73.3,Overdue,471
2025-08-24,M04,394,16.5,Night,OP12,68.8,Up to Date,407
2025-05-07,M08,414,1.4,Morning,OP04,66.4,Up to Date,422
2025-03-24,M02,404,8.3,Afternoon,OP06,61.1,Up to Date,415
23/09/2025,M03,594,9.2,Morning,OP04,71.9,Overdue,631
2025-01-01,M01,434,21.9,Night,OP11,65.5,Up to Date,440
2025-07-02,M03,638,1.7,Afternoon,OP10,72.1,Up to Date,646
2025-06-27,M06,584,5.6,Afternoon,OP09,,Up to Date,607
19/11/2025,M08,391,6.2,Afternoon,OP10,63.4,Due Soon,395
2025-08-13,M05,518,6.9,Afternoon,OP09,74.5,Due Soon,525
2025-09-30,M07,428,14.7,Night,OP11,62.1,Due Soon,438
2025-05-25,M05,513,6.1,Morning,OP03,69.2,Up to Date,524
2025-01-25,M04,392,13.9,Night,OP12,59.4,Up to Date,398
2025-07-01,M05,527,8.6,Morning,OP03,67.6,Up to Date,531
2025-05-02,M02,410,11.6,Morning,OP02,60.4,Up to Date,418
2025-12-27,M07,422,13.4,Afternoon,OP06,64.3,Due Soon,428
2025-02-15,M04,265,164.1,Morning,OP01,59.6,In Progress,274
2025-08-28,M04,379,17.8,Morning,OP02,69.0,Up to Date,387
2025-02-10,M01,473,7.9,Afternoon,OP07,64.9,Up to Date,484
2025-12-26,M08,381,11.7,Afternoon,OP10,63.8,Up to Date,389
2025-01-09,M06,542,20.6,Night,OP15,61.9,Up to Date,553
2025-11-21,M01,467,10.4,Morning,OP02,61.5,Due Soon,478
2025-12-04,M04,395,2.4,Night,OP12,62.8,Up to Date,403
2025-09-10,M08,378,12.1,Night,OP14,69.9,Up to Date,382
2025-05-15,M06,590,2.9,Afternoon,OP09,69.2,Due Soon,603
2025-08-31,M07,444,9.2,Morning,OP01,66.7,Due Soon,454
2025-04-11,M07,444,9.4,Morning,OP02,63.6,Up to Date,452
2025-07-19,M05,476,33.3,Night,OP13,71.1,Up to Date,487
2025-02-16,M05,500,3.8,Afternoon,OP08,65.2,Up to Date,510
2025-06-09,M07,407,29.8,Morning,OP01,68.4,Up to Date,418
2025-08-11,M03,621,16.8,Night,OP14,74.6,Due Soon,638
2025-11-03,M07,422,15.8,Night,OP12,67.3,Up to Date,431
2025-03-19,M07,442,10.7,Morning,OP02,,Up to Date,451
2025-09-19,M04,389,9.0,Morning,OP02,66.7,Up to Date,397
2025-05-08,M01,453,13.8,Night,OP12,65.2,Up to Date,463
2025-12-26,M06,481,11.5,Morning,OP05,75.4,Overdue,532
2025-12-10,M04,397,7.1,Afternoon,OP06,60.0,Due Soon,405
2025-10-14,M06,482,36.9,Morning,OP05,79.2,Overdue,530
2025-03-11,M07,415,8.4,Night,OP11,64.7,Up to Date,423
2025-04-02,M01,450,6.1,Night,OP12,64.2,Up to Date,460
2025-06-25,M03,605,6.5,Afternoon,OP08,72.9,Up to Date,619
2025-11-17,M08,375,17.3,Morning,OP03,64.6,Due Soon,380
2025-12-30,M03,511,6.8,Morning,OP04,76.7,Overdue,571
2025-02-14,M07,395,59.4,Morning,OP01,61.0,Up to Date,403
2025-01-19,M04,400,10.4,Morning,OP02,62.5,Up to Date,409
2025-12-03,M02,410,17.2,Night,OP11,57.1,Up to Date,418
2025-04-09,M08,373,29.7,Night,OP14,65.6,Up to Date,376
2025-01-30,M03,585,33.1,Night,OP14,64.6,Up to Date,598
2025-10-01,M03,417,112.1,Night,OP14,73.9,Overdue,441
2025-09-12,M03,603,5.4,Afternoon,,74.9,Overdue,626
12/05/2025,M06,602,5.4,Morning,OP05,68.4,Due Soon,615
2025-11-28,M03,490,7.3,Afternoon,OP10,77.7,Overdue,545
2025-04-03,M02,414,9.9,Morning,OP02,61.4,Up to Date,423
2025-05-14,M04,224,207.9,Morning,OP02,70.8,In Progress,231
2025-10-27,M02,436,3.9,Night,OP12,60.6,Up to Date,444
2025-10-10,M03,515,23.8,Morning,OP03,75.4,Overdue,554
2025-04-29,M03,612,4.1,Morning,OP03,67.9,Up to Date,631
2025-06-30,M03,641,11.4, Morning ,OP05,70.6,Up to Date,656
2025-09-09,M07,413,29.2,Afternoon,OP06,69.3,Up to Date,421
2025-12-16,M05,492,3.8,Afternoon,OP10,63.5,Overdue,505
2025-10-17,M06,394,105.9,Night,OP13,76.8,Overdue,428
2025-07-01,M08,378,9.2,Morning,OP05,70.4,Up to Date,385
2025-01-02,M08,342,44.0,Night,OP13,61.8,Up to Date,347
2025-08-23,M08,353,22.0,Night,OP14,70.7,Up to Date,361
2025-03-04,M03,596,2.1,Afternoon,OP08,68.2,Up to Date,610
2025-02-10,M05,484,14.0,Afternoon,OP10,66.1,Up to Date,492
2025-09-30,M06,466,29.4,Night,OP14,71.1,Overdue,502
2025-09-18,M03,562,27.3,Afternoon,OP10,75.7,Overdue,592
2025-11-19,M05,517,5.2,Morning,OP05,63.0,Up to Date,527
2025-11-07,M04,384,8.1,Afternoon,OP07,61.3,Up to Date,393
2025-06-28,M06,559,22.9,Night,OP13,73.0,Up to Date,580
2025-04-18,M02,433,4.7,Morning,OP01,61.5,Up to Date,441
2025-03-06,M05,479,31.8,Afternoon,OP08,68.2,Up to Date,491
2025-08-23,M06,548,9.2,Afternoon,OP08,78.4,Overdue,580
2025-06-23,M03,561,28.8,Afternoon,OP08,71.1,Up to Date,572
2025-08-28,M01,451,8.5,Morning,OP01,69.1,Up to Date,468
2025-01-31,M05,490,12.7,Night,OP14,60.8,Up to Date,503
2025-10-11,M03,308,209.4,Night,OP13,74.3,Overdue,326
2025-07-31,M05,494,11.8,Afternoon,OP08,70.5,Up to Date,499
2025-05-10,M03,595,7.9,Morning,OP05,67.7,Up to Date,610
2025-10-02,M06,516,14.3,Afternoon,OP09,999.0,Overdue,556
2025-08-04,M07,417,25.6,Night,OP11,68.4,Up to Date,425
2025-05-22,M05,497,,Morning,OP05,69.3,Up to Date,513
2025-07-30,M02,391,30.3,Night,OP11,65.2,Up to Date,398
2025-12-31,M06,356,131.3,Morning,OP04,76.8,Overdue,399
2025-07-13,M04,401,5.3,Morning,OP01,66.1,Due Soon,406
2025-12-26,M03,489,5.7,Night,OP14,77.2,Overdue,546
2025-07-12,M02,410,10.5,Afternoon,OP06,68.4,Due Soon,417
2025-09-21,M04,403,6.3,Morning,OP01,66.2,Up to Date,408
2025-03-24,M06,547,27.1,NIGHT,OP14,63.9,Up to Date,557
2025-06-17,M08,372,15.6,Night,OP15,70.1,Due Soon,379
2025-04-21,M06,585,12.8,Morning,OP05,65.9,Up to Date,594
2025-06-15,M06,564,20.7,Night,OP13,67.8,Due Soon,581
2025-03-19,M06,571,7.3,Night,OP15,62.2,Up to Date,579
2025-12-01,M04,402,6.4,Afternoon,OP07,64.7,Up to Date,410
2025-10-23,M01,430,10.8,Night,OP11,66.7,Up to Date,437
2025-07-02,M07,437,3.8,Night,OP11,71.6,Up to Date,445
2025-01-02,M06,591,2.4,Afternoon,OP10,65.6,Up to Date,601
2025-02-22,M04,402,9.8,Afternoon,OP06,61.0,Up to Date,408
2025-06-19,M07,447,12.8,Afternoon,OP06,72.4,Up to Date,454
2025-02-12,M08,386,8.1,Morning,OP05,64.3,Up to Date,393
2025-09-20,M04,399,1.8,Morning,OP01,64.3,Up to Date,404
2025-11-28,M02,427,11.6,Night,OP12,58.4,Up to Date,435
2025-02-09,M08,387,9.7,Afternoon,OP09,65.1,Due Soon,397
2025-05-07,M07,423,24.8,Afternoon,OP06,68.3,Up to Date,432
2025-02-09,M07,446,3.0,Morning,OP02,,Up to Date,457
2025-05-24,M05,513,11.5,Night,OP13,70.5,Up to Date,524
2025-05-15,M08,391,9.5,Afternoon,OP09,75.5,Due Soon,403
2025-09-01,M02,415,12.5,Night,OP11,65.7,Up to Date,427
2025-04-12,M07,431,24.7,AFTERNOON,OP06,63.7,Up to Date,442
2025-04-22,M04,399,15.0,Morning,OP02,64.7,Up to Date,405
2025-12-31,M01,445,18.3,Night,OP11,59.8,Up to Date,455
2025-11-19,M04,416,7.3,Afternoon,OP06,62.7,Up to Date,425
2025-08-26,m05,491,18.7,Afternoon,OP09,71.4,Overdue,503
2025-09-30,M03,570,28.8,Afternoon,OP10,73.7,Overdue,604
2025-03-22,M03,615,14.7,Afternoon,,67.0,Up to Date,627
2025-03-19,M08,379,32.6,Afternoon,OP10,64.1,Up to Date,384
2025-04-30,M06,569,28.5,Morning,OP04,65.4,Up to Date,583
2025-10-03,M03,559,7.6,Afternoon,OP09,74.8,Overdue,589
2025-05-30,M04,395,3.2,Afternoon,OP07,,Up to Date,406
27/04/2025,M07,419,22.2,Afternoon,OP06,64.7,Due Soon,424
2025-06-03,M07,439,1.8,Afternoon,OP06,67.5,Up to Date,448
2025-12-13,M04,368,16.8,Night,OP11,61.3,Due Soon,376
2025-04-18,M01,462,16.7,Afternoon,OP07,69.7,Up to Date,472
2025-08-28,M05,473,15.7, Night ,OP14,74.4,Overdue,485
2025-05-12,M07,412,27.4,Night,OP12,66.3,Up to Date,415
2025-08-08,M08,361,15.3,Night,OP14,71.9,Up to Date,367
2025-03-13,M05,509,14.9,Afternoon,OP08,,Due Soon,519
2025-06-01,M03,591,33.7,Night,OP13,68.1,Due Soon,603
2025-06-20,M01,469,10.4,Morning,OP01,66.3,Due Soon,477
2025-07-09,M07,419,14.1,Afternoon,OP06,68.5,Up to Date,429
2025-10-23,M06,424,74.1,Night,OP15,76.8,Overdue,464
2025-12-08,M05,479,12.0,Night,OP15,62.6,Due Soon,494
2025-04-17,M04,379,20.8,Morning,OP02,63.8,Up to Date,385
2025-03-29,M01,459,16.3,Morning,OP01,64.3,Up to Date,467
2025-03-23,M04,402,4.2,Morning,OP01,63.3,Up to Date,409
2025-02-07,M06,614,3.1,Afternoon,OP09,62.6,Up to Date,628
2025-10-22,M04,400,4.4,Night,OP11,63.6,Up to Date,404
2025-08-02,M08,391,8.5,Morning,OP04,69.9,Up to Date,399
2025-01-01,M05,444,54.4,Night,OP14,62.5,Up to Date,450
2025-04-30,M01,425,46.1,Afternoon,OP07,70.9,Up to Date,434
2025-12-03,M01,435,16.9,Night,OP12,63.3,Up to Date,447
2025-02-25,M02,419,12.6,Night,OP11,62.2,Up to Date,424
15/03/2025,M06,554,10.3,Night,OP15,61.0,Up to Date,567
2025-01-31,M07,441,16.0,Afternoon,OP07,64.0,Up to Date,450
2025-12-07,M04,384,25.3,Night,OP12,62.2,Up to Date,392
2025-04-30,M01,461,8.3, Morning ,OP02,68.8,Up to Date,471
03/05/2025,M06,572,7.1,Night,OP14,66.4,Up to Date,595
2025-01-09,M04,382,19.2,Night,OP12,57.0,Up to Date,385
2025-02-20,M07,448,9.7,Morning,OP01,59.9,Up to Date,458
2025-06-29,M04,407,6.0,Night,OP12,72.0,Up to Date,411
2025-08-29,M07,414,-15.0,Night,OP11,65.1,Due Soon,421
2025-11-24,M03,168,329.6,Afternoon,OP09,82.1,Overdue,188
2025-09-01,M01,448,12.1,Morning,OP01,,Up to Date,462
2025-06-13,M02,430,11.9,Afternoon,OP07,66.2,Up to Date,439
2025-02-25,M01,441,26.8,Night,OP11,63.3,Up to Date,445
2025-06-17,M02,404,32.9,Afternoon,OP07,69.7,Up to Date,413
2025-02-17,M03,623,8.9,Morning,OP03,65.0,Up to Date,641
2025-08-10,M02,413,11.7,Night,OP12,66.8,Due Soon,419
2025-06-03,M06,572,22.0,Afternoon,OP08,70.6,Up to Date,586
2025-01-30,M01,439,23.5,Night,OP12,61.8,Up to Date,445
2025-10-12,M05,504,14.6,Afternoon,OP08,68.0,Due Soon,514
2025-08-30,M08,357,2.1,Night,OP15,70.1,Up to Date,360
2025-05-11,M02,399,20.3,Morning,OP01,64.0,Up to Date,407
2025-03-09,M04,391,4.1,Night,OP12,62.0,Up to Date,400
2025-12-04,M07,356,91.4,Morning,OP02,63.5,Up to Date,362
2025-01-28,M07,368,86.1,Night,OP11,62.6,Due Soon,376
2025-03-02,M04,411,4.4,Night,OP11,61.8,Up to Date,418
2025-12-23,M03,374,116.7,Night,OP15,75.5,Overdue,415
2025-06-20,M02,423,4.1,Night,OP12,64.1,Up to Date,429
2025-11-22,M03,496,16.3,Afternoon,OP09,78.2,Overdue,549
2025-10-14,M05,456,33.6,Afternoon,,65.5,Due Soon,468
2025-05-15,M02,423,7.8,Morning,OP01,63.4,Up to Date,433
2025-09-04,M07,429,21.5,Night,OP12,67.0,Up to Date,445
2025-03-21,M02,315,131.2,Morning,OP02,63.8,In Progress,324
2025-06-08,M07,446,8.5,Afternoon,OP06,67.6,Up to Date,457
2025-12-21,M04,383,12.1,Night,OP12,58.3,Up to Date,389
2025-04-13,M05,515,37.2,Morning,OP04,64.0,Due Soon,523
2025-10-25,M03,331,175.5,Night,OP13,74.6,Overdue,358
2025-01-19,M05,323,187.3,Morning,OP03,61.2,In Progress,329
2025-03-03,M05,533,14.3,Morning,OP04,62.6,Up to Date,539
2025-08-01,M08,379,8.5,Night,OP14,68.3,Up to Date,386
2025-09-02,M07,430,10.4,Afternoon,OP06,72.2,Due Soon,434
2025-06-01,M05,486,,Afternoon,OP08,70.0,Up to Date,497
2025-03-26,M08,385,6.0,Afternoon,OP09,67.0,Up to Date,394
2025-01-13,M07,369,77.9,Afternoon,OP06,,Up to Date,378
2025-11-17,M01,446,7.2,Night,OP12,64.6,Due Soon,458
2025-03-09,M01,444,11.9,Night,OP11,58.7,Up to Date,456
2025-02-07,M06,613,,Morning,OP03,62.6,Up to Date,623
2025-12-18,M04,388,11.6,Night,OP11,62.7,Up to Date,395
2025-04-22,M06,601,2.9,Night,OP15,67.6,Up to Date,609
2025-12-14,M08,366,2.3,Morning,OP03,63.6,Up to Date,371
2025-06-26,M06,633,3.5,Morning,OP03,71.0,Up to Date,646
2025-09-06,M03,618,8.7,Afternoon,OP09,78.8,Overdue,641
2025-08-21,M05,519,12.4,Morning,OP05,71.3,Overdue,533
2025-09-28,M02,416,14.2,AFTERNOON,OP07,66.5,Up to Date,427
2025-08-14,M02,408,2.7,Night,OP11,64.9,Due Soon,417
2025-12-05,M05,517,5.6,Morning,OP03,62.4,Due Soon,530
2025-12-03,M03,318,178.1,Night,OP13,77.4,Overdue,358
2025-12-05,M06,335,146.1,Afternoon,OP09,79.2,Overdue,372
2025-06-22,M04,368,51.1,Morning,OP01,67.7,Up to Date,374
2025-01-18,M06,597,16.0,Night,OP15,67.4,Due Soon,606
2025-04-01,M07,432,6.0,Night,,61.9,Due Soon,445
2025-08-27,M05,484,8.8,Night,OP14,72.3,Overdue,502
2025-07-09,M04,386,13.6,Afternoon,OP07,69.7,Up to Date,395
2025-07-20,M08,362,26.4,Afternoon,OP10,70.1,Up to Date,371
2025-03-25,M01,449,8.2,Morning,OP02,65.8,Up to Date,460
2025-02-04,M07,442,11.1,Morning,OP02,,Up to Date,450
2025-07-04,M01,474,5.8,Morning,OP02,74.6,Up to Date,483
2025-11-11,M02,423,10.9,Night,OP12,58.0,Due Soon,428
2025-12-26,M01,445,9.2,Night,OP12,62.2,Up to Date,456
2025-03-04,M01,438,10.4,Morning,OP01,62.7,Up to Date,446
2025-11-10,M08,375,7.9,Afternoon,OP09,68.1,Up to Date,380
2025-05-22,M08,364,23.3,Morning,OP03,66.6,Up to Date,370
2025-10-30,M07,433,11.0,Night,OP11,65.9,Up to Date,443
2025-10-22,M07,446,4.9,Night,OP11,66.2,Up to Date,452
2025-07-14,M04,402,15.3,Morning,OP01,67.4,Due Soon,408
2025-10-04,M05,503,16.1,Night,OP14,67.3,Up to Date,511
2025-06-16,M03,608,11.9,Morning,OP03,70.8,Up to Date,626
2025-09-29,M01,455,11.9,Afternoon,OP07,70.0,Up to Date,465
2025-02-11,M07,453,10.1,Night,,63.6,Up to Date,460
2025-06-06,M01,480,14.2,Morning,OP01,68.3,Up to Date,488
2025-08-06,M02,414,12.2,Morning,OP01,64.8,Up to Date,417
2025-07-31,M06,588,3.3,Morning,OP05,70.3,Overdue,609
2025-11-12,M06,459,24.0,Morning,OP03,80.1,Overdue,511
2025-07-09,M03,624,11.9,Afternoon,OP09,72.7,Due Soon,642
2025-11-15,M01,456,5.2,Night,OP12,65.0,Due Soon,464
2025-03-23,M03,637,3.3,Morning,OP04,65.1,Up to Date,642
2025-09-27,M07,437,9.3,Night,OP11,65.1,Up to Date,443
2025-07-21,M06,599,4.5,Afternoon,OP10,72.2,Due Soon,610
2025-09-10,M01,423,23.6,Night,OP11,66.5,Up to Date,432
2025-11-17,M03,511,4.8,Night,OP14,71.6,Overdue,557
2025-05-25,M05,468,22.2,Night,OP15,67.3,Up to Date,478
2025-07-18,M03,618,8.0,Afternoon,OP10,72.8,Up to Date,633
2025-10-24,M06,512,3.9,Afternoon,OP10,77.7,Overdue,566
2025-10-05,M01,483,2.2,Afternoon,OP06,,Up to Date,491
2025-11-09,M02 ,404,36.1,Afternoon,OP06,62.1,Due Soon,407
28/05/2025,M03,589,20.8,Afternoon,OP08,69.7,Up to Date,596
2025-03-09,M05,500,20.0,Night,OP13,66.3,Up to Date,510
2025-07-11,M02,419,3.7,Night,OP12,67.0,Due Soon,422
2025-11-29,M05,512,16.1,Afternoon,OP09,66.7,Up to Date,519
2025-08-24,M01,440,11.9,Night,OP11,69.3,Up to Date,447
2025-09-16,M07,450,4.6,Morning,OP02,68.6,Up to Date,457
2025-04-13,M03,620,24.4,Morning,OP03,68.0,Up to Date,631
2025-07-28,M02,418,14.7,Morning,OP02,63.6,Up to Date,425
2025-07-21,M02,423,10.7,Morning,OP02,65.8,Up to Date,431
2025-08-08,M01,459,23.4,Afternoon,OP06,71.2,Up to Date,466
2025-05-18,M08,256,161.4,Morning,OP04,69.7,In Progress,266
2025-07-07,M06,578,6.2,Night,OP15,66.0,Up to Date,590
2025-10-25,M07,415,13.7,Morning,OP01,62.4,Up to Date,425
2025-01-14,M05,470,35.0,Afternoon,OP08,65.8,Up to Date,479
2025-10-30,M06,474,20.6,Afternoon,OP09,76.7,Overdue,521
2025-02-17,M01,480,6.3,Morning,OP01,64.7,Due Soon,491
2025-01-16,M02,394,48.2,Night,OP12,58.9,Up to Date,401
2025-08-20,M02,423,3.8,Night,OP11,66.6,Up to Date,428
2025-09-29,M06,516,5.6,Night,OP13,75.2,Overdue,554
2025-06-22,M07,420,17.4, Night ,OP11,71.6,Up to Date,428
2025-08-21,M04,406,4.6,Afternoon,OP07,68.0,Up to Date,414
2025-02-13,M06,623,8.3,Morning,OP04,61.5,Up to Date,632
2025-04-15,M04,393,7.4,Afternoon,OP06,65.9,Up to Date,401
2025-04-25,M03,572,21.1,Afternoon,OP10,68.4,Up to Date,582
2025-10-22,M08,380,3.4,Afternoon,OP08,70.7,Up to Date,388
2025-03-05,M03,606,3.8,Night,OP13,66.5,Due Soon,623
2025-10-08,M07,466,1.4,Afternoon,OP07,67.3,Up to Date,477
2025-12-09,M01,447,25.4,Morning,OP01,61.9,Up to Date,453
2025-10-27,M08,385,11.0,Morning,OP04,68.1,Up to Date,393
2025-05-09,M08,356,20.6,Night,OP15,67.2,Up to Date,361
2025-10-08,M08,382,13.5,Morning,OP03,66.3,Up to Date,394
2025-08-17,M08,356,29.8,Night,OP13,,Due Soon,366
2025-09-28,M06,470,45.6,Night,OP14,74.3,Overdue,509
2025-06-22,M08,394,4.6,Night,OP14,71.1,Up to Date,401
2025-10-11,M03,399,132.1,Afternoon,OP08,76.4,Overdue,428
2025-06-09,M07,431,8.5,Night,OP11,66.8,Up to Date,443
2025-04-01,M02,386,12.5,Morning,OP01,63.3,Up to Date,393
2025-07-17,M03,612,11.6,Night,OP14,70.6,Up to Date,627
2025-07-18,M04,377,14.3,Afternoon,OP07,71.5,Up to Date,384
2025-11-15,M04,390,16.7,Night,OP12,,Up to Date,397
2025-01-11,M08,384,14.1,Afternoon,OP08,67.0,Up to Date,390
2025-10-08,M01,464,17.0,Night,OP12,68.0,Up to Date,471
2025-04-04,M07,433,9.2,Morning,OP01,62.1,Up to Date,443
2025-07-10,M03,626,2.9,Afternoon,OP09,69.8,Up to Date,632
2025-03-18,M06,579,6.2,Night,OP14,63.6,Due Soon,592
2025-01-13,M04,390,33.8,Night,OP12,60.9,Up to Date,398
2025-02-02,M03,579,30.0,Night,OP15,63.9,Up to Date,588
2025-07-22,M05,504,1.5,Morning,OP05,67.7,Up to Date,517
2025-03-05,M07,410,46.8,Afternoon,OP06,63.6,Up to Date,419
2025-02-15,M02,416,5.6,Night,OP12,58.9,Up to Date,426
2025-10-03,M01,462,11.6,Morning,OP02,67.8,Up to Date,467
2025-05-27,M08,358,15.9,Night,OP13,65.5,Up to Date,366
2025-06-10,M03,612,10.7,Night,OP15,71.4,Up to Date,623
2025-10-17,M03,529,12.2,Morning,OP04,76.6,Overdue,567
2025-09-28,M01,476,8.4,Afternoon,OP07,72.1,Up to Date,484
2025-05-14,M02,391,21.6,Night,OP11,64.5,Up to Date,400
2025-10-13,M03,539,11.8,Afternoon,OP10,76.3,Overdue,579
2025-12-29,M03,302,182.7,Night,OP15,78.2,Overdue,340
2025-05-14,M06,618,8.3,Morning,OP03,69.0,Due Soon,634
2025-03-17,M05,475,23.4,Afternoon,OP08,65.0,Up to Date,483
2025-11-02,M07,426,19.1,Afternoon,OP07,62.9,Up to Date,434
2025-03-05,M08,384,7.1,Afternoon,OP09,67.6,Up to Date,391
2025-05-31,M05,526,4.2,Afternoon,OP08,71.4,Up to Date,534
2025-03-08,M01,471,6.6,Night,OP11,60.8,Up to Date,483
2025-06-02,M02,428,4.7,Morning,OP02,65.9,Up to Date,436
2025-06-12,M02,427,6.3,Afternoon,OP06,66.8,Up to Date,437
2025-09-03,M07,427,16.0,Night,OP12,68.6,Up to Date,438
2025-04-12,M02,431,6.8,Night,OP12,60.2,Up to Date,435
2025-09-28,M08,371,7.1,Afternoon,OP10,67.6,Up to Date,380
2025-04-25,M08,369,21.5,Afternoon,OP09,68.9,Up to Date,375
2025-10-24,M08,390,9.0,Morning,OP03,65.3,Up to Date,398
2025-05-02,M08,366,21.3,Night,OP15,65.1,Up to Date,376
2025-01-19,M07,442,9.3,Night,OP12,60.1,Up to Date,449
2025-11-10,M06,265,241.1,Morning,OP04,74.0,Overdue,293
2025-04-29,M08,360,28.7,Morning,OP05,69.9,Up to Date,371
2025-08-23,M05,489,25.6,Night,OP14,70.1,Overdue,499
2025-10-16,M-07,436,12.9,Afternoon,OP07,65.5,Up to Date,444
2025-12-28,M03,243,247.4,afternoon,OP10,74.8,Overdue,271
2025-05-18,M07,422,26.7,MORNING,OP01,66.8,Up to Date,426
2025-11-19,M07,443,15.7,Morning,OP01,62.1,Up to Date,452
2025-03-08,M02,406,23.8,Afternoon,OP07,60.7,Up to Date,414
2025-03-18,M05,482,10.8,Night,OP14,59.3,Up to Date,492
2025-06-11,M03,617,9.4,Afternoon,OP10,74.3,Up to Date,629
2025-10-14,M04,284,145.7,Morning,OP01,65.3,In Progress,290
2025-01-25,M05,505,3.9,Afternoon,OP08,61.5,Up to Date,510
2025-11-20,M03,268,233.7,Night,OP13,74.3,Overdue,295
2025-05-04,M03,598,26.7,Afternoon,OP09,69.4,Due Soon,606
2025-04-24,M02,429,9.4,Morning,OP02,61.8,Up to Date,440
2025-01-12,M05,221,274.7,Afternoon,OP09,64.9,Up to Date,226
2025-01-14,M01,466,12.1,Morning,OP01,64.3,Due Soon,475
2025-10-05,M02,405,17.0,Night,OP12,63.1,Up to Date,414
2025-11-13,M03,355,161.2,Afternoon,OP09,75.7,Overdue,388
2025-11-21,M08,369,16.0,Night,OP14,64.6,Up to Date,378
2025-08-05,M07,437,4.2,Afternoon,OP06,,Up to Date,447
2025-10-29,M02,404,25.7,Morning,OP01,65.1,Up to Date,413
2025-04-28,M03,583,12.9,Night,,69.8,Up to Date,595
2025-06-06,M05,506,3.1,Night,OP14,70.3,Up to Date,516
2025-09-24,M02,413,17.2,Morning,OP01,0.0,Up to Date,422
2025-12-20,M02,425,20.6,Afternoon,OP06,59.3,Up to Date,435
2025-05-28,M08,376,21.4,Night,OP13,69.3,Up to Date,386
2025-12-26,M07,427,2.6,Night,OP11,63.2,Due Soon,438
2025-06-27,M05,477,31.3,Night,OP14,68.3,Up to Date,490
2025-01-18,M04,398,13.8,Afternoon,OP06,63.6,Up to Date,403
2025-09-06,M07,433,7.4,Night,OP12,66.4,Up to Date,439
2025-04-17,M02,282,156.9,Morning,OP01,62.5,In Progress,289
2025-07-17,M03,611,28.4,Morning,OP03,72.2,Up to Date,622
2025-03-29,M02,426,13.7,Morning,OP01,59.1,Up to Date,433
2025-08-24,M07,419,2.0,Night,OP11,66.3,up to date,432
2025-11-24,M01,444,24.7,Night,OP11,64.0,Up to Date,451
2025-06-15,M07,455,5.0,Afternoon,OP06,71.6,Up to Date,465
2025-01-26,M01,456,7.1,Afternoon,OP07,66.1,Up to Date,469
2025-11-28,M04,394,8.7,Night,OP11,,Up to Date,406
2025-11-26,M05,499,10.9,Afternoon,OP10,63.1,Up to Date,508
2025-10-06,M01,436,18.7,Morning,OP01,68.1,Up to Date,443
2025-03-01,M08,383,11.0,Morning,OP04,63.3,Up to Date,390
2025-07-15,M02,418,10.2,Afternoon,OP07,65.4,Up to Date,423
2025-07-16,M05,507,6.8,Morning,OP05,68.7,Up to Date,521
2025-02-06,M07,440,18.8,Morning,OP02,59.5,Up to Date,450
2025-07-21,M02,399,25.2,Afternoon,OP06,66.0,Up to Date,408
24/08/2025,M05,510,10.9,Afternoon,OP09,74.2,Overdue,522
2025-04-09,M03,618,31.1,Morning,OP04,67.3,Up to Date,633
2025-11-05,M06,338,166.8,Morning,OP03,75.5,Overdue,371
2025-02-02,M03,632,4.0,Afternoon,OP10,66.4,Up to Date,644
2025-11-03,M01,465,12.7,Afternoon,OP07,64.8,Up to Date,472
2025-06-27,M03,635,3.5,Morning,OP05,71.6,Up to Date,642
2025-07-28,M07,432,7.2,Morning,OP01,68.6,Due Soon,443
2025-09-27,M05,489,14.1,Afternoon,OP09,67.3,Up to Date,505
2025-12-10,M08,351,38.9,Night,OP15,64.4,Up to Date,355
2025-11-02,M05,468,4.0,Night,OP15,69.0,Overdue,489
2025-08-09,M02,398,13.7,Morning,OP01,66.4,Due Soon,405
2025-05-26,M07,425,28.9,Morning,OP02,66.8,Up to Date,430
2025-10-08,M05,458,54.8,Morning,OP05,70.0,Due Soon,467
2025-05-16,M01,,15.7,Morning,OP01,68.5,Due Soon,479
2025-07-11,M01,444,26.2,Afternoon,OP06,73.5,Up to Date,451
2025-09-26,M05,516,9.3,Afternoon,OP08,70.7,Up to Date,529
2025-04-08,M07,441,4.2,Night,OP12,63.7,Up to Date,446
2025-04-26,M01,445,8.8,Morning,OP02,68.3,Up to Date,454
2025-02-16,M04,402,7.4,Morning,OP02,61.8,Up to Date,408
2025-04-17,M06,378,188.1,Morning,OP03,65.5,In Progress,385
2025-05-17,M08,370,14.9,Night,OP15,67.9,Due Soon,378
2025-04-21,M01,440,10.6,Night,OP12,67.1,Up to Date,456
2025-12-17,M06,409,74.0,Afternoon,OP10,76.4,Overdue,458
2025-11-06,M06,492,4.7,Morning,OP03,78.9,Overdue,550
2025-09-30,M03,562,13.1,Night,OP15,,Overdue,595
2025-07-07,M02,419,13.7, Night ,OP12,62.9,Due Soon,424
2025-04-03,M05,501,17.2,Morning,OP03,64.9,Up to Date,516
2025-06-13,M07,431,18.1,Night,OP11,67.8,Up to Date,439
2025-11-09,M08,380,6.6,Night,OP13,65.4,Up to Date,389
2025-09-17,M04,376,43.4,Night,OP12,65.0,Up to Date,383
2025-02-27,M04,402,9.1,Morning,OP02,62.0,Up to Date,408
2025-10-27,M05,405,94.9,Morning,OP05,69.4,Overdue,417
2025-05-06,M06,603,2.1,Afternoon,OP08,65.1,Up to Date,614
2025-11-13,M07,433,,Afternoon,OP06,64.2,Up to Date,440
2025-07-06,M05,519,7.4,Morning,OP03,69.4,Up to Date,533
2025-01-09,M05,497,12.8,Night,OP14,62.3,Up to Date,509
2025-01-12,M06,589,4.4,Afternoon,OP10,62.8,Up to Date,603
2025-08-06,M04,411,9.4,Afternoon,OP06,70.3,Up to Date,414
2025-04-06,M07,449,5.3,Night,OP11,64.9,Up to Date,462
2025-06-28,M06,603,3.1,Afternoon,OP10,71.5,Up to Date,623
2025-10-09,M07,445,9.0,Morning,OP02,64.1,Up to Date,458
2025-02-10,M01,442,30.2,Night,OP12,64.3,Up to Date,448
2025-01-13,M06,587,22.7,Morning,OP03,65.6,Up to Date,601
2025-01-23,M08,358,3.4,Night,OP15,62.2,Up to Date,372
2025-11-09,M01,445,18.1,Morning,OP02,0.0,Up to Date,455
2025-01-12,M08,343,43.9,Night,OP14,62.4,Up to Date,352
2025-07-12,M01,440,11.3,Morning,OP02,67.9,Up to Date,448
2025-08-10,M03,615,12.0,Morning,OP05,69.3,Due Soon,626
2025-02-01,M06,604,6.5,Morning,OP05,61.3,Up to Date,612
2025-09-22,M-08,406,15.3,Morning,OP04,72.0,Up to Date,410
2025-07-08,M03,619,6.9,Night,OP13,69.6,Due Soon,624
2025-02-15,M05,424,58.9,Night,OP15,62.8,Up to Date,433
2025-07-30,M03,638,7.9,Morning,OP05,71.7,Up to Date,655
2025-09-08,M02,428,10.3,Afternoon,OP07,67.3,Up to Date,431
2025-06-28,M04,407,6.3,Morning,OP02,69.9,Up to Date,416
2025-08-20,M01,446,18.3,Afternoon,OP07,73.4,Up to Date,458
2025-04-19,M04,397,13.7,Afternoon,OP06,66.4,Up to Date,402
2025-06-16,M05,,15.6,Morning,OP03,,Up to Date,520
2025-08-12,M04,,27.2,Night,OP12,69.8,Due Soon,376
2025-10-28,M08,273,126.2,Night,OP13,67.3,Up to Date,283
2025-03-19,M07,437,18.6,Afternoon,OP06,64.6,Up to Date,446
2025-01-29,M01,449,16.0,Night,OP11,63.5,Up to Date,461
2025-09-20,M03,579,20.6,Afternoon,OP10,75.1,Overdue,611
2025-02-28,M07,423,32.1,Night,OP12,58.3,Due Soon,430
2025-05-07,M06,393,184.6,Morning,OP03,65.7,Up to Date,403
2025-01-22,M07,427,3.4,Night,OP11,58.5,Up to Date,432
2025-01-14,M05,481,7.1,Night,OP14,62.2,Up to Date,497
2025-12-24,M04,415,6.2,Morning,OP02,60.9,Up to Date,422
2025-11-13,M01,436,18.0,Morning,OP01,64.9,Up to Date,446
2025-01-18,M07,423,20.3,Morning,OP02,61.6,Up to Date,434
2025-07-10,M02,414,8.4,Night,OP12,66.6,Due Soon,423
2025-04-28,M01,445,15.5,Afternoon,OP06,70.1,Up to Date,454
2025-02-12,M02,408,26.6,Afternoon,OP07,59.0,Up to Date,416
2025-12-22,M02,398,5.1,Night,OP11,58.8,Up to Date,406
2025-08-20,M07,412,24.7,Night,OP12,66.8,Up to Date,419
2025-10-17,M07,422,19.3,Night,OP11,66.5,Up to Date,431
2025-11-29,M01,471,9.6,Afternoon,OP07,65.0,Up to Date,482
2025-01-15,M05,493,16.7,Afternoon,OP08,64.0,Up to Date,505
2025-01-11,M05,486,23.6,Night,OP13,62.5,Up to Date,494
2025-06-22,M01,452,17.5,Night,OP11,,Up to Date,463
2025-03-28,M02,441,2.1,Afternoon,OP06,62.4,Up to Date,454
2025-12-06,M01,461,22.8,Night,OP11,66.2,Up to Date,470
2025-06-08,M03,589,18.5,Night,OP14,69.6,Up to Date,602
2025-07-05,M04,404,11.4,Morning,OP01,67.5,Up to Date,413
2025-11-04,M08,383,0.5,Afternoon,OP10,66.3,Up to Date,391
13/11/2025,M01,447,24.5,Night,OP11,68.1,Up to Date,453
2025-03-16,M05,441,74.9,Afternoon,OP10,68.5,Up to Date,448
2025-12-04,M03,497,2.2,Afternoon,OP10,81.4,Overdue,564
04/09/2025,M06,545,9.6,Afternoon,OP08,76.6,Overdue,578
2025-09-14,M08,369,15.1,Night,OP14,68.4,Due Soon,382
2025-01-17,M02,417,5.0,Afternoon,OP06,57.5,Up to Date,430
2025-06-06,M04,391,13.8,Morning,OP02,70.2,Up to Date,398
2025-04-14,M04,390,25.3,Morning,OP01,62.4,Up to Date,396
2025-08-24,M02,444,5.8,Afternoon,OP06,67.8,Up to Date,450
2025-04-10,M05,445,53.8,Afternoon,OP08,68.2,Due Soon,456
2025-12-02,M05,513,5.8,Morning,OP03,65.4,Up to Date,524
2025-05-25,M02,389,65.8,Morning,OP02,65.9,Up to Date,398
2025-12-23,M02,398,27.5,Morning,OP01,61.1,Up to Date,410
2025-11-14,M01,466,15.6,Afternoon,OP06,64.2,Up to Date,472
2025-10-12,M03,558,6.7,Afternoon,OP10,76.7,Overdue,602
2025-07-31,M07,441,11.3,Morning,OP02,70.0,Due Soon,447
2025-11-05,M03,529,6.3,Morning,OP05,77.2,Overdue,574
2025-08-16,M05,487,37.7,Afternoon,OP08,69.4,Due Soon,502
2025-11-16,M06,481,1.8,Morning,OP04,78.1,Overdue,534
2025-01-21,M08,369,25.7,Afternoon,OP08,62.2,Up to Date,371
2025-05-14,M05,492,14.0,Night,OP13,67.3,Due Soon,502
2025-01-13,M03,627,9.0,Afternoon,OP08,63.4,Up to Date,643
2025-09-08,M03,580,19.6,Night,OP14,74.5,Overdue,602
2025-11-04,M02,427,3.0,Night,OP11,63.4,Up to Date,434
2025-07-23,M07,454,4.8,Morning,OP01,67.1,Up to Date,465
2025-01-12,M08,197,237.7,Afternoon,OP09,61.2,Up to Date,200
2025-06-15,M01,441,29.6,Morning,OP01,71.4,Due Soon,452
2025-10-11,M03,246,276.8,Morning,OP05,75.0,Overdue,263
2025-05-14,M07,434,32.5,Afternoon,OP06,64.8,Up to Date,442
2025-08-29,M03,491,89.3,Morning,OP05,72.7,Overdue,503
2025-10-06,M08,370,13.3,Afternoon,OP10,67.6,Up to Date,378
2025-03-16,M07,403,40.6,Night,OP11,60.9,Up to Date,413
2025-11-29,M02,403,13.4,Night,OP12,64.4,Up to Date,416
2025-07-07,M02,411,22.3,Afternoon,OP06,,Due Soon,418
2025-01-11,M07,428,10.7,Morning,OP01,60.5,Up to Date,436
2025-01-21,M04,396,2.1,Night,OP11,59.8,Up to Date,406
2025-12-29,M03,258,232.8,Afternoon,OP09,79.8,Overdue,292
2025-05-12,M08,366,11.7,Afternoon,OP08,71.0,Due Soon,377
2025-11-19,M03,270,230.2,Morning,OP03,72.1,overdue,296
2025-05-10,M03,624,4.7,Afternoon,OP09,73.5,Up to Date,641
2025-09-17,M01,441,24.2,Morning,OP02,67.7,Due Soon,447
2025-08-27,M03,579,25.7, Night ,OP13,69.9,Overdue,594
2025-04-17,M05,507,4.6,Night,OP14,64.8,Up to Date,517
2025-12-06,M07,432,9.4,Afternoon,OP06,64.3,Up to Date,446
2025-01-18,M07,442,5.5,Night,OP11,61.9,Up to Date,452
2025-03-16,M01,457,10.7,Morning,OP01,63.3,Due Soon,462
2025-07-20,M02,414,13.5,Night,OP11,69.3,Up to Date,424
2025-09-20,M06,543,17.4,MORNING,OP04,76.7,Overdue,578
2025-05-17,M07,412,21.6,Afternoon,OP06,67.7,Up to Date,417
2025-08-20,M01,448,7.8,Night,OP11,67.4,Up to Date,461
2025-11-10,M08,385,2.5,Night,OP13,63.1,Up to Date,388
2025-08-20,M06,589,8.2,Afternoon,OP09,75.2,Overdue,609
2025-01-29,M06,559,26.6,Afternoon,OP08,63.7,Up to Date,569
2025-03-02,M08,369,28.9,Morning,OP05,70.3,Up to Date,372
2025-07-08,M04,405,16.6,Night,OP12,66.9,Up to Date,414
2025-06-23,M06,532,34.5,Night,OP13,72.3,Up to Date,547
2025-06-24,M01,474,1.4,Night,OP12,73.4,Up to Date,481
25/11/2025,M08,385,5.7,Morning,OP04,62.6,Up to Date,398
2025-04-15,M05,501,5.6,Night,OP13,64.4,Due Soon,514
2025-09-24,M07,432,26.1,Afternoon,OP07,67.0,Up to Date,438
2025-05-06,M07,448,19.1,Morning,OP01,67.4,Up to Date,453
2025-04-09,M05,495,5.4,Morning,OP03,63.5,Due Soon,506
2025-09-30,M08,373,7.1,Night,OP14,67.1,Up to Date,381
2025-08-19,M05,530,15.5,Morning,OP04,70.4,Due Soon,549
2025-02-22,M06,539,35.3,Night,OP13,61.4,Up to Date,552
2025-10-04,m01,471,28.4,Morning,OP01,67.5,Up to Date,478
2025-07-25,M08,386,8.6,Afternoon,OP08,75.4,Up to Date,393
2025-03-24,M06,560,20.0,Afternoon,OP08,66.2,Up to Date,580
22/02/2025,M04,390,8.7,Morning,OP02,58.5,Up to Date,403
2025-09-18,M01,456,22.8,Afternoon,OP06,73.4,Up to Date,466
2025-08-31,M05,495,9.2,Morning,OP05,68.8,Overdue,508
2025-09-02,M08,361,27.8,Night,OP13,69.7,Up to Date,366
2025-06-09,M03,637,19.9,Morning,OP05,,Up to Date,644
2025-01-24,M05,518,20.7,Morning,OP04,62.1,Up to Date,529
2025-07-10,M07,386,50.8,Night,OP11,67.4,Up to Date,393
2025-05-31,M02,404,11.3,Night,OP12,63.0,Up to Date,414
2025-09-01,M04,395,15.9,Morning,OP01,60.7,Up to Date,404
2025-03-18,M01,431,36.9,Afternoon,OP07,66.5,Due Soon,440
2025-11-16,M04,284,139.9,Morning,OP02,63.5,Up to Date,293
2025-11-30,M05,508,19.2,Night,OP14,64.3,Up to Date,517
2025-11-21,M08,390,12.9,Morning,OP05,64.4,Up to Date,397
2025-01-25,M03,638,2.4,Morning,OP05,63.6,Up to Date,651
2025-08-06,M03,570,30.2,Night,OP13,72.3,Due Soon,582
2025-02-15,M08,383,14.7,Afternoon,OP10,63.1,Up to Date,388
2025-02-22,M01,455,9.7,Morning,OP02,61.2,Up to Date,466
2025-10-28,M08,367,29.8,Afternoon,OP10,69.2,Up to Date,372
2025-11-11,M05,507,13.4,Afternoon,OP08,63.7,Up to Date,518
2025-02-11,M01,441,3.3,Night,OP11,61.1,Up to Date,452
2025-12-06,M01,489,3.8,Morning,OP01,64.1,Up to Date,500
2025-11-20,M01,431,43.2,Afternoon,OP06,64.9,Due Soon,441
2025-03-01,M04,400,2.6,Afternoon,OP06,64.7,Up to Date,406
2025-02-24,M07,442,3.6,Afternoon,OP07,59.1,Up to Date,450
2025-05-15,M07,447,21.9,Afternoon,OP07,67.0,Up to Date,454
2025-01-13,M08,389,4.9,Afternoon,OP08,64.7,Up to Date,399
2025-10-22,M06,427,69.8,Morning,OP05,76.7,Overdue,469
2025-03-29,M07,423,20.4,Night,OP12,64.7,Due Soon,428
2025-04-28,M02,423,0.5,Afternoon,OP06,65.0,Up to Date,430
2025-06-04,M03,474,113.0,Morning,OP03,68.9,Due Soon,484
2025-08-22,M08,374,12.2,Afternoon,OP08,71.5,Up to Date,383
2025-04-11,M06,588,24.3,Afternoon,OP10,68.0,Up to Date,593
2025-11-26,M08,392,6.2,Night,OP13,66.5,Up to Date,396
21/04/2025,M03,596,20.8,Morning,OP05,67.0,Up to Date,611
2025-05-04,M03,623.3,58.9,Night,OP14,,Due Soon,542
2025-06-15,M05,487,35.0,Afternoon,OP09,70.5,Up to Date,501
2025-07-21,M06,596,5.5,Morning,OP04,69.2,Due Soon,606
2025-08-26,M04,400,11.8,Afternoon,OP07,69.6,Up to Date,408
2025-07-18,M07,446,3.3,Morning,OP02,66.4,Up to Date,453
2025-08-26,M07,422,18.2,Night,OP11,68.7,Due Soon,430
2025-03-14,M08,372,21.0,Afternoon,OP08,66.7,Due Soon,380
2025-11-14,M02,396,26.0,Morning,OP01,62.3,Due Soon,408
2025-12-11,M03,367,126.1,Night,OP14,76.2,Overdue,410
2025-12-01,M07,443,17.2,Afternoon,OP07,68.4,Up to Date,451
2025-04-13,M03,629,8.7,Night,OP13,65.5,Up to Date,639
2025-12-17,M07,509.45,3.7,Afternoon,OP07,58.7,Up to Date,443
2025-03-01,M01,453,5.1,Night,OP12,63.1,Up to Date,463
2025-10-08,M04,386,16.7,Night,OP11,67.4,Due Soon,393
2025-02-05,M07,416,25.2,Morning,OP01,59.5,Up to Date,427
2025-10-28,M07,334,127.3,MORNING,OP02,64.4,In Progress,341
2025-01-02,M01,443,5.3,Morning,OP01,63.0,Up to Date,459
2025-06-16,M07,,15.9,Afternoon,OP07,66.9,Up to Date,457
2025-08-30,M07,430,18.3,Morning,OP01,65.3,Due Soon,439
2025-09-17,M01,448,28.9,Night,OP12,70.4,Due Soon,453
2025-03-26,M05,524,9.3,Afternoon,OP09,68.7,Up to Date,535
2025-01-19,M05,497,21.7,Afternoon,,63.6,Up to Date,509
2025-09-12,M03,585,14.7,Morning,OP04,72.7,Overdue,606
2025-12-15,M08,353,25.6,Afternoon,OP08,64.0,Due Soon,354
2025-10-18,M01,459,5.5,Night,OP11,63.3,Due Soon,464
2025-06-09,M06,560,25.0,Morning,OP05,72.2,Up to Date,566
2025-09-04,M05,460,15.6,Afternoon,OP10,75.6,Overdue,476
2025-10-03,M08,276,121.4,Night,OP15,68.8,Up to Date,283
2025-12-15,M05,471,25.1,Afternoon,OP08,64.8,Due Soon,480
2025-11-10,M03,468,75.4,Afternoon,OP10,74.2,Overdue,512
2025-12-02,M05,506,15.2,Afternoon,OP10,66.1,Up to Date,518
2025-04-01,M03,614,5.5,Afternoon,OP08,69.1,Up to Date,624
2025-05-08,M07,441,22.8,Afternoon,OP07,66.1,Up to Date,448
2025-06-14,M06,575,12.6,Morning,OP04,62.8,Due Soon,592
2025-06-25,M06,615,5.9,Afternoon,OP08,72.3,Up to Date,627
2025-04-17,M03,541,62.1,Afternoon,OP08,71.7,Up to Date,550
2025-08-22,M06,537,34.8,Morning,OP04,71.6,Overdue,562
2025-09-05,M08,375,1.5,Night,OP14,70.8,Up to Date,380
2025-08-18,M04,397,5.0,Afternoon,OP07,72.4,Up to Date,403
2025-04-30,M08,383,3.4,Morning,OP04,65.9,Up to Date,392
2025-05-17,M01,452,4.6,Morning,OP02,68.4,Due Soon,459
2025-03-30,M08,368,17.4,Afternoon,OP09,66.2,Up to Date,375
2025-09-13,M04,391,10.4,Afternoon,OP07,67.1,Up to Date,398
2025-07-17,M05,506,11.7,Afternoon,OP09,72.0,Up to Date,513
2025-07-16,M06,597,3.4,Night,OP15,72.1,Due Soon,608
2025-11-12,M07,419,22.7,Night,OP11,60.5,Up to Date,426
2025-12-23,M05,484,8.2,Night,OP15,66.3,Overdue,497
2025-01-30,M01,429,25.9,Morning,OP01,61.3,Up to Date,440
2025-10-04,M04,376,26.2,Night,OP11,64.5,Up to Date,384
2025-03-05,M08,384,22.0,Morning,OP04,64.5,Up to Date,390
2025-05-04,M06,622,4.3,Morning,OP05,69.4,Up to Date,635
2025-03-01,M01,473,12.2,Morning,OP02,65.9,Up to Date,483
2025-03-06,M01,453,23.1,Morning,OP01,64.3,Up to Date,459
2025-07-02,M08,352,23.1,Night,OP15,70.7,Up to Date,356
2025-11-14,M04,375,29.5,Morning,OP01,65.4,Due Soon,379
17/07/2025,M04,413,6.6,Morning,OP02,71.0,Up to Date,419
2025-08-28,M02,417,21.9,Night,OP12,65.3,Up to Date,427
2025-04-18,M05,485,6.2,Afternoon,OP08,66.1,Up to Date,492
2025-04-06,M07,446,10.6,Afternoon,OP07,67.8,Up to Date,451
2025-05-17,M08,370,14.9,Night,OP15,67.9,Due Soon,378
2025-09-03,M08,404,9.2,Morning,OP05,69.1,Up to Date,411
2025-09-23,M04,397,11.1,Night,OP11,66.5,Up to Date,406
2025-07-07,M08,397,7.5,Morning,OP05,67.7,Up to Date,402
2025-06-10,M04,384,13.9,Afternoon,OP06,,due soon,394
2025-08-10,M03,581,15.6,Night,OP15,72.2,Due Soon,598
2025-09-06,M06,521,20.7,Night,OP15,73.6,Overdue,549
2025-03-01,M07,471,10.7,Afternoon,OP06,66.2,Due Soon,480
2025-03-22,M07,425,27.5,Morning,OP02,61.5,Up to Date,434
2025-03-28,M06,601,6.8,Afternoon,OP08,64.8,Up to Date,623
2025-02-20,M03,612,6.5,Night,OP15,59.9,Up to Date,622
2025-08-19,M08,352,22.2,Night,OP15,70.8,Up to Date,362
2025-06-06,M04,387,17.6,Night,OP11,68.8,Up to Date,395
2025-11-15,M08,384,4.9, Afternoon ,OP10,65.8,Due Soon,393
2025-07-31,M08,389,15.7,Morning,OP05,70.5,Up to Date,396
2025-03-19,M06,378,185.0,Morning,OP03,65.2,In Progress,389
2025-11-08,M08,384,,Afternoon,OP10,64.5,Up to Date,391
2025-08-02,M02,408,11.0,Night,OP11,65.2,Up to Date,415
2025-09-27,M04,418,4.9,Morning,OP02,65.0,Up to Date,427
2025-01-29,M04,386,24.9,Afternoon,OP06,66.5,Up to Date,388
2025-10-23,M02,421,19.6,Night,OP12,64.9,Up to Date,429
2025-11-05,M05,389,74.4,Night,OP14,65.3,Overdue,405
2025-06-21,M03,634,2.3,Morning,OP05,71.7,Up to Date,644
2025-04-04,M06,615,23.7, Morning ,OP05,67.7,Up to Date,626
2025-05-16,M07,460,11.5,Afternoon,OP07,67.1,Up to Date,462
2025-12-18,M04,393,3.2,Afternoon,OP07,61.6,Up to Date,401
2025-12-26,M-08,371,24.6,Night,OP14,58.3,Up to Date,379
2025-01-24,M05,498,30.3,afternoon,OP10,65.9,Up to Date,511
2025-09-29,M07,430,18.9,Night,OP11,66.8,Due Soon,438
2025-02-05,M08,360,17.1,Night,OP15,65.2,Up to Date,370
2025-06-12,M08,385,5.4,Afternoon,OP08,71.7,Due Soon,392
2025-12-03,M08,384,6.6,Morning,OP05,61.8,Up to Date,395
2025-02-06,M05,470,14.1,Afternoon,OP08,66.1,Up to Date,483
2025-10-18,M05,473,37.0,Night,OP14,68.2,Overdue,492
2025-08-09,M03,600,4.3,Night,OP15,70.4,Due Soon,613
2025-07-13,M04,387,9.5,Night,OP11,68.8,Due Soon,398
2025-02-09,M03,623,15.7,Morning,OP03,58.4,Up to Date,633
2025-01-04,M05,501,3.0,Afternoon,OP08,64.9,Up to Date,515
2025-11-03,M06,276,210.6,Afternoon,OP08,78.2,Overdue,309
2025-05-17,M06,631,6.9,Morning,OP03,69.0,Due Soon,644
2025-01-12,M04,386,4.2,Morning,OP01,55.2,Up to Date,393
2025-01-28,M05,354,153.9,Morning,OP03,61.2,Up to Date,365
2025-11-21,M04,359,32.1,Morning,OP02,62.2,Up to Date,367
2025-03-20,M07,427,10.4, Afternoon ,OP07,63.2,Up to Date,436
2025-09-19,M03,570,18.9,Afternoon,OP09,73.2,Overdue,593
2025-12-15,M08,374,0.9,Night,OP14,63.6,Due Soon,382
2025-02-01,M02,422,7.5,Night,OP12,59.2,Up to Date,430
2025-06-03,M07,444,14.1,Night,OP12,69.5,Up to Date,449
2025-07-10,M05,499,29.1,Night,OP13,68.5,Due Soon,504
2025-11-28,M08,385,1.9,Afternoon,OP08,67.8,Up to Date,389
2025-04-10,M02,396,21.9,Night,OP11,64.0,Up to Date,407
2025-12-12,M01,405,70.7,Afternoon,OP06,68.0,Up to Date,414
2025-09-13,M03,577,1.6,Afternoon,OP10,72.8,Overdue,606
2025-10-04,M08,386,13.2,Morning,OP03,68.5,Up to Date,394
2025-10-20,M03,547,13.4,Afternoon,OP09,78.1,Overdue,586
2025-02-23,m06,602,6.2,MORNING,OP03,60.4,Up to Date,613
2025-10-28,M01,434,17.3,Night,OP11,64.7,Up to Date,443
2025-04-07,M01,432,21.5,Morning,OP01,65.7,Up to Date,444
2025-11-01,M04,309,102.4,Night,OP11,62.0,Up to Date,314
2025-07-16,M06,584,18.5,Afternoon,OP08,69.5,Due Soon,598
2025-11-07,M06,515,2.4,Morning,OP05,79.8,Overdue,573
2025-12-10,M07,414,10.0,Night,OP11,61.3,Up to Date,423
2025-07-24,M01,471,3.0,Morning,OP01,70.7,Up to Date,482
2025-03-24,M03,555,49.4,Afternoon,OP08,68.0,Up to Date,566
2025-05-02,M07,430,13.9,Morning,OP02,65.7,Due Soon,444
2025-06-29,M06,599,4.5,Afternoon,OP10,69.7,Up to Date,610
2025-03-27,M01,473,4.9,Morning,OP01,64.0,Up to Date,482
2025-01-09,M03,429,157.4,Morning,OP05,63.2,In Progress,439
2025-07-21,M06,601,6.8,Night,OP13,71.2,Due Soon,610
2025-04-20,M01,477,3.8,Night,OP12,66.5,Up to Date,482
2025-11-19,M02,412,5.4,Afternoon,OP07,62.2,Up to Date,425
2025-03-27,M05,500,14.1,Afternoon,OP10,64.5,Up to Date,504
2025-03-08,M06,567,31.4,Afternoon,OP09,64.2,Up to Date,572
2025-04-24,M04,402,6.6,Morning,OP02,63.3,Up to Date,412
2025-06-23,M02,412,15.0,Morning,OP02,66.1,Up to Date,423
2025-06-23,M05,482,28.3,Night,OP13,72.1,Up to Date,489
2025-03-31,M08,387,11.4,Afternoon,OP08,64.3,Up to Date,395
2025-01-21,M03,467,107.1,Afternoon,OP10,63.9,Up to Date,481
2025-06-19,M04,406,8.8,Morning,OP01,64.8,Up to Date,411
2025-03-29,M02,407,27.2,Afternoon,OP06,62.0,Up to Date,413
2025-07-15,M06,573,21.1,Morning,OP03,70.4,Due Soon,587
2025-06-02,M07,434,12.0,Afternoon,OP06,66.4,Due Soon,446
2025-06-11,M07,446,12.0,Afternoon,OP07,67.1,Up to Date,453
2025-06-02,M06,598,9.9,Afternoon,OP08,70.2,Up to Date,611
2025-10-27,M06,471,0.4,Night,OP15,78.7,Overdue,523
2025-10-07,M04,396,14.6,Afternoon,OP06,,Due Soon,403
2025-06-01,M01,452,9.0,Night,OP11,68.3,Up to Date,463
2025-10-20,M01,478,3.3,Night,OP11,66.2,Due Soon,485
2025-01-10,M03,591,4.0,Night,OP13,64.7,Up to Date,614
2025-12-06,M04,392,23.0,Night,OP12,60.8,Up to Date,397
2025-05-05,M08,370,9.3,Night,OP13,65.9,Up to Date,379
2025-04-05,M01,442,26.2,night,OP11,63.4,Up to Date,445
2025-10-10,M04,384,17.4,Afternoon,OP07,66.5,Due Soon,397
2025-01-19,M06,566,16.2,Night,OP15,59.1,Due Soon,574
2025-04-05,M04,407,16.0,Morning,OP02,62.4,Up to Date,415
28/06/2025,M08,393,5.0,Morning,OP03,72.6,Up to Date,402
2025-04-13,M08,383,3.5,Morning,OP05,65.7,Due Soon,390
2025-02-28,M05,518,-15.0,AFTERNOON,OP10,66.4,Up to Date,532
2025-11-02,M03,401,126.2,Afternoon,OP10,80.1,Overdue,438
2025-07-17,M01,467,7.3,Morning,OP02,71.3,Due Soon,478
2025-06-19,M01,477,5.6,Night,OP12,70.0,Due Soon,484
2025-04-27,M03,536,52.9,Night,OP13,66.5,Up to Date,546
2025-09-01,M06,541,13.0,Afternoon,OP08,74.7,Overdue,567
2025-08-30,M07,448,14.1,Night,OP12,68.4,Due Soon,454
2025-04-08,M02,424,8.1,Morning,OP02,60.1,Up to Date,433
2025-12-07,M05,484,16.6,Night,OP14,65.5,Due Soon,497
2025-03-18,M08,346,36.1,Night,OP15,65.3,Up to Date,350
2025-10-10,M08,375,4.8,Afternoon,OP09,67.1,Up to Date,385
2025-05-20,M02,390,26.3,Morning,OP02,65.1,Up to Date,401
2025-01-05,M07,441,5.4,Afternoon,OP07,62.2,Up to Date,451
2025-10-16,M05,487,16.5,Morning,OP03,66.7,Due Soon,499
2025-07-22,M06,580,7.5,Afternoon,OP08,72.4,Due Soon,591
2025-07-10,M08,399,6.0,Morning,OP05,72.0,Up to Date,412
2025-01-28,M01,469,9.9,Morning,OP01,60.6,Up to Date,478
2025-03-03,M06,589,18.9,morning,OP04,62.9,Up to Date,598
22/11/2025,M02,416,10.1,Morning,OP02,59.7,Up to Date,426
2025-11-17,M06,466,1.8,Night,OP13,78.7,Overdue,527
2025-09-21,M08,402,27.2,Morning,OP03,66.3,Up to Date,406
2025-01-31,M-04,389,6.6,Night,OP11,58.0,Up to Date,396
2025-05-26,M06,596,7.4,Afternoon,OP09,72.2,Up to Date,610
2025-02-21,M02,,165.0,Morning,OP02,57.9,In Progress,278
2025-06-27,M02,415,13.9,Afternoon,OP07,65.5,Up to Date,420
2025-04-26,M03,620,5.7,Morning,OP03,68.0,Up to Date,638
2025-02-18,M07,430,15.0,Night,OP12,61.4,Up to Date,435
2025-02-25,M06,595,5.1,Afternoon,OP10,65.7,Up to Date,608
2025-09-15,M04,388,4.4,Morning,OP02,66.2,Up to Date,394
2025-11-15,M07,443,0.9,night,OP11,63.7,Up to Date,453
2025-11-19,M06,31,450.0,Morning,OP03,80.1,Overdue,35
2025-07-12,M04,388,9.3,Night,OP12,70.2,Due Soon,395
2025-01-05,M07,327,119.3,Morning,OP02,57.6,Up to Date,335
2025-07-27,M01,463,13.7,Afternoon,OP06,72.6,Up to Date,468
2025-10-07,M07,427,17.1,Night,OP11,65.1,Up to Date,429
2025-01-16,M08,400,9.7,Morning,OP03,63.0,Up to Date,407
2025-05-02,M04,398,14.8,Afternoon,OP07,68.2,Up to Date,404
2025-12-10,M08,367,8.7,Afternoon,OP08,65.8,Up to Date,379
2025-10-02,M02,408,14.6,Night,OP11,62.1,Up to Date,421
2025-07-05,M01,448,10.3,Morning,OP01,72.3,Up to Date,455
2025-08-17,M07,421,13.8,Afternoon,OP06,,Up to Date,429
2025-05-10,M01,449,23.4,Night,OP12,70.7,Up to Date,458
2025-02-27,M01,467,4.4,Morning,OP01,,Up to Date,473
2025-08-01,M06,557,19.1,Night,OP13,70.7,Overdue,579
2025-09-08,M07,445,13.5,Night,OP12,70.5,Up to Date,455
2025-10-31,M06,504,4.5,Morning,OP04,80.0,Overdue,560
2025-01-08,M03,597,2.7,Night,OP13,65.7,Up to Date,616
2025-03-30,M07,423,9.8,Night,OP12,62.7,Due Soon,429
16/10/2025,M02,383,39.8,Night,OP11,63.3,Up to Date,391
2025-11-03,m03,545,4.8,Morning,OP05,77.1,Overdue,595
2025-06-14,M04,392,6.3,Morning,OP01,67.3,Due Soon,402
2025-08-10,M06,545,19.1,Morning,OP04,73.1,Overdue,569
2025-10-21,M04,377,14.9,Morning,,66.0,Up to Date,388
2025-01-04,M04,410,26.5,Afternoon,OP07,62.4,Up to Date,414
2025-05-25,M07,429,4.7,Night,OP12,66.9,Up to Date,446
2025-05-12,M04,395,6.9,Night,OP11,65.6,Due Soon,403
2025-08-02,M06,573,27.4,Morning,OP05,71.9,Overdue,585
2025-02-25,M02,414,14.2,Afternoon,,60.5,Up to Date,426
2025-02-17,M01,438,15.9,Afternoon,OP07,64.8,Due Soon,446
2025-10-10,M07,394,27.0,Night,OP11,64.8,Up to Date,400
2025-05-20,M01,433,29.2,Afternoon,OP06,73.4,Due Soon,446
2025-02-01,M07,425,10.7,Night,OP12,60.5,Up to Date,436
2025-04-24,M04,407,10.2,Night,OP11,67.2,Up to Date,412
2025-09-11,M07,430,31.8,Morning,OP02,65.6,Up to Date,438
2025-06-15,M04,270,167.3,Morning,OP02,65.0,In Progress,276
2025-11-27,M06,496,6.4,Afternoon,OP09,78.4,Overdue,554
2025-05-23,M06,571,7.0,Night,OP14,66.0,Up to Date,584
2025-08-17,M05,483,14.5,Night,OP15,71.7,Due Soon,488
2025-04-18,M07,392,16.9,Night,OP11,65.1,Up to Date,403
2025-03-31,M04,391,9.8,Night,OP12,61.5,Up to Date,393
2025-05-22,M07,441,2.1,Afternoon,OP07,,Up to Date,450
2025-09-19,M08,377,18.3,Morning,OP04,68.8,Due Soon,387
2025-08-12,M02,418,26.9,Morning,OP02,65.3,Due Soon,422
2025-02-06,M05,522,4.3,Night,OP13,60.5,Up to Date,532
29/09/2025,M02,412,8.6,Morning,OP01,62.9,Up to Date,421
2025-12-20,M03,505,18.6,Morning,OP03,76.6,Overdue,556
2025-08-11,M05,492,43.3,Morning,OP05,72.1,Due Soon,506
2025-10-09,M04,374,14.7,Afternoon,OP06,68.7,Due Soon,381
2025-06-22,M04,365,16.7,Night,OP12,68.9,Up to Date,372
2025-11-05,M04,393,5.6,Night,OP11,60.0,Up to Date,401
2025-03-24,M08,329,66.4,Afternoon,OP10,66.4,Up to Date,334
2025-05-15,M08,351,23.9,Night,OP15,70.8,Due Soon,360
2025-04-28,M08,386,4.4,Night,OP14,64.4,Up to Date,396
2025-01-16,M08,373,11.6,Night,OP13,60.2,Up to Date,380
2025-01-16,M03,,4.8,morning,OP03,65.0,Up to Date,633
2025-01-09,M02 ,416,10.7,Morning,OP01,58.5,Up to Date,425
2025-04-03,M08,367,8.5,Afternoon,OP10,65.5,Up to Date,374
2025-03-03,M03,580,33.8,Night,OP15,64.8,Up to Date,587
2025-09-14,M06,486,54.5,Morning,OP04,73.4,Overdue,507
2025-08-22,M01,365,104.6, Afternoon ,OP07,71.2,Up to Date,373
2025-05-09,M03,619,2.0,Night,OP14,68.9,Up to Date,627
2025-12-14,M07,437,28.2,Morning,OP01,58.0,Up to Date,441
2025-05-10,M04,383,16.2,Morning,OP02,67.2,Due Soon,392
22/12/2025,M04,403,8.8,Night,OP12,60.0,Up to Date,412
2025-12-28,M01,436,21.5,Night,OP11,,Up to Date,444
2025-01-03,M01,443,31.7,Afternoon,OP06,65.3,Up to Date,453
2025-04-20,M04,404,6.7,Afternoon,OP07,66.9,Up to Date,413
2025-10-15,M03,558,8.5,Afternoon,OP08,74.6,Overdue,599
2025-09-22,M03,568,5.9,Night,OP13,74.7,Overdue,597
2025-07-11,M06,584,8.6,Night,OP13,70.7,Up to Date,595
2025-12-07,M03,183,304.2,Night,OP13,75.6,Overdue,202
2025-09-06,M02,420,18.4,Night,OP12,67.5,Up to Date,429
2025-01-08,M01,462,13.6,Morning,OP01,62.9,Due Soon,468
2025-01-27,M07,433,20.9,Morning,OP02,60.5,Due Soon,438
2025-10-19,M08,379,4.7,Night,OP14,64.6,Due Soon,385
2025-05-22,M03,511,88.6,Afternoon,OP09,72.0,Up to Date,517
2025-05-29,M01,458,5.1,Night,OP12,67.3,Up to Date,465
2025-05-02,M04,371,11.1,Night,OP11,68.2,Up to Date,382
2025-08-23,M03,597,7.0,Night,OP13,72.7,Overdue,605
2025-12-16,M08,355,26.0,Night,OP15,64.3,Due Soon,364
2025-12-27,M06,194,299.5,Morning,OP03,78.3,Overdue,215
2025-03-31,M08,382,1.9,Night,OP14,65.1,Up to Date,390
2025-08-17,M07,429,12.2,Night,OP12,68.4,Up to Date,439
2025-02-15,M03,596,8.8,Afternoon,OP10,64.3,Up to Date,609
2025-02-24,M08,373,9.3,Afternoon,OP08,63.6,Up to Date,381
2025-03-30,M07,429,4.3,Morning,OP01,60.8,Due Soon,437
2025-08-21,M06,548,11.4,Night,OP15,72.2,Overdue,568
2025-01-07,M05,459,36.5,Afternoon,OP09,63.5,Up to Date,477
2025-12-21,M08,371,27.4,Afternoon,OP10,67.9,Up to Date,379
2025-08-25,M04,386,9.9,Night,OP12,66.2,Up to Date,391
2025-05-10,M06,582,15.9,Afternoon,OP09,69.6,Up to Date,597
2025-08-02,M02,391,20.3,Morning,OP01,68.9,Up to Date,402
2025-06-18,m04,391,15.5,Morning,OP01,68.6,Up to Date,400
2025-12-14,M07,418,29.4,Night,OP11,63.5,Up to Date,430
2025-06-02,M02,412,22.8,NIGHT,OP12,65.8,Up to Date,418
2025-06-19,M04,396,11.7,Night,OP12,,Up to Date,406
2025-04-18,M06,540,3.2,Afternoon,OP08,67.5,Up to Date,554
2025-11-06,M05,468,14.9,Night,OP14,65.9,Overdue,493
2025-09-09,M05,454,14.5,NIGHT,OP14,73.3,Overdue,479
2025-07-13,M08,384,17.5,Morning,OP03,67.9,Due Soon,394
2025-01-08,M05,501,20.5,Morning,OP03,65.6,Up to Date,513
2025-01-07,M05,488,6.5,Night,OP13,63.4,Up to Date,504
2025-03-06,M02,419,19.3,Morning,OP01,62.9,Up to Date,428
2025-07-27,M03,573,13.7,Night,OP15,72.6,Up to Date,588
2025-05-10,M07,417,1.7,Night,OP11,66.6,Up to Date,429
2025-11-29,M08,379,9.2,Night,OP13,62.5,Up to Date,388
2025-11-26,M01,454,20.3,Night,OP12,62.3,Up to Date,460
2025-11-24,M05,480,15.3,Night,OP13,62.2,Up to Date,492
2025-01-18,M03,604,24.7,MORNING,OP04,65.0,Up to Date,622
2025-04-29,M05,483,38.7,Morning,OP03,65.6,Up to Date,495
2025-11-08,M03,485,29.3,Afternoon,OP08,76.7,Overdue,527
2025-04-21,M02,410,13.2,Morning,OP01,61.1,Up to Date,415
2025-06-21,M08,367,24.6,Night,OP15,72.4,Up to Date,379
2025-01-06,M02,434,3.8,Morning,OP01,59.6,Up to Date,445
2025-12-01,M02,424,4.9,Night,OP11,56.9,Up to Date,431
2025-05-28,M07,437,19.5,NIGHT,OP12,68.1,Up to Date,441
2025-12-16,M08,388,8.6,Morning,OP04,63.3,due soon,394
2025-04-20,M04,380,13.9,Morning,OP01,67.7,Up to Date,386
2025-01-07,M05,524,12.6,Morning,OP03,64.1,Up to Date,534
18/09/2025,M02,435,1.8,Afternoon,OP07,64.0,Up to Date,449
2025-12-20,M06,460,9.1,Night,OP13,,Overdue,513
2025-07-19,M03,657,1.4,Morning,OP05,69.4,Up to Date,674
09/11/2025,M03,504,17.6,Night,OP14,74.4,Overdue,552
2025-03-03,M08,403,3.4,morning,OP04,66.9,Up to Date,413
21/10/2025,M08,358,24.9,Night,OP13,68.2,Up to Date,366
2025-12-28,M03,32,450.0,Night,OP13,78.4,Overdue,36
2025-02-12,M01,464,3.8,Afternoon,OP07,60.8,Up to Date,476
2025-03-27,M03,604,9.4,Afternoon,OP09,63.3,Up to Date,615
2025-11-12,M06,423,67.7,Afternoon,OP10,78.3,Overdue,476
2025-10-19,M05,466,26.2,Night,OP14,67.0,Overdue,479
2025-10-22,M06,421,71.1,Night,OP13,82.5,Overdue,470
2025-01-10,M05,518,10.7,Afternoon,OP08,62.9,Up to Date,531
2025-02-13,M04,410,13.7,Afternoon,OP06,62.6,Due Soon,417
2025-03-24,M03,635,6.2,morning,OP05,64.0,Up to Date,650
2025-11-06,M08,400,6.8,Afternoon,OP09,68.7,Up to Date,407
2025-12-07,M08,393,2.9,Afternoon,OP08,65.2,Up to Date,400
2025-11-07,M08,381,11.8,Afternoon,OP08,67.4,Up to Date,388
2025-01-15,M04,395,9.6,Night,OP12,62.0,Up to Date,406
2025-04-04,M01,439,16.4,Afternoon,OP07,65.3,Up to Date,446
2025-06-08,M04,386,13.5,Night,OP11,68.7,Due Soon,391
2025-03-01,M03,627,1.4,Afternoon,OP09,64.7,Up to Date,642
2025-10-12,M08,380,9.0,Morning,OP03,65.8,Up to Date,388
2025-12-08,M03,319,180.5,Afternoon,OP09,82.1,Overdue,357
2025-09-19,M05,461,20.8,Night,OP15,66.9,Up to Date,472
2025-10-13,M07,397,34.1,Night,OP12,65.1,Up to Date,406
2025-05-25,M02,365,57.3,Night,OP12,63.9,Up to Date,372
2025-02-20,M06,570,10.0,Night,OP14,63.1,up to date,581
2025-06-01,M02,419,11.8,Morning,OP01,63.9,Up to Date,427
2025-01-25,M02,384,36.1,Morning,OP01,56.8,Up to Date,397
2025-11-02,M01,461,17.6,Morning,OP02,64.3,Up to Date,473
2025-09-21,M08,389,8.3,Afternoon,OP09,69.0,Up to Date,400
2025-06-21,M08,389,9.7,Afternoon,OP09,70.5,Up to Date,394
2025-07-26,M04,393,4.1,Night,OP12,68.9,Up to Date,399
2025-07-17,M06,579,14.7,Morning,OP05,67.3,Due Soon,594
2025-03-23,M08,362,13.9,Night,OP15,65.9,Up to Date,369
2025-05-16,M03,589,12.3,Night,OP15,68.5,Up to Date,598
2025-10-07,M03,558,2.4,Morning,OP04,73.0,Overdue,587
2025-05-03,M06,578,2.6,Morning,OP05,65.9,Up to Date,588
2025-03-06,M05,529,3.9,Morning,OP05,63.3,Up to Date,539
2025-09-22,M02,396,28.6,Night,OP11,64.5,Up to Date,403
2025-08-21,M05,482,26.1,Afternoon,OP09,70.2,Overdue,496
2025-12-22,M03,445,19.1,Night,OP15,78.0,Overdue,500
2025-01-27,M02,405,13.7,Afternoon,OP06,60.6,Up to Date,414
2025-11-18,M06,478,3.6,Night,OP13,78.3,Overdue,542
2025-05-22,M04,401,12.3,Night,OP11,65.5,Up to Date,410
2025-10-08,M08,365,15.2,Night,OP13,66.4,Up to Date,373
2025-07-31,M03,609,4.8,Morning,OP03,71.3,Up to Date,624
2025-09-30,M06,336,172.0,Afternoon,OP08,73.4,Overdue,360
2025-07-02,M08,389,2.3,Afternoon,OP08,70.3,Up to Date,395
2025-07-26,M07,443,11.8,Night,OP12,67.9,Due Soon,452
2025-08-03,M01,438,10.2,Night,OP11,71.0,Up to Date,441
2025-05-14,M02,296,142.8,Morning,OP01,65.8,In Progress,304
2025-07-10,M08,378,5.4,Night,OP15,73.2,Up to Date,385
2025-11-13,M06,86,397.4,Morning,OP05,78.1,Overdue,97
2025-06-10,M05,515,11.0,Afternoon,OP09,70.9,Due Soon,530
2025-11-29,M05,499,8.9, Night ,OP13,65.4,Up to Date,510
2025-11-02,M02,430,9.7,Morning,OP02,64.3,Up to Date,441
2025-10-04,M02,430,16.4,Afternoon,OP06,64.5,Up to Date,437
2025-11-20,M06,57,423.4,Afternoon,OP08,80.1,Overdue,64
2025-07-21,M03,607,10.5,Morning,OP04,72.4,Up to Date,620
2025-11-22,M02,427,3.1,Night,OP11,60.9,Up to Date,432
2025-03-08,M01,453,6.3,Morning,OP02,,Up to Date,463
2025-10-23,M02,428,9.8,Afternoon,OP06,62.3,Up to Date,437
2025-04-24,M01,443,11.7,Afternoon,OP06,68.0,Up to Date,454
2025-04-09,M03,579,19.4,Afternoon,OP08,66.5,Up to Date,595
2025-05-15,M07,438,17.0,Morning,OP02,68.2,Up to Date,447
2025-06-06,M06,590,10.7,Night,OP15,71.5,Up to Date,611
21/08/2025,M07,452,11.0,Afternoon,OP06,,Up to Date,463
2025-06-08,M03,437,171.4,Morning,OP05,70.3,In Progress,447
2025-11-15,M05,504,2.0,Morning,OP04,61.9,Up to Date,516
13/10/2025,M01,467,12.8,Morning,OP01,65.9,Due Soon,474
2025-01-08,M05,495,10.9,Night,OP13,60.4,Up to Date,508
2025-09-03,M03,596,5.3,Night,OP13,73.2,Overdue,621
2025-10-16,M01,464,1.1,Morning,OP01,66.0,Due Soon,476
2025-04-04,M05,478,24.7,Afternoon,OP08,64.2,Up to Date,493
2025-05-12,M05,519,12.2,Morning,OP03,68.5,Due Soon,534
2025-12-27,M08,380,14.8,Morning,OP04,60.1,Up to Date,390
2025-02-08,M03,449,145.7,Morning,OP05,63.7,In Progress,458
2025-02-28,M05,504,11.5,Morning,OP05,62.7,Up to Date,509
2025-11-21,M01,453,7.3,Night,OP12,61.7,Due Soon,460
2025-04-05,M01,462,5.6,Morning,OP02,61.3,Up to Date,473
2025-03-14,M03,457,131.4,Morning,OP03,65.2,Up to Date,470
2025-09-13,M06,517,-15.0,Night,OP15,78.3,Overdue,553
2025-12-11,M01,465,15.5,Afternoon,OP07,66.0,Up to Date,477
2025-06-03,M07,301,150.9,Morning,OP02,65.2,In Progress,308
2025-11-13,M05,512,2.3,Morning,OP05,67.1,Up to Date,533
2025-10-26,M07,439,21.0,Morning,OP01,,Due Soon,447
2025-08-11,M06,566,15.8,Morning,OP04,74.2,Overdue,585
2025-12-17,M03,476,24.9,Afternoon,OP09,78.9,Overdue,539
2025-01-02,M02,409,18.6,Morning,OP01,58.5,Up to Date,418
2025-03-16,M06,578,10.1,Night,OP13,65.2,Up to Date,600
2025-11-14,M06,476,21.7,Morning,OP03,76.5,Overdue,535
2025-08-03,M04,403,9.4,Afternoon,OP06,71.2,Up to Date,416
2025-04-18,M03,582,41.3,Afternoon,OP10,68.2,Up to Date,593
2025-02-22,M05,512,2.4,Morning,OP04,62.9,Up to Date,526
2025-06-17,M02,380,36.1,Night,OP12,69.3,Up to Date,390
2025-10-28,M05,497,3.4,Afternoon,OP08,69.7,Overdue,507
2025-09-17,M04,390,25.9,Afternoon,OP06,69.0,Up to Date,400
2025-01-06,M01,470,27.6,Afternoon,OP07,61.3,Up to Date,474
2025-12-16,M01,441,14.6,Afternoon,OP07,67.3,Up to Date,451
2025-11-20,M06,471,13.9,Morning,OP04,79.7,Overdue,529
2025-04-08,M03,566,16.6,Night,OP14,65.4,Up to Date,582
2025-02-13,M06,590,7.0,Afternoon,OP10,61.6,Up to Date,605
2025-07-24,M05,524,8.2,Morning,OP04,72.9,Up to Date,532
2025-08-27,M01,452,9.6,Afternoon,OP07,69.3,Up to Date,466
2025-11-15,M06,476,7.5,Night,OP14,76.5,Overdue,535
2025-05-12,M06,584,15.8,Night,OP15,70.4,Due Soon,593
2025-08-04,M03,633,7.6,Morning,OP03,,Due Soon,653
2025-06-11,M05,504,2.6,Night,OP13,70.1,Due Soon,513
2025-06-24,M07,442,4.7,Afternoon,OP06,,Up to Date,447
2025-05-06,M07,427,32.4,Afternoon,OP07,66.1,Up to Date,436
2025-05-01,M02,422,13.5,Afternoon,OP06,63.3,Up to Date,431
2025-10-17,M02 ,418,5.8,Night,OP12,62.3,Up to Date,427
2025-12-22,M03,502,9.8,Morning,OP03,75.9,Overdue,560
2025-03-10,M08,380,23.7,Afternoon,OP10,62.5,Due Soon,390
2025-03-11,M02,427,6.3,Night,OP12,59.7,Up to Date,437
2025-05-29,M08,386,8.6,Afternoon,OP09,,Up to Date,395
2025-08-11,M08,373,7.8,Night,OP14,72.7,Due Soon,378
2025-05-15,M08,387,12.6,Morning,OP05,67.7,Due Soon,397
2025-05-21,M01,451,,Night,OP11,69.2,Up to Date,455
2025-02-19,M05,502,11.6,Afternoon,OP10,70.4,Up to Date,507
2025-08-31,M08,367,3.4,Night,OP15,69.9,Up to Date,374
2025-11-07,M02,410,11.0,Afternoon,OP06,62.1,Up to Date,421
2025-07-12,M05,533,3.0,Morning,OP05,72.5,Due Soon,544
2025-12-08,M04,385,11.8,Afternoon,OP06,60.7,Up to Date,396
2025-04-05,M08,405,10.6,Morning,OP04,66.1,Up to Date,410
2025-03-03,M04,393,7.0,Night,OP11,58.4,Up to Date,401
2025-09-05,M03,637,2.0,Morning,OP05,70.8,Overdue,661
2025-01-03,M06,607,1.9,Afternoon,OP10,63.9,Up to Date,616
2025-04-07,M03,455,143.9,Morning,OP04,68.0,In Progress,466
2025-08-24,M02,393,13.7,Night,OP12,61.7,Up to Date,404
2025-10-28,M02,412,8.2,Night,OP11,0.0,Up to Date,421
2025-04-26,M08,342,40.4,Night,OP13,66.7,Up to Date,350
2025-06-01,M02,415,20.4,Afternoon,OP07,67.6,Up to Date,423
2025-06-26,M08,397,6.3,Morning,OP05,71.5,Up to Date,404
2025-09-28,M06,524,16.4,Afternoon,OP09,77.2,Overdue,561
21/03/2025,M02,428,18.4,Afternoon,OP06,63.1,Up to Date,433
2025-07-13,M08,381,21.1,Night,OP13,70.7,Due Soon,387
2025-12-24,M02,429,13.0,Afternoon,OP06,60.6,Up to Date,436
2025-10-09,M08,383,17.5,Night,OP14,67.5,Up to Date,389
2025-08-12,M07,415,26.7,Night,OP12,67.5,Up to Date,427
2025-02-20,M05,498,7.5,Night,OP13,61.1,Up to Date,512
2025-05-28,M07,460,5.5,Morning,OP01,67.5,Up to Date,468
2025-05-05,M05,495,25.5,Night,OP14,68.6,Up to Date,506
2025-01-03,M02,428,5.9,Afternoon,OP07,61.8,Up to Date,436
2025-03-10,M06,581,20.7,Morning,OP04,62.9,Up to Date,588
2025-04-28,M03,615,7.2,Afternoon,OP10,69.3,Up to Date,619
2025-03-19,M02,416,10.8,Afternoon,OP06,61.6,Due Soon,427
2025-03-03,M06,576,16.0,Night,OP14,,Up to Date,590
2025-02-09,M02,396,5.8,Night,OP11,59.5,Up to Date,408
2025-02-13,M08,402,3.8,Morning,OP05,63.7,Up to Date,407
2025-11-05,M02,392,20.0,Morning,OP02,60.1,Up to Date,398
2025-12-24,M02,393,10.1,Morning,OP01,,Up to Date,402
2025-03-01,M02,414,4.4,Night,OP12,,Up to Date,420
2025-05-17,M08,386,1.0,Morning,OP03,68.0,Due Soon,393
2025-09-14,M06,535,15.6,Afternoon,OP08,75.8,Overdue,564
2025-09-15,M03,368,171.5,Morning,OP05,74.2,Overdue,385
2025-09-21,M01,446,7.8,Morning,OP02,67.4,Up to Date,460
2025-02-28,M08,391,8.2,Afternoon,OP08,63.5,Up to Date,398
2025-12-30,M01,467,1.5,Morning,OP01,58.7,Up to Date,474
2025-01-04,M01,473,16.6,Morning,OP02,64.3,Up to Date,481
2025-08-10,M06,531,32.7,Night,OP13,72.3,Overdue,551
2025-05-08,M02,416,14.3,Night,OP11,62.7,Up to Date,424
2025-03-17,m03,614,16.9,Afternoon,OP08,67.5,Up to Date,617
2025-04-16,M06,568,15.3,Night,OP14,65.4,Due Soon,580
2025-02-19,M03,627,7.8,Night,OP14,64.1,Up to Date,630
2025-11-08,M07,458,9.5,Morning,OP02,66.2,Up to Date,462
2025-04-10,M03,646,11.1,morning,OP03,68.2,Up to Date,652
2025-02-25,M01,415,43.7,Afternoon,OP06,66.5,Up to Date,416
2025-02-07,M08,354,17.6,Morning,OP05,61.1,Due Soon,366
2025-07-23,M01,463,11.4,Afternoon,OP06,73.9,Up to Date,476
2025-04-22,M02,414,13.0,Night,OP11,63.8,Up to Date,419
2025-06-25,M02,403,9.6,Afternoon,OP06,66.8,Up to Date,416
2025-04-27,M02,427,2.3,Morning,OP02,60.3,Up to Date,438
2025-05-27,M06,575,21.0,Morning,OP05,68.5,Up to Date,586
2025-10-28,M05,480,23.9,Night,OP13,71.1,Overdue,495
2025-08-11,M01,482,4.8,Night,OP12,72.0,Up to Date,491
2025-09-25,M01,468,17.4,Night,OP12,63.3,Up to Date,485
2025-02-14,M06,615,9.0,Morning,OP05,62.9,Up to Date,624
2025-03-17,M01,462,11.6,Afternoon,OP07,64.1,Due Soon,474
2025-05-05,M01,407,63.7,Morning,OP02,68.4,Up to Date,415
2025-07-22,M08,377,19.9,Morning,OP03,70.5,Up to Date,384
2025-05-01,M07,431,10.5,Morning,OP01,63.9,Due Soon,438
2025-05-13,M04,363,31.1,Morning,OP01,67.1,Due Soon,370
2025-07-04,M03,634,9.0,Afternoon,OP10,70.2,Due Soon,648
2025-08-05,M01,471,9.3,Morning,OP01,71.1,Up to Date,481
2025-06-24,M04,380,20.5,Night,OP12,67.2,Up to Date,389
2025-01-23,M03,606,14.5,Afternoon,OP09,63.7,Up to Date,614
2025-03-15,M01,464,8.7,Afternoon,OP07,64.5,Up to Date,471
2025-03-27,M01,474,10.7,Afternoon,OP07,66.3,Up to Date,481
2025-05-23,M08,366,30.2,Afternoon,OP08,67.6,Up to Date,373
2025-02-26,M07,424,5.3,Afternoon,OP06,63.3,Due Soon,426
2025-12-01,M01,469,8.5,Afternoon,OP06,65.7,Up to Date,476
2025-08-22,M06,,30.1,Afternoon,OP08,77.9,Overdue,533
2025-10-13,M02,417,3.0,Morning,OP02,65.4,Due Soon,426
2025-07-09,M02,412,22.2,Night,OP12,66.1,Due Soon,417
2025-01-12,M04,381,15.1,Afternoon,OP07,62.6,Up to Date,391
2025-02-13,M07,442,14.5,Afternoon,OP06,66.7,Up to Date,449
2025-06-13,M07,442,6.5,Afternoon,OP07,71.4,Up to Date,448
2025-12-10,M02,386,36.3,Night,OP11,56.8,Due Soon,395
2025-05-16,M05,530,11.6,Afternoon,OP10,69.7,Up to Date,535
2025-09-10,M02,414,14.3,Afternoon,OP06,67.2,Due Soon,423
2025-03-14,M06,603,5.3,Afternoon,OP10,64.0,Up to Date,619
2025-01-18,M05,494,11.2,Afternoon,OP08,61.2,Up to Date,505
2025-01-29,M04,392,11.2,Night,OP11,59.9,Up to Date,400
2025-05-13,M02,378,40.9,Night,OP11,65.2,Due Soon,385
2025-09-15,M04,377,39.5,Night,OP12,67.9,Up to Date,383
2025-12-18,M01,459,27.4,Morning,OP02,59.7,Due Soon,468
2025-12-21,M01,464,14.1,Afternoon,OP07,65.6,Up to Date,477
2025-11-23,M07,423,5.2,Morning,OP02,63.3,Due Soon,432
2025-07-08,M02,404,1.4,Afternoon,OP06,68.6,Due Soon,412
2025-04-30,M05,492,10.7,Night,OP14,66.5,Up to Date,498
2025-09-14,M07,399,33.9,Night,OP11,67.7,Up to Date,409
2025-10-26,M02,407,20.0,Night,OP12,60.1,Up to Date,416
2025-06-18,M01,454,6.0,Afternoon,OP06,71.8,Due Soon,463
2025-12-12,M07,432,16.1,Night,OP11,61.3,Up to Date,446
2025-05-18,M01,425,38.3,Afternoon,OP07,70.1,Due Soon,435
2025-03-22,M02,413,13.5,Morning,OP02,62.7,Up to Date,422
2025-03-13,M01,460,6.0,Morning,OP01,60.4,Up to Date,469
2025-12-01,M01,453,23.1,Morning,OP02,59.0,Up to Date,464
2025-08-12,M06,596,6.0,Morning,OP04,70.1,overdue,625
2025-01-04,M07,453,3.7,Morning,OP02,61.5,Up to Date,464
2025-05-11,M04,385,7.5,Morning,OP02,65.2,Due Soon,394
2025-12-07,M06,371,120.0,Night,OP13,77.1,Overdue,413
2025-07-23,M04,393,1.3,Night,OP11,68.2,Up to Date,399
2025-03-30,M01,444,12.6,Afternoon,OP07,62.3,Up to Date,454
2025-02-26,M04,404,15.1,Morning,OP02,62.5,Up to Date,409
2025-08-01,M08,396,15.0,Morning,OP05,69.3,Up to Date,407
2025-07-17,M04,415,6.6,Afternoon,OP07,69.9,Up to Date,425
2025-07-17,M07,420,24.8,Afternoon,,69.8,Up to Date,429
2025-07-01,M01,457,11.5,Night,OP11,68.8,Up to Date,471
2025-02-03,M08,361,13.6,Night,OP14,62.3,Up to Date,367
2025-11-04,M07,418,9.7,Morning,OP01,66.2,Up to Date,426
2025-08-23,M01,465,15.6,afternoon,OP07,70.9,Up to Date,478
2025-03-25,M06,571,13.5,Night,OP13,66.2,Up to Date,585
2025-04-04,M02,432,3.0,Night,OP12,62.1,Up to Date,442
2025-01-21,M01,,29.5,Morning,OP02,60.7,Overdue,461
2025-03-09,M01,464,11.7,Afternoon,OP06,66.2,Up to Date,469
2025-06-20,M03,611,12.7,Morning,OP03,73.2,Up to Date,622
2025-03-08,M06,582,1.3,Night,OP14,63.6,Up to Date,597
2025-10-05,M03,521,28.7,Night,OP14,74.6,Overdue,560
24/07/2025,M05,520,4.6,Afternoon,OP09,72.4,Up to Date,524
2025-05-29,M04,449.65,23.5,Afternoon,OP06,67.6,Up to Date,391
2025-07-11,M05,514,3.9,Afternoon,OP08,72.0,Due Soon,528
2025-01-03,M05,484,21.5,Afternoon,OP09,66.8,Up to Date,493
2025-05-22,M01,475,7.5,Afternoon,OP07,69.8,Up to Date,484
2025-07-27,M08,361,8.6,Night,OP14,72.1,Up to Date,366
2025-06-29,M03,597,5.3,Night,OP13,69.4,Up to Date,609
2025-11-04,M06,500,4.1,Morning,OP05,77.0,Overdue,552
2025-01-18,M02,412,8.7,Morning,OP02,56.6,Up to Date,419
2025-04-12,M08,377,18.2,Morning,OP05,65.3,Due Soon,385
2025-07-20,M03,610,5.5,Night,OP14,73.1,Up to Date,619
2025-03-24,M07,410,32.4,Afternoon,OP06,66.3,Up to Date,416
2025-06-18,M04,401,14.2,Afternoon,OP06,66.7,Up to Date,407
2025-02-05,M02,410,9.6,Afternoon,OP07,59.4,Up to Date,420
2025-03-31,M07,447,11.6,Night,OP12,63.0,Due Soon,451
2025-08-06,M06,549,14.8,Night,OP14,72.3,Overdue,566
2025-08-12,M01,445,14.9,Morning,OP01,72.3,Up to Date,460
2025-10-30,M04,403,8.5,Morning,OP02,65.0,Up to Date,412
2025-12-20,M07,442,4.8,Morning,OP02,60.8,Up to Date,454
2025-01-08,M06,552,17.1,Night,OP15,,Up to Date,562
2025-01-14,M07,333,122.5,Afternoon,,59.4,Up to Date,338
2025-05-21,M05,512,5.1,Night,OP13,67.3,Up to Date,519
2025-01-06,M05,496,11.6,Morning,OP04,,Up to Date,510
2025-02-02,M06,600,12.6,Morning,OP05,63.4,Up to Date,604
2025-10-07,M04,395,8.3,Night,OP11,66.7,Due Soon,400
2025-04-24,M03,630,4.9,Morning,OP03,65.6,Up to Date,638
2025-07-13,M06,,7.6,Morning,OP05,71.4,Up to Date,595
2025-09-25,M04,396,16.1,Morning,OP01,67.1,Up to Date,404
2025-10-11,M04,402,21.6,MORNING,OP01,66.4,Due Soon,408
2025-05-06,M04,357,32.4,Night,OP11,68.5,Up to Date,365
2025-09-16,M01,458,12.2,Morning,OP02,65.8,Due Soon,467
2025-07-06,M04,375,16.5,Afternoon,OP06,67.5,Up to Date,385
2025-05-04,M03,730.25,12.3,Morning,OP04,69.9,Due Soon,635
2025-11-16,M01,470,2.9,Morning,OP01,64.5,Due Soon,482
2025-03-04,M06,630,7.5,Morning,OP03,62.3,Up to Date,638
2025-01-03,M04,373,25.4,Night,OP11,62.4,Up to Date,379
2025-10-01,M04,397,9.2,Morning,OP02,63.9,Up to Date,406
2025-08-20,M03,617,6.6,Night,OP13,74.6,Overdue,639
2025-08-04,M04,394,20.1,Afternoon,OP07,69.1,Up to Date,399
2025-06-13,M07,442,15.4,Morning,OP02,67.7,Up to Date,449
2025-01-10,M05,499,2.7,Night,OP15,59.7,Up to Date,510
2025-08-11,M02,414,11.9,Morning,OP01,68.1,Due Soon,426
2025-09-29,M05,508,7.9,Night,OP15,68.6,Up to Date,519
2025-08-11,M03,640,8.3,Afternoon,OP08,75.0,Due Soon,658
2025-03-15,M02,392,23.4,Night,OP11,60.0,Up to Date,401
2025-01-16,M06,605,6.2,Morning,OP05,61.6,Due Soon,618
2025-07-20,M08,316,101.3,Morning,OP05,72.6,Up to Date,322
2025-08-15,M08,407,3.7,MORNING,OP03,71.3,Due Soon,411
2025-07-30,M05,490,11.7,Afternoon,OP08,72.0,Up to Date,497
2025-03-17,M04,387,21.9,Night,OP11,62.9,Up to Date,392
2025-02-13,M02,403,5.3,Night,OP12,57.7,Up to Date,411
2025-08-29,M03,560,6.8,Night,OP13,74.1,Overdue,583
2025-03-02,M08,367,6.8,Night,OP13,63.9,Up to Date,371
2025-01-02,M02,418,17.2,Afternoon,OP06,57.7,Up to Date,431
2025-08-14,M03,611,25.9,Morning,OP05,73.5,Due Soon,623
2025-05-15,M05,550,2.3,Morning,OP05,67.4,Due Soon,564
2025-10-19,M01,456,15.3,Afternoon,OP07,68.6,Due Soon,466
2025-12-30,M02,402,40.9,Afternoon,OP07,61.5,Up to Date,412
2025-01-21,M02,406,17.1,Afternoon,OP07,59.2,Up to Date,420
2025-09-03,M02,428,8.4,Afternoon,OP07,66.6,Up to Date,437
2025-11-02,M02,423,17.8,Night,OP11,61.0,Up to Date,427
2025-12-14,M03,305,184.8,Afternoon,OP09,81.6,Overdue,344
2025-05-03,M04,386,3.8,Afternoon,OP06,69.3,Up to Date,394
2025-07-11,M06,604,23.2,Morning,OP03,67.8,Up to Date,615
2025-09-09,M03,600,12.3,Afternoon,OP09,78.9,Overdue,632
2025-06-27,M03,622,4.9,Night,OP14,71.6,Up to Date,635
2025-11-04,M06,516,3.2,Afternoon,OP09,79.1,Overdue,575
2025-06-28,M01,427,26.7,Night,OP11,70.3,Up to Date,436
2025-12-27,M05,477,25.2,Night,OP14,63.8,Overdue,488
2025-06-03,M08,390,6.8,Afternoon,OP08,70.9,Up to Date,396
2025-10-31,M08,348,24.0,Night,OP14,67.9,Up to Date,358
2025-01-08,M06,617,9.8,Afternoon,OP09,59.1,Up to Date,629
2025-05-09,M05,536,15.9,Morning,OP03,68.5,Up to Date,546
2025-01-26,M04,391,13.4,Afternoon,OP06,60.3,Up to Date,401
2025-07-08,M02,420,0.3,Morning,OP01,64.6,Due Soon,427
2025-09-19,M02,421,12.5,Morning,OP02,65.1,Up to Date,429
2025-11-15,M01,453,20.0,Afternoon,OP06,62.9,Due Soon,466
2025-12-28,M07,426,15.1,Afternoon,OP06,61.7,Due Soon,432
2025-05-27,M05,481,19.3,Afternoon,OP08,69.9,up to date,492
2025-09-01,M04,382,30.4,Night,OP11,64.9,Up to Date,392
2025-08-12,M02,416,12.7,Night,OP12,61.7,Due Soon,424
2025-08-03,M02,411,21.2,Morning,OP01,,Up to Date,420
2025-03-01,M05,399,124.2,Morning,OP03,62.7,Up to Date,410
2025-06-30,M02,411,3.3,Night,OP12,63.4,Up to Date,418
2025-01-09,M01,439,25.5,Morning,OP01,62.1,Due Soon,446
2025-06-01,M07,427,23.0,Afternoon,OP06,68.5,Due Soon,433
2025-02-07,M04,380,8.0,Night,OP11,60.5,Up to Date,389
2025-05-11,M08,373,12.8,Night,OP15,69.9,Up to Date,379
2025-11-26,M06,469,1.1,Afternoon,OP10,80.4,Overdue,532
2025-07-22,M03,567,31.5,Morning,OP03,72.9,Up to Date,573
2025-07-18,M05,486,19.2,Night,OP15,70.0,Up to Date,499
2025-03-12,M04,386,7.7,Morning,OP02,64.8,Due Soon,395
2025-10-16,M03,379,138.3,Afternoon,OP10,75.0,Overdue,407
2025-06-28,M05,484,8.1,Night,OP13,69.9,Up to Date,498
2025-07-07,M05,500,30.2,Night,OP13,67.4,Due Soon,510
2025-03-04,M07,442,9.2,Night,OP11,61.4,Up to Date,449
2025-05-30,M05,502,12.5,Morning,OP04,71.1,Up to Date,518
2025-02-09,M01,439,12.4,Night,OP11,61.7,Up to Date,449
2025-03-03,M03,619,7.5,Afternoon,OP09,68.3,Up to Date,631
2025-10-12,M05,538,3.7,Morning,OP03,66.9,Due Soon,542
2025-01-13,M03,605,14.4,Night,OP13,64.1,Up to Date,617
2025-02-09,M05,510,8.2,Morning,OP04,59.6,Up to Date,523
2025-03-09,M06,596,20.1,Morning,OP04,62.6,Up to Date,601
2025-08-25,M03,597,6.9,Afternoon,OP10,74.5,Overdue,617
2025-10-23,M02,420,0.9,Morning,OP01,62.6,Up to Date,429
2025-04-23,M07,418,24.9,Morning,OP01,64.2,Up to Date,430
2025-12-14,M05,464,17.0,Night,OP15,65.8,Due Soon,477
2025-03-21,M06,583,14.2,Night,OP13,67.5,Up to Date,599
2025-08-30,M06,512,27.7,Night,OP13,73.4,Overdue,536
2025-10-09,M06,317,179.6,Afternoon,OP08,78.8,Overdue,348
2025-10-16,M03,400,135.0,Morning,OP03,73.7,Overdue,424
2025-08-07,M05,428,78.0,Morning,OP03,69.1,Up to Date,436
2025-12-23,m06,509,8.9,Morning,OP03,74.1,Overdue,563
2025-01-30,M02,407,16.2,Morning,OP01,53.2,Up to Date,412
2025-12-25,M06,497,1.9,Morning,OP03,77.5,overdue,554
2025-01-25,M03,619,8.4,Night,OP13,64.0,Up to Date,630
2025-03-31,M06,577,18.8,Morning,OP04,64.1,up to date,592
2025-05-31,M08,335,56.9,Afternoon,OP08,69.7,Up to Date,341
2025-10-23,M06,393,116.1,Afternoon,OP10,77.3,Overdue,432
2025-12-16,M05,487,0.5,Night,OP15,62.7,Overdue,498
2025-07-05,M02,432,15.9,Afternoon,OP06,67.1,Up to Date,437
2025-09-24,M03,420,116.6,Afternoon,OP10,78.5,Overdue,448
2025-12-17,M07,467,4.8,Morning,OP02,62.6,Up to Date,476
2025-10-04,M06,360,155.6,Afternoon,OP08,0.0,Overdue,389
2025-08-14,M07,419,8.7,Morning,OP02,66.3,Up to Date,430
2025-03-17,M08,362,35.3,Afternoon,OP09,68.2,Up to Date,369
2025-05-20,M06,606,18.3,Night,OP14,66.0,Up to Date,615
2025-06-29,M05,497,0.6,Morning,OP05,67.7,Up to Date,507
